<?xml version="1.0" encoding="UTF-8"?><Broker>
<CompiledApplication>
<ConfigurableProperty uri="startMode"/>
</CompiledApplication>
<CompiledMessageFlow name="ey.oct.fisxml.EY_OCT_AFM_FISXML">
<ConfigurableProperty uri="ey.oct.fisxml.EY_OCT_AFM_FISXML#additionalInstances"/>
<ConfigurableProperty uri="ey.oct.fisxml.EY_OCT_AFM_FISXML#notificationThresholdMsgsPerSec"/>
<ConfigurableProperty uri="ey.oct.fisxml.EY_OCT_AFM_FISXML#maximumRateMsgsPerSec"/>
<ConfigurableProperty uri="ey.oct.fisxml.EY_OCT_AFM_FISXML#processingTimeoutSec"/>
<ConfigurableProperty uri="ey.oct.fisxml.EY_OCT_AFM_FISXML#processingTimeoutAction"/>
<ConfigurableProperty uri="ey.oct.fisxml.EY_OCT_AFM_FISXML#wlmPolicy"/>
<ConfigurableProperty uri="ey.oct.fisxml.EY_OCT_AFM_FISXML#commitCount"/>
<ConfigurableProperty uri="ey.oct.fisxml.EY_OCT_AFM_FISXML#commitInterval"/>
<ConfigurableProperty uri="ey.oct.fisxml.EY_OCT_AFM_FISXML#coordinatedTransaction"/>
<ConfigurableProperty uri="ey.oct.fisxml.EY_OCT_AFM_FISXML#consumerPolicySet"/>
<ConfigurableProperty uri="ey.oct.fisxml.EY_OCT_AFM_FISXML#providerPolicySet"/>
<ConfigurableProperty uri="ey.oct.fisxml.EY_OCT_AFM_FISXML#consumerPolicySetBindings"/>
<ConfigurableProperty uri="ey.oct.fisxml.EY_OCT_AFM_FISXML#providerPolicySetBindings"/>
<ConfigurableProperty uri="ey.oct.fisxml.EY_OCT_AFM_FISXML#securityProfileName"/>
<ConfigurableProperty uri="ey.oct.fisxml.EY_OCT_AFM_FISXML#monitoringProfile"/>
<ConfigurableProperty uri="ey.oct.fisxml.EY_OCT_AFM_FISXML#startMode"/>
<ConfigurableProperty uri="ey.oct.fisxml.EY_OCT_AFM_FISXML#startInstancesWhenFlowStarts"/>
<ConfigurableProperty override="EY.AFMFIS.FLTSCHREALTIME.TST.REQ" uri="ey.oct.fisxml.EY_OCT_AFM_FISXML#FISXMLInputQueue.queueName"/>
<ConfigurableProperty uri="ey.oct.fisxml.EY_OCT_AFM_FISXML#FISXMLInputQueue.connection"/>
<ConfigurableProperty uri="ey.oct.fisxml.EY_OCT_AFM_FISXML#FISXMLInputQueue.destinationQueueManagerName"/>
<ConfigurableProperty uri="ey.oct.fisxml.EY_OCT_AFM_FISXML#FISXMLInputQueue.queueManagerHostname"/>
<ConfigurableProperty uri="ey.oct.fisxml.EY_OCT_AFM_FISXML#FISXMLInputQueue.listenerPortNumber"/>
<ConfigurableProperty uri="ey.oct.fisxml.EY_OCT_AFM_FISXML#FISXMLInputQueue.channelName"/>
<ConfigurableProperty uri="ey.oct.fisxml.EY_OCT_AFM_FISXML#FISXMLInputQueue.securityIdentity"/>
<ConfigurableProperty uri="ey.oct.fisxml.EY_OCT_AFM_FISXML#FISXMLInputQueue.useSSL"/>
<ConfigurableProperty uri="ey.oct.fisxml.EY_OCT_AFM_FISXML#FISXMLInputQueue.SSLPeerName"/>
<ConfigurableProperty uri="ey.oct.fisxml.EY_OCT_AFM_FISXML#FISXMLInputQueue.SSLCipherSpec"/>
<ConfigurableProperty uri="ey.oct.fisxml.EY_OCT_AFM_FISXML#FISXMLInputQueue.serializationToken"/>
<ConfigurableProperty uri="ey.oct.fisxml.EY_OCT_AFM_FISXML#FISXMLInputQueue.topicProperty"/>
<ConfigurableProperty uri="ey.oct.fisxml.EY_OCT_AFM_FISXML#FISXMLInputQueue.resetBrowseTimeout"/>
<ConfigurableProperty uri="ey.oct.fisxml.EY_OCT_AFM_FISXML#FISXMLInputQueue.validateMaster"/>
<ConfigurableProperty uri="ey.oct.fisxml.EY_OCT_AFM_FISXML#FISXMLInputQueue.securityProfileName"/>
<ConfigurableProperty uri="ey.oct.fisxml.EY_OCT_AFM_FISXML#FISXMLInputQueue.componentLevel"/>
<ConfigurableProperty uri="ey.oct.fisxml.EY_OCT_AFM_FISXML#FISXMLInputQueue.additionalInstances"/>
<ConfigurableProperty uri="ey.oct.fisxml.EY_OCT_AFM_FISXML#FISXMLInputQueue.policyUrl"/>
<ConfigurableProperty override="EY_OCT_AFM_FISXML" uri="ey.oct.fisxml.EY_OCT_AFM_FISXML#AuditLogger.InterfaceID"/>
<ConfigurableProperty override="Received Message From Real Time Shared Service" uri="ey.oct.fisxml.EY_OCT_AFM_FISXML#AuditLogger.StatusText"/>
<ConfigurableProperty uri="ey.oct.fisxml.EY_OCT_AFM_FISXML#AuditLogger.ProcessStep"/>
<ConfigurableProperty uri="ey.oct.fisxml.EY_OCT_AFM_FISXML#AuditLogger.IsMsgDetailsRequired"/>
<ConfigurableProperty uri="ey.oct.fisxml.EY_OCT_AFM_FISXML#AuditLogger.IsPayloadRequired"/>
<ConfigurableProperty uri="ey.oct.fisxml.EY_OCT_AFM_FISXML#AuditLogger.MsgFormat"/>
<ConfigurableProperty override="I" uri="ey.oct.fisxml.EY_OCT_AFM_FISXML#AuditLogger.DataDirection"/>
<ConfigurableProperty uri="ey.oct.fisxml.EY_OCT_AFM_FISXML#AuditLogger.CharacterSet"/>
<ConfigurableProperty uri="ey.oct.fisxml.EY_OCT_AFM_FISXML#AuditLogger.MessageSizeInMB"/>
<ConfigurableProperty uri="ey.oct.fisxml.EY_OCT_AFM_FISXML#AuditLogger.MsgType"/>
<ConfigurableProperty override="true" uri="ey.oct.fisxml.EY_OCT_AFM_FISXML#AuditLogger.IsAuditLogRequired"/>
<ConfigurableProperty uri="ey.oct.fisxml.EY_OCT_AFM_FISXML#AuditLogger.IsParentChildRelationRequired"/>
<ConfigurableProperty uri="ey.oct.fisxml.EY_OCT_AFM_FISXML#AuditLogger.AuditFileRequired"/>
<ConfigurableProperty uri="ey.oct.fisxml.EY_OCT_AFM_FISXML#ConstructResXML.dataSource"/>
<ConfigurableProperty uri="ey.oct.fisxml.EY_OCT_AFM_FISXML#ConstructResXML.connectDatasourceBeforeFlowStarts"/>
<ConfigurableProperty uri="ey.oct.fisxml.EY_OCT_AFM_FISXML#ConstructResXML.validateMaster"/>
<ConfigurableProperty override="EY.AFMFIS.FLTSCHREALTIME.TST.OUT" uri="ey.oct.fisxml.EY_OCT_AFM_FISXML#FISXMLOutputQueue.queueName"/>
<ConfigurableProperty uri="ey.oct.fisxml.EY_OCT_AFM_FISXML#FISXMLOutputQueue.connection"/>
<ConfigurableProperty uri="ey.oct.fisxml.EY_OCT_AFM_FISXML#FISXMLOutputQueue.destinationQueueManagerName"/>
<ConfigurableProperty uri="ey.oct.fisxml.EY_OCT_AFM_FISXML#FISXMLOutputQueue.queueManagerHostname"/>
<ConfigurableProperty uri="ey.oct.fisxml.EY_OCT_AFM_FISXML#FISXMLOutputQueue.listenerPortNumber"/>
<ConfigurableProperty uri="ey.oct.fisxml.EY_OCT_AFM_FISXML#FISXMLOutputQueue.channelName"/>
<ConfigurableProperty uri="ey.oct.fisxml.EY_OCT_AFM_FISXML#FISXMLOutputQueue.securityIdentity"/>
<ConfigurableProperty uri="ey.oct.fisxml.EY_OCT_AFM_FISXML#FISXMLOutputQueue.useSSL"/>
<ConfigurableProperty uri="ey.oct.fisxml.EY_OCT_AFM_FISXML#FISXMLOutputQueue.SSLPeerName"/>
<ConfigurableProperty uri="ey.oct.fisxml.EY_OCT_AFM_FISXML#FISXMLOutputQueue.SSLCipherSpec"/>
<ConfigurableProperty uri="ey.oct.fisxml.EY_OCT_AFM_FISXML#FISXMLOutputQueue.queueManagerName"/>
<ConfigurableProperty uri="ey.oct.fisxml.EY_OCT_AFM_FISXML#FISXMLOutputQueue.replyToQMgr"/>
<ConfigurableProperty uri="ey.oct.fisxml.EY_OCT_AFM_FISXML#FISXMLOutputQueue.replyToQ"/>
<ConfigurableProperty uri="ey.oct.fisxml.EY_OCT_AFM_FISXML#FISXMLOutputQueue.validateMaster"/>
<ConfigurableProperty uri="ey.oct.fisxml.EY_OCT_AFM_FISXML#FISXMLOutputQueue.securityProfileName"/>
<ConfigurableProperty uri="ey.oct.fisxml.EY_OCT_AFM_FISXML#FISXMLOutputQueue.policyUrl"/>
<ConfigurableProperty uri="ey.oct.fisxml.EY_OCT_AFM_FISXML#FISXMLOutputQueue.AddRequestToGroup"/>
<ConfigurableProperty uri="ey.oct.fisxml.EY_OCT_AFM_FISXML#FISXMLOutputQueue.GroupRequestFolderName"/>
<ConfigurableProperty uri="ey.oct.fisxml.EY_OCT_AFM_FISXML#FISXMLOutputQueue.GroupRequestTimeout"/>
<ConfigurableProperty override="Response XML Sent To Output Queue" uri="ey.oct.fisxml.EY_OCT_AFM_FISXML#CaptureLog.StatusText"/>
<ConfigurableProperty uri="ey.oct.fisxml.EY_OCT_AFM_FISXML#CaptureLog.IsMsgDetailsRequired"/>
<ConfigurableProperty uri="ey.oct.fisxml.EY_OCT_AFM_FISXML#CaptureLog.IsPayloadRequired"/>
<ConfigurableProperty uri="ey.oct.fisxml.EY_OCT_AFM_FISXML#CaptureLog.MsgFormat"/>
<ConfigurableProperty override="O" uri="ey.oct.fisxml.EY_OCT_AFM_FISXML#CaptureLog.DataDirection"/>
<ConfigurableProperty uri="ey.oct.fisxml.EY_OCT_AFM_FISXML#CaptureLog.CharacterSet"/>
<ConfigurableProperty uri="ey.oct.fisxml.EY_OCT_AFM_FISXML#CaptureLog.MessageSizeInMB"/>
<ConfigurableProperty override="3b" uri="ey.oct.fisxml.EY_OCT_AFM_FISXML#CaptureLog.ProcessStep"/>
<ConfigurableProperty uri="ey.oct.fisxml.EY_OCT_AFM_FISXML#CaptureLog.IsParentChildRelationRequired"/>
<ConfigurableProperty override="contentAndValue" uri="ey.oct.fisxml.EY_OCT_AFM_FISXML#ValidateResponse.validateMaster"/>
</CompiledMessageFlow>
</Broker>