<?xml version="1.0" encoding="UTF-8"?>
<FlightScheduleRQ Version="1.0" xmlns:xsi="http://www.w3.org/2001/XMLSchema-instance" xsi:noNamespaceSchemaLocation="FlightSchedule_Request_Schema_v1.1.xsd">
	<Header>
		<SourceTrackingId>86458192-f64d-11e9-9d45-0adf7e590000</SourceTrackingId>
		<SourceSystem ShortName="RMS">RMS</SourceSystem>
		<Timestamp>2001-12-31T12:00:00</Timestamp>
	</Header>
	<Body>
		<FlightCriteria>
			<LegIdentifierCriteria>				
				<OperationTimeCriteria OperationQualifier="INB" TimeType="BKT">
					<Between>
					<RangeFrom>
					<Offset UnitOfMeasure = "Hours">-24</Offset>
					</RangeFrom>
					<RangeTo>
					<Offset UnitOfMeasure = "Hours">72</Offset>
					</RangeTo>
					</Between>
				</OperationTimeCriteria>
			</LegIdentifierCriteria>			
		</FlightCriteria>
	</Body>
</FlightScheduleRQ>