<?xml version="1.0" encoding="UTF-8"?><Broker>
<CompiledApplication>
<ConfigurableProperty uri="startMode"/>
</CompiledApplication>
<CompiledMessageFlow name="ey.aodb.opsesb.EY_OPSESB_ODS_AODB_FLIGHTUPDATE_BATCH">
<ConfigurableProperty uri="ey.aodb.opsesb.EY_OPSESB_ODS_AODB_FLIGHTUPDATE_BATCH#additionalInstances"/>
<ConfigurableProperty uri="ey.aodb.opsesb.EY_OPSESB_ODS_AODB_FLIGHTUPDATE_BATCH#notificationThresholdMsgsPerSec"/>
<ConfigurableProperty uri="ey.aodb.opsesb.EY_OPSESB_ODS_AODB_FLIGHTUPDATE_BATCH#maximumRateMsgsPerSec"/>
<ConfigurableProperty uri="ey.aodb.opsesb.EY_OPSESB_ODS_AODB_FLIGHTUPDATE_BATCH#processingTimeoutSec"/>
<ConfigurableProperty uri="ey.aodb.opsesb.EY_OPSESB_ODS_AODB_FLIGHTUPDATE_BATCH#processingTimeoutAction"/>
<ConfigurableProperty uri="ey.aodb.opsesb.EY_OPSESB_ODS_AODB_FLIGHTUPDATE_BATCH#wlmPolicy"/>
<ConfigurableProperty uri="ey.aodb.opsesb.EY_OPSESB_ODS_AODB_FLIGHTUPDATE_BATCH#commitCount"/>
<ConfigurableProperty uri="ey.aodb.opsesb.EY_OPSESB_ODS_AODB_FLIGHTUPDATE_BATCH#commitInterval"/>
<ConfigurableProperty uri="ey.aodb.opsesb.EY_OPSESB_ODS_AODB_FLIGHTUPDATE_BATCH#coordinatedTransaction"/>
<ConfigurableProperty uri="ey.aodb.opsesb.EY_OPSESB_ODS_AODB_FLIGHTUPDATE_BATCH#consumerPolicySet"/>
<ConfigurableProperty uri="ey.aodb.opsesb.EY_OPSESB_ODS_AODB_FLIGHTUPDATE_BATCH#providerPolicySet"/>
<ConfigurableProperty uri="ey.aodb.opsesb.EY_OPSESB_ODS_AODB_FLIGHTUPDATE_BATCH#consumerPolicySetBindings"/>
<ConfigurableProperty uri="ey.aodb.opsesb.EY_OPSESB_ODS_AODB_FLIGHTUPDATE_BATCH#providerPolicySetBindings"/>
<ConfigurableProperty uri="ey.aodb.opsesb.EY_OPSESB_ODS_AODB_FLIGHTUPDATE_BATCH#securityProfileName"/>
<ConfigurableProperty uri="ey.aodb.opsesb.EY_OPSESB_ODS_AODB_FLIGHTUPDATE_BATCH#monitoringProfile"/>
<ConfigurableProperty uri="ey.aodb.opsesb.EY_OPSESB_ODS_AODB_FLIGHTUPDATE_BATCH#startMode"/>
<ConfigurableProperty uri="ey.aodb.opsesb.EY_OPSESB_ODS_AODB_FLIGHTUPDATE_BATCH#startInstancesWhenFlowStarts"/>
<ConfigurableProperty override="true" uri="ey.aodb.opsesb.EY_OPSESB_ODS_AODB_FLIGHTUPDATE_BATCH#LockDownFilter"/>
<ConfigurableProperty override="'BLND','DEAF','MEDA','STCR','WCHC','WCHR','WCHS','UMNR'" uri="ey.aodb.opsesb.EY_OPSESB_ODS_AODB_FLIGHTUPDATE_BATCH#ALLOWED_SSR"/>
<ConfigurableProperty override="OPSESB_TST" uri="ey.aodb.opsesb.EY_OPSESB_ODS_AODB_FLIGHTUPDATE_BATCH#dataSource"/>
<ConfigurableProperty override="OPSESB_TST" uri="ey.aodb.opsesb.EY_OPSESB_ODS_AODB_FLIGHTUPDATE_BATCH#DB_Name"/>
<ConfigurableProperty override="ops_ods" uri="ey.aodb.opsesb.EY_OPSESB_ODS_AODB_FLIGHTUPDATE_BATCH#DB_Schema"/>
<ConfigurableProperty override="EY_A_OPSESB_AODB_FLIGHTDATA_BATCH_IN_01" uri="ey.aodb.opsesb.EY_OPSESB_ODS_AODB_FLIGHTUPDATE_BATCH#BatchInputQueue.queueName"/>
<ConfigurableProperty uri="ey.aodb.opsesb.EY_OPSESB_ODS_AODB_FLIGHTUPDATE_BATCH#BatchInputQueue.connection"/>
<ConfigurableProperty uri="ey.aodb.opsesb.EY_OPSESB_ODS_AODB_FLIGHTUPDATE_BATCH#BatchInputQueue.destinationQueueManagerName"/>
<ConfigurableProperty uri="ey.aodb.opsesb.EY_OPSESB_ODS_AODB_FLIGHTUPDATE_BATCH#BatchInputQueue.queueManagerHostname"/>
<ConfigurableProperty uri="ey.aodb.opsesb.EY_OPSESB_ODS_AODB_FLIGHTUPDATE_BATCH#BatchInputQueue.listenerPortNumber"/>
<ConfigurableProperty uri="ey.aodb.opsesb.EY_OPSESB_ODS_AODB_FLIGHTUPDATE_BATCH#BatchInputQueue.channelName"/>
<ConfigurableProperty uri="ey.aodb.opsesb.EY_OPSESB_ODS_AODB_FLIGHTUPDATE_BATCH#BatchInputQueue.securityIdentity"/>
<ConfigurableProperty uri="ey.aodb.opsesb.EY_OPSESB_ODS_AODB_FLIGHTUPDATE_BATCH#BatchInputQueue.useSSL"/>
<ConfigurableProperty uri="ey.aodb.opsesb.EY_OPSESB_ODS_AODB_FLIGHTUPDATE_BATCH#BatchInputQueue.SSLPeerName"/>
<ConfigurableProperty uri="ey.aodb.opsesb.EY_OPSESB_ODS_AODB_FLIGHTUPDATE_BATCH#BatchInputQueue.SSLCipherSpec"/>
<ConfigurableProperty uri="ey.aodb.opsesb.EY_OPSESB_ODS_AODB_FLIGHTUPDATE_BATCH#BatchInputQueue.serializationToken"/>
<ConfigurableProperty uri="ey.aodb.opsesb.EY_OPSESB_ODS_AODB_FLIGHTUPDATE_BATCH#BatchInputQueue.topicProperty"/>
<ConfigurableProperty uri="ey.aodb.opsesb.EY_OPSESB_ODS_AODB_FLIGHTUPDATE_BATCH#BatchInputQueue.resetBrowseTimeout"/>
<ConfigurableProperty uri="ey.aodb.opsesb.EY_OPSESB_ODS_AODB_FLIGHTUPDATE_BATCH#BatchInputQueue.validateMaster"/>
<ConfigurableProperty uri="ey.aodb.opsesb.EY_OPSESB_ODS_AODB_FLIGHTUPDATE_BATCH#BatchInputQueue.securityProfileName"/>
<ConfigurableProperty uri="ey.aodb.opsesb.EY_OPSESB_ODS_AODB_FLIGHTUPDATE_BATCH#BatchInputQueue.componentLevel"/>
<ConfigurableProperty uri="ey.aodb.opsesb.EY_OPSESB_ODS_AODB_FLIGHTUPDATE_BATCH#BatchInputQueue.additionalInstances"/>
<ConfigurableProperty uri="ey.aodb.opsesb.EY_OPSESB_ODS_AODB_FLIGHTUPDATE_BATCH#BatchInputQueue.policyUrl"/>
<ConfigurableProperty override="EY_A_OPSESB_AODB_BOOKEDLOAD_01" uri="ey.aodb.opsesb.EY_OPSESB_ODS_AODB_FLIGHTUPDATE_BATCH#BatchOutputQueue.queueName"/>
<ConfigurableProperty uri="ey.aodb.opsesb.EY_OPSESB_ODS_AODB_FLIGHTUPDATE_BATCH#BatchOutputQueue.connection"/>
<ConfigurableProperty uri="ey.aodb.opsesb.EY_OPSESB_ODS_AODB_FLIGHTUPDATE_BATCH#BatchOutputQueue.destinationQueueManagerName"/>
<ConfigurableProperty uri="ey.aodb.opsesb.EY_OPSESB_ODS_AODB_FLIGHTUPDATE_BATCH#BatchOutputQueue.queueManagerHostname"/>
<ConfigurableProperty uri="ey.aodb.opsesb.EY_OPSESB_ODS_AODB_FLIGHTUPDATE_BATCH#BatchOutputQueue.listenerPortNumber"/>
<ConfigurableProperty uri="ey.aodb.opsesb.EY_OPSESB_ODS_AODB_FLIGHTUPDATE_BATCH#BatchOutputQueue.channelName"/>
<ConfigurableProperty uri="ey.aodb.opsesb.EY_OPSESB_ODS_AODB_FLIGHTUPDATE_BATCH#BatchOutputQueue.securityIdentity"/>
<ConfigurableProperty uri="ey.aodb.opsesb.EY_OPSESB_ODS_AODB_FLIGHTUPDATE_BATCH#BatchOutputQueue.useSSL"/>
<ConfigurableProperty uri="ey.aodb.opsesb.EY_OPSESB_ODS_AODB_FLIGHTUPDATE_BATCH#BatchOutputQueue.SSLPeerName"/>
<ConfigurableProperty uri="ey.aodb.opsesb.EY_OPSESB_ODS_AODB_FLIGHTUPDATE_BATCH#BatchOutputQueue.SSLCipherSpec"/>
<ConfigurableProperty uri="ey.aodb.opsesb.EY_OPSESB_ODS_AODB_FLIGHTUPDATE_BATCH#BatchOutputQueue.queueManagerName"/>
<ConfigurableProperty uri="ey.aodb.opsesb.EY_OPSESB_ODS_AODB_FLIGHTUPDATE_BATCH#BatchOutputQueue.replyToQMgr"/>
<ConfigurableProperty uri="ey.aodb.opsesb.EY_OPSESB_ODS_AODB_FLIGHTUPDATE_BATCH#BatchOutputQueue.replyToQ"/>
<ConfigurableProperty uri="ey.aodb.opsesb.EY_OPSESB_ODS_AODB_FLIGHTUPDATE_BATCH#BatchOutputQueue.validateMaster"/>
<ConfigurableProperty uri="ey.aodb.opsesb.EY_OPSESB_ODS_AODB_FLIGHTUPDATE_BATCH#BatchOutputQueue.securityProfileName"/>
<ConfigurableProperty uri="ey.aodb.opsesb.EY_OPSESB_ODS_AODB_FLIGHTUPDATE_BATCH#BatchOutputQueue.policyUrl"/>
<ConfigurableProperty uri="ey.aodb.opsesb.EY_OPSESB_ODS_AODB_FLIGHTUPDATE_BATCH#BatchOutputQueue.AddRequestToGroup"/>
<ConfigurableProperty uri="ey.aodb.opsesb.EY_OPSESB_ODS_AODB_FLIGHTUPDATE_BATCH#BatchOutputQueue.GroupRequestFolderName"/>
<ConfigurableProperty uri="ey.aodb.opsesb.EY_OPSESB_ODS_AODB_FLIGHTUPDATE_BATCH#BatchOutputQueue.GroupRequestTimeout"/>
<ConfigurableProperty uri="ey.aodb.opsesb.EY_OPSESB_ODS_AODB_FLIGHTUPDATE_BATCH#SplitRecords.connectDatasourceBeforeFlowStarts"/>
<ConfigurableProperty uri="ey.aodb.opsesb.EY_OPSESB_ODS_AODB_FLIGHTUPDATE_BATCH#SplitRecords.validateMaster"/>
<ConfigurableProperty uri="ey.aodb.opsesb.EY_OPSESB_ODS_AODB_FLIGHTUPDATE_BATCH#AIPMapping.connectDatasourceBeforeFlowStarts"/>
<ConfigurableProperty uri="ey.aodb.opsesb.EY_OPSESB_ODS_AODB_FLIGHTUPDATE_BATCH#AIPMapping.validateMaster"/>
<ConfigurableProperty override="EY_OPSESB_ODS_AODB_FLIGHTUPDATE_BATCH" uri="ey.aodb.opsesb.EY_OPSESB_ODS_AODB_FLIGHTUPDATE_BATCH#AuditLogger.InterfaceID"/>
<ConfigurableProperty uri="ey.aodb.opsesb.EY_OPSESB_ODS_AODB_FLIGHTUPDATE_BATCH#AuditLogger.MsgType"/>
<ConfigurableProperty override="true" uri="ey.aodb.opsesb.EY_OPSESB_ODS_AODB_FLIGHTUPDATE_BATCH#AuditLogger.IsAuditLogRequired"/>
<ConfigurableProperty uri="ey.aodb.opsesb.EY_OPSESB_ODS_AODB_FLIGHTUPDATE_BATCH#AuditLogger.IsParentChildRelationRequired"/>
<ConfigurableProperty override="true" uri="ey.aodb.opsesb.EY_OPSESB_ODS_AODB_FLIGHTUPDATE_BATCH#AuditLogger.IsInprogress"/>
<ConfigurableProperty uri="ey.aodb.opsesb.EY_OPSESB_ODS_AODB_FLIGHTUPDATE_BATCH#AuditLogger.AuditFileRequired"/>
<ConfigurableProperty uri="ey.aodb.opsesb.EY_OPSESB_ODS_AODB_FLIGHTUPDATE_BATCH#AuditLogger.CharacterSet"/>
<ConfigurableProperty uri="ey.aodb.opsesb.EY_OPSESB_ODS_AODB_FLIGHTUPDATE_BATCH#AuditLogger.DataDirection"/>
<ConfigurableProperty uri="ey.aodb.opsesb.EY_OPSESB_ODS_AODB_FLIGHTUPDATE_BATCH#AuditLogger.MessageSizeInMB"/>
<ConfigurableProperty uri="ey.aodb.opsesb.EY_OPSESB_ODS_AODB_FLIGHTUPDATE_BATCH#AuditLogger.MsgFormat"/>
<ConfigurableProperty override="true" uri="ey.aodb.opsesb.EY_OPSESB_ODS_AODB_FLIGHTUPDATE_BATCH#AuditLogger.FirstMsg"/>
<ConfigurableProperty uri="ey.aodb.opsesb.EY_OPSESB_ODS_AODB_FLIGHTUPDATE_BATCH#AuditLogger.IsMsgDetailsRequired"/>
<ConfigurableProperty uri="ey.aodb.opsesb.EY_OPSESB_ODS_AODB_FLIGHTUPDATE_BATCH#AuditLogger.IsPayloadRequired"/>
<ConfigurableProperty override="2a" uri="ey.aodb.opsesb.EY_OPSESB_ODS_AODB_FLIGHTUPDATE_BATCH#AuditLogger.ProcessStep"/>
<ConfigurableProperty override="Batch Request triggered from Cron job" uri="ey.aodb.opsesb.EY_OPSESB_ODS_AODB_FLIGHTUPDATE_BATCH#AuditLogger.StatusText"/>
<ConfigurableProperty uri="ey.aodb.opsesb.EY_OPSESB_ODS_AODB_FLIGHTUPDATE_BATCH#CheckRetry.RetryIntervalInSec"/>
<ConfigurableProperty uri="ey.aodb.opsesb.EY_OPSESB_ODS_AODB_FLIGHTUPDATE_BATCH#CheckRetry.MaxRetryCount"/>
<ConfigurableProperty uri="ey.aodb.opsesb.EY_OPSESB_ODS_AODB_FLIGHTUPDATE_BATCH#CheckRetry.ErrorCodes"/>
<ConfigurableProperty uri="ey.aodb.opsesb.EY_OPSESB_ODS_AODB_FLIGHTUPDATE_BATCH#CheckRetry1.RetryIntervalInSec"/>
<ConfigurableProperty uri="ey.aodb.opsesb.EY_OPSESB_ODS_AODB_FLIGHTUPDATE_BATCH#CheckRetry1.MaxRetryCount"/>
<ConfigurableProperty uri="ey.aodb.opsesb.EY_OPSESB_ODS_AODB_FLIGHTUPDATE_BATCH#CheckRetry1.ErrorCodes"/>
<ConfigurableProperty uri="ey.aodb.opsesb.EY_OPSESB_ODS_AODB_FLIGHTUPDATE_BATCH#ExceptionHandler.ApplicationName"/>
<ConfigurableProperty uri="ey.aodb.opsesb.EY_OPSESB_ODS_AODB_FLIGHTUPDATE_BATCH#ExceptionHandler.ExceptionFileRequired"/>
<ConfigurableProperty override="AODB PublishFlightUpdateBatch AIP XML generated." uri="ey.aodb.opsesb.EY_OPSESB_ODS_AODB_FLIGHTUPDATE_BATCH#CaptureLog.StatusText"/>
<ConfigurableProperty uri="ey.aodb.opsesb.EY_OPSESB_ODS_AODB_FLIGHTUPDATE_BATCH#CaptureLog.IsMsgDetailsRequired"/>
<ConfigurableProperty uri="ey.aodb.opsesb.EY_OPSESB_ODS_AODB_FLIGHTUPDATE_BATCH#CaptureLog.IsPayloadRequired"/>
<ConfigurableProperty uri="ey.aodb.opsesb.EY_OPSESB_ODS_AODB_FLIGHTUPDATE_BATCH#CaptureLog.MsgFormat"/>
<ConfigurableProperty override="O" uri="ey.aodb.opsesb.EY_OPSESB_ODS_AODB_FLIGHTUPDATE_BATCH#CaptureLog.DataDirection"/>
<ConfigurableProperty uri="ey.aodb.opsesb.EY_OPSESB_ODS_AODB_FLIGHTUPDATE_BATCH#CaptureLog.CharacterSet"/>
<ConfigurableProperty uri="ey.aodb.opsesb.EY_OPSESB_ODS_AODB_FLIGHTUPDATE_BATCH#CaptureLog.MessageSizeInMB"/>
<ConfigurableProperty override="2b" uri="ey.aodb.opsesb.EY_OPSESB_ODS_AODB_FLIGHTUPDATE_BATCH#CaptureLog.ProcessStep"/>
<ConfigurableProperty uri="ey.aodb.opsesb.EY_OPSESB_ODS_AODB_FLIGHTUPDATE_BATCH#CaptureLog.IsParentChildRelationRequired"/>
<ConfigurableProperty uri="ey.aodb.opsesb.EY_OPSESB_ODS_AODB_FLIGHTUPDATE_BATCH#CaptureLog.AuditFileRequired"/>
<ConfigurableProperty uri="ey.aodb.opsesb.EY_OPSESB_ODS_AODB_FLIGHTUPDATE_BATCH#CaptureLog.FirstMsg"/>
<ConfigurableProperty override="contentAndValue" uri="ey.aodb.opsesb.EY_OPSESB_ODS_AODB_FLIGHTUPDATE_BATCH#Validate.validateMaster"/>
<ConfigurableProperty override="PublishFlightUpdateBatch XML shared to AODB Consumer" uri="ey.aodb.opsesb.EY_OPSESB_ODS_AODB_FLIGHTUPDATE_BATCH#CaptureLog1.StatusText"/>
<ConfigurableProperty uri="ey.aodb.opsesb.EY_OPSESB_ODS_AODB_FLIGHTUPDATE_BATCH#CaptureLog1.IsMsgDetailsRequired"/>
<ConfigurableProperty uri="ey.aodb.opsesb.EY_OPSESB_ODS_AODB_FLIGHTUPDATE_BATCH#CaptureLog1.IsPayloadRequired"/>
<ConfigurableProperty uri="ey.aodb.opsesb.EY_OPSESB_ODS_AODB_FLIGHTUPDATE_BATCH#CaptureLog1.MsgFormat"/>
<ConfigurableProperty override="O" uri="ey.aodb.opsesb.EY_OPSESB_ODS_AODB_FLIGHTUPDATE_BATCH#CaptureLog1.DataDirection"/>
<ConfigurableProperty uri="ey.aodb.opsesb.EY_OPSESB_ODS_AODB_FLIGHTUPDATE_BATCH#CaptureLog1.CharacterSet"/>
<ConfigurableProperty uri="ey.aodb.opsesb.EY_OPSESB_ODS_AODB_FLIGHTUPDATE_BATCH#CaptureLog1.MessageSizeInMB"/>
<ConfigurableProperty override="2c" uri="ey.aodb.opsesb.EY_OPSESB_ODS_AODB_FLIGHTUPDATE_BATCH#CaptureLog1.ProcessStep"/>
<ConfigurableProperty uri="ey.aodb.opsesb.EY_OPSESB_ODS_AODB_FLIGHTUPDATE_BATCH#CaptureLog1.IsParentChildRelationRequired"/>
<ConfigurableProperty uri="ey.aodb.opsesb.EY_OPSESB_ODS_AODB_FLIGHTUPDATE_BATCH#CaptureLog1.AuditFileRequired"/>
<ConfigurableProperty uri="ey.aodb.opsesb.EY_OPSESB_ODS_AODB_FLIGHTUPDATE_BATCH#CaptureLog1.FirstMsg"/>
</CompiledMessageFlow>
</Broker>