<?xml version="1.0" encoding="UTF-8"?><Broker>
<CompiledApplication>
<ConfigurableProperty uri="startMode"/>
</CompiledApplication>
<CompiledMessageFlow name="ey.opsesb.hermes.actualcargoload.EY_OPSESB_HERMES_ODS_ACTUALCARGOLOAD">
<ConfigurableProperty uri="ey.opsesb.hermes.actualcargoload.EY_OPSESB_HERMES_ODS_ACTUALCARGOLOAD#additionalInstances"/>
<ConfigurableProperty uri="ey.opsesb.hermes.actualcargoload.EY_OPSESB_HERMES_ODS_ACTUALCARGOLOAD#notificationThresholdMsgsPerSec"/>
<ConfigurableProperty uri="ey.opsesb.hermes.actualcargoload.EY_OPSESB_HERMES_ODS_ACTUALCARGOLOAD#maximumRateMsgsPerSec"/>
<ConfigurableProperty uri="ey.opsesb.hermes.actualcargoload.EY_OPSESB_HERMES_ODS_ACTUALCARGOLOAD#processingTimeoutSec"/>
<ConfigurableProperty uri="ey.opsesb.hermes.actualcargoload.EY_OPSESB_HERMES_ODS_ACTUALCARGOLOAD#processingTimeoutAction"/>
<ConfigurableProperty uri="ey.opsesb.hermes.actualcargoload.EY_OPSESB_HERMES_ODS_ACTUALCARGOLOAD#wlmPolicy"/>
<ConfigurableProperty uri="ey.opsesb.hermes.actualcargoload.EY_OPSESB_HERMES_ODS_ACTUALCARGOLOAD#commitCount"/>
<ConfigurableProperty uri="ey.opsesb.hermes.actualcargoload.EY_OPSESB_HERMES_ODS_ACTUALCARGOLOAD#commitInterval"/>
<ConfigurableProperty uri="ey.opsesb.hermes.actualcargoload.EY_OPSESB_HERMES_ODS_ACTUALCARGOLOAD#coordinatedTransaction"/>
<ConfigurableProperty uri="ey.opsesb.hermes.actualcargoload.EY_OPSESB_HERMES_ODS_ACTUALCARGOLOAD#consumerPolicySet"/>
<ConfigurableProperty uri="ey.opsesb.hermes.actualcargoload.EY_OPSESB_HERMES_ODS_ACTUALCARGOLOAD#providerPolicySet"/>
<ConfigurableProperty uri="ey.opsesb.hermes.actualcargoload.EY_OPSESB_HERMES_ODS_ACTUALCARGOLOAD#consumerPolicySetBindings"/>
<ConfigurableProperty uri="ey.opsesb.hermes.actualcargoload.EY_OPSESB_HERMES_ODS_ACTUALCARGOLOAD#providerPolicySetBindings"/>
<ConfigurableProperty uri="ey.opsesb.hermes.actualcargoload.EY_OPSESB_HERMES_ODS_ACTUALCARGOLOAD#securityProfileName"/>
<ConfigurableProperty uri="ey.opsesb.hermes.actualcargoload.EY_OPSESB_HERMES_ODS_ACTUALCARGOLOAD#monitoringProfile"/>
<ConfigurableProperty uri="ey.opsesb.hermes.actualcargoload.EY_OPSESB_HERMES_ODS_ACTUALCARGOLOAD#startMode"/>
<ConfigurableProperty uri="ey.opsesb.hermes.actualcargoload.EY_OPSESB_HERMES_ODS_ACTUALCARGOLOAD#startInstancesWhenFlowStarts"/>
<ConfigurableProperty override="OPSESB_TST" uri="ey.opsesb.hermes.actualcargoload.EY_OPSESB_HERMES_ODS_ACTUALCARGOLOAD#DB_NAME"/>
<ConfigurableProperty override="ops_ods" uri="ey.opsesb.hermes.actualcargoload.EY_OPSESB_HERMES_ODS_ACTUALCARGOLOAD#DB_SCHEMA"/>
<ConfigurableProperty override="OPSESB" uri="ey.opsesb.hermes.actualcargoload.EY_OPSESB_HERMES_ODS_ACTUALCARGOLOAD#ODS_USER_NM"/>
<ConfigurableProperty override="OPSESB_TST" uri="ey.opsesb.hermes.actualcargoload.EY_OPSESB_HERMES_ODS_ACTUALCARGOLOAD#dataSource"/>
<ConfigurableProperty override="200" uri="ey.opsesb.hermes.actualcargoload.EY_OPSESB_HERMES_ODS_ACTUALCARGOLOAD#SleepIntervalInMilliSec"/>
<ConfigurableProperty override="EY.HERMES.FLIGHTACTUALCARGOLOAD.TST.IN" uri="ey.opsesb.hermes.actualcargoload.EY_OPSESB_HERMES_ODS_ACTUALCARGOLOAD#ActualCargoLoadMQInput.queueName"/>
<ConfigurableProperty uri="ey.opsesb.hermes.actualcargoload.EY_OPSESB_HERMES_ODS_ACTUALCARGOLOAD#ActualCargoLoadMQInput.connection"/>
<ConfigurableProperty uri="ey.opsesb.hermes.actualcargoload.EY_OPSESB_HERMES_ODS_ACTUALCARGOLOAD#ActualCargoLoadMQInput.destinationQueueManagerName"/>
<ConfigurableProperty uri="ey.opsesb.hermes.actualcargoload.EY_OPSESB_HERMES_ODS_ACTUALCARGOLOAD#ActualCargoLoadMQInput.queueManagerHostname"/>
<ConfigurableProperty uri="ey.opsesb.hermes.actualcargoload.EY_OPSESB_HERMES_ODS_ACTUALCARGOLOAD#ActualCargoLoadMQInput.listenerPortNumber"/>
<ConfigurableProperty uri="ey.opsesb.hermes.actualcargoload.EY_OPSESB_HERMES_ODS_ACTUALCARGOLOAD#ActualCargoLoadMQInput.channelName"/>
<ConfigurableProperty uri="ey.opsesb.hermes.actualcargoload.EY_OPSESB_HERMES_ODS_ACTUALCARGOLOAD#ActualCargoLoadMQInput.securityIdentity"/>
<ConfigurableProperty uri="ey.opsesb.hermes.actualcargoload.EY_OPSESB_HERMES_ODS_ACTUALCARGOLOAD#ActualCargoLoadMQInput.useSSL"/>
<ConfigurableProperty uri="ey.opsesb.hermes.actualcargoload.EY_OPSESB_HERMES_ODS_ACTUALCARGOLOAD#ActualCargoLoadMQInput.SSLPeerName"/>
<ConfigurableProperty uri="ey.opsesb.hermes.actualcargoload.EY_OPSESB_HERMES_ODS_ACTUALCARGOLOAD#ActualCargoLoadMQInput.SSLCipherSpec"/>
<ConfigurableProperty uri="ey.opsesb.hermes.actualcargoload.EY_OPSESB_HERMES_ODS_ACTUALCARGOLOAD#ActualCargoLoadMQInput.serializationToken"/>
<ConfigurableProperty uri="ey.opsesb.hermes.actualcargoload.EY_OPSESB_HERMES_ODS_ACTUALCARGOLOAD#ActualCargoLoadMQInput.topicProperty"/>
<ConfigurableProperty uri="ey.opsesb.hermes.actualcargoload.EY_OPSESB_HERMES_ODS_ACTUALCARGOLOAD#ActualCargoLoadMQInput.resetBrowseTimeout"/>
<ConfigurableProperty override="contentAndValue" uri="ey.opsesb.hermes.actualcargoload.EY_OPSESB_HERMES_ODS_ACTUALCARGOLOAD#ActualCargoLoadMQInput.validateMaster"/>
<ConfigurableProperty uri="ey.opsesb.hermes.actualcargoload.EY_OPSESB_HERMES_ODS_ACTUALCARGOLOAD#ActualCargoLoadMQInput.securityProfileName"/>
<ConfigurableProperty uri="ey.opsesb.hermes.actualcargoload.EY_OPSESB_HERMES_ODS_ACTUALCARGOLOAD#ActualCargoLoadMQInput.componentLevel"/>
<ConfigurableProperty uri="ey.opsesb.hermes.actualcargoload.EY_OPSESB_HERMES_ODS_ACTUALCARGOLOAD#ActualCargoLoadMQInput.additionalInstances"/>
<ConfigurableProperty uri="ey.opsesb.hermes.actualcargoload.EY_OPSESB_HERMES_ODS_ACTUALCARGOLOAD#ActualCargoLoadMQInput.policyUrl"/>
<ConfigurableProperty override="EY_OPSESB_HERMES_ODS_ACTUALCARGOLOAD" uri="ey.opsesb.hermes.actualcargoload.EY_OPSESB_HERMES_ODS_ACTUALCARGOLOAD#AuditLogger.InterfaceID"/>
<ConfigurableProperty override="Actual Cargo Load Information Received from Hermes" uri="ey.opsesb.hermes.actualcargoload.EY_OPSESB_HERMES_ODS_ACTUALCARGOLOAD#AuditLogger.StatusText"/>
<ConfigurableProperty override="1a" uri="ey.opsesb.hermes.actualcargoload.EY_OPSESB_HERMES_ODS_ACTUALCARGOLOAD#AuditLogger.ProcessStep"/>
<ConfigurableProperty uri="ey.opsesb.hermes.actualcargoload.EY_OPSESB_HERMES_ODS_ACTUALCARGOLOAD#AuditLogger.IsMsgDetailsRequired"/>
<ConfigurableProperty uri="ey.opsesb.hermes.actualcargoload.EY_OPSESB_HERMES_ODS_ACTUALCARGOLOAD#AuditLogger.IsPayloadRequired"/>
<ConfigurableProperty uri="ey.opsesb.hermes.actualcargoload.EY_OPSESB_HERMES_ODS_ACTUALCARGOLOAD#AuditLogger.MsgFormat"/>
<ConfigurableProperty override="I" uri="ey.opsesb.hermes.actualcargoload.EY_OPSESB_HERMES_ODS_ACTUALCARGOLOAD#AuditLogger.DataDirection"/>
<ConfigurableProperty uri="ey.opsesb.hermes.actualcargoload.EY_OPSESB_HERMES_ODS_ACTUALCARGOLOAD#AuditLogger.CharacterSet"/>
<ConfigurableProperty uri="ey.opsesb.hermes.actualcargoload.EY_OPSESB_HERMES_ODS_ACTUALCARGOLOAD#AuditLogger.MessageSizeInMB"/>
<ConfigurableProperty override="XML" uri="ey.opsesb.hermes.actualcargoload.EY_OPSESB_HERMES_ODS_ACTUALCARGOLOAD#AuditLogger.MsgType"/>
<ConfigurableProperty override="true" uri="ey.opsesb.hermes.actualcargoload.EY_OPSESB_HERMES_ODS_ACTUALCARGOLOAD#AuditLogger.IsAuditLogRequired"/>
<ConfigurableProperty uri="ey.opsesb.hermes.actualcargoload.EY_OPSESB_HERMES_ODS_ACTUALCARGOLOAD#AuditLogger.IsParentChildRelationRequired"/>
<ConfigurableProperty uri="ey.opsesb.hermes.actualcargoload.EY_OPSESB_HERMES_ODS_ACTUALCARGOLOAD#AuditLogger.AuditFileRequired"/>
<ConfigurableProperty override="Actual Cargo Load Information is inserted into DB" uri="ey.opsesb.hermes.actualcargoload.EY_OPSESB_HERMES_ODS_ACTUALCARGOLOAD#CaptureLog.StatusText"/>
<ConfigurableProperty uri="ey.opsesb.hermes.actualcargoload.EY_OPSESB_HERMES_ODS_ACTUALCARGOLOAD#CaptureLog.IsMsgDetailsRequired"/>
<ConfigurableProperty uri="ey.opsesb.hermes.actualcargoload.EY_OPSESB_HERMES_ODS_ACTUALCARGOLOAD#CaptureLog.IsPayloadRequired"/>
<ConfigurableProperty uri="ey.opsesb.hermes.actualcargoload.EY_OPSESB_HERMES_ODS_ACTUALCARGOLOAD#CaptureLog.MsgFormat"/>
<ConfigurableProperty override="O" uri="ey.opsesb.hermes.actualcargoload.EY_OPSESB_HERMES_ODS_ACTUALCARGOLOAD#CaptureLog.DataDirection"/>
<ConfigurableProperty uri="ey.opsesb.hermes.actualcargoload.EY_OPSESB_HERMES_ODS_ACTUALCARGOLOAD#CaptureLog.CharacterSet"/>
<ConfigurableProperty uri="ey.opsesb.hermes.actualcargoload.EY_OPSESB_HERMES_ODS_ACTUALCARGOLOAD#CaptureLog.MessageSizeInMB"/>
<ConfigurableProperty override="1b" uri="ey.opsesb.hermes.actualcargoload.EY_OPSESB_HERMES_ODS_ACTUALCARGOLOAD#CaptureLog.ProcessStep"/>
<ConfigurableProperty uri="ey.opsesb.hermes.actualcargoload.EY_OPSESB_HERMES_ODS_ACTUALCARGOLOAD#CaptureLog.IsParentChildRelationRequired"/>
<ConfigurableProperty override="Actual Cargo Load Notification Sent to Topic" uri="ey.opsesb.hermes.actualcargoload.EY_OPSESB_HERMES_ODS_ACTUALCARGOLOAD#CaptureLog1.StatusText"/>
<ConfigurableProperty uri="ey.opsesb.hermes.actualcargoload.EY_OPSESB_HERMES_ODS_ACTUALCARGOLOAD#CaptureLog1.IsMsgDetailsRequired"/>
<ConfigurableProperty uri="ey.opsesb.hermes.actualcargoload.EY_OPSESB_HERMES_ODS_ACTUALCARGOLOAD#CaptureLog1.IsPayloadRequired"/>
<ConfigurableProperty uri="ey.opsesb.hermes.actualcargoload.EY_OPSESB_HERMES_ODS_ACTUALCARGOLOAD#CaptureLog1.MsgFormat"/>
<ConfigurableProperty override="O" uri="ey.opsesb.hermes.actualcargoload.EY_OPSESB_HERMES_ODS_ACTUALCARGOLOAD#CaptureLog1.DataDirection"/>
<ConfigurableProperty uri="ey.opsesb.hermes.actualcargoload.EY_OPSESB_HERMES_ODS_ACTUALCARGOLOAD#CaptureLog1.CharacterSet"/>
<ConfigurableProperty uri="ey.opsesb.hermes.actualcargoload.EY_OPSESB_HERMES_ODS_ACTUALCARGOLOAD#CaptureLog1.MessageSizeInMB"/>
<ConfigurableProperty override="1c" uri="ey.opsesb.hermes.actualcargoload.EY_OPSESB_HERMES_ODS_ACTUALCARGOLOAD#CaptureLog1.ProcessStep"/>
<ConfigurableProperty uri="ey.opsesb.hermes.actualcargoload.EY_OPSESB_HERMES_ODS_ACTUALCARGOLOAD#CaptureLog1.IsParentChildRelationRequired"/>
<ConfigurableProperty uri="ey.opsesb.hermes.actualcargoload.EY_OPSESB_HERMES_ODS_ACTUALCARGOLOAD#ActualCargoLoadCompute.connectDatasourceBeforeFlowStarts"/>
<ConfigurableProperty uri="ey.opsesb.hermes.actualcargoload.EY_OPSESB_HERMES_ODS_ACTUALCARGOLOAD#ActualCargoLoadCompute.validateMaster"/>
<ConfigurableProperty override="EY_A_OPSESB_FLIGHTACTUALCARGOLOAD_AQ_01" uri="ey.opsesb.hermes.actualcargoload.EY_OPSESB_HERMES_ODS_ACTUALCARGOLOAD#ActualCargoLoadAliasMQOutput.queueName"/>
<ConfigurableProperty uri="ey.opsesb.hermes.actualcargoload.EY_OPSESB_HERMES_ODS_ACTUALCARGOLOAD#ActualCargoLoadAliasMQOutput.connection"/>
<ConfigurableProperty uri="ey.opsesb.hermes.actualcargoload.EY_OPSESB_HERMES_ODS_ACTUALCARGOLOAD#ActualCargoLoadAliasMQOutput.destinationQueueManagerName"/>
<ConfigurableProperty uri="ey.opsesb.hermes.actualcargoload.EY_OPSESB_HERMES_ODS_ACTUALCARGOLOAD#ActualCargoLoadAliasMQOutput.queueManagerHostname"/>
<ConfigurableProperty uri="ey.opsesb.hermes.actualcargoload.EY_OPSESB_HERMES_ODS_ACTUALCARGOLOAD#ActualCargoLoadAliasMQOutput.listenerPortNumber"/>
<ConfigurableProperty uri="ey.opsesb.hermes.actualcargoload.EY_OPSESB_HERMES_ODS_ACTUALCARGOLOAD#ActualCargoLoadAliasMQOutput.channelName"/>
<ConfigurableProperty uri="ey.opsesb.hermes.actualcargoload.EY_OPSESB_HERMES_ODS_ACTUALCARGOLOAD#ActualCargoLoadAliasMQOutput.securityIdentity"/>
<ConfigurableProperty uri="ey.opsesb.hermes.actualcargoload.EY_OPSESB_HERMES_ODS_ACTUALCARGOLOAD#ActualCargoLoadAliasMQOutput.useSSL"/>
<ConfigurableProperty uri="ey.opsesb.hermes.actualcargoload.EY_OPSESB_HERMES_ODS_ACTUALCARGOLOAD#ActualCargoLoadAliasMQOutput.SSLPeerName"/>
<ConfigurableProperty uri="ey.opsesb.hermes.actualcargoload.EY_OPSESB_HERMES_ODS_ACTUALCARGOLOAD#ActualCargoLoadAliasMQOutput.SSLCipherSpec"/>
<ConfigurableProperty uri="ey.opsesb.hermes.actualcargoload.EY_OPSESB_HERMES_ODS_ACTUALCARGOLOAD#ActualCargoLoadAliasMQOutput.queueManagerName"/>
<ConfigurableProperty uri="ey.opsesb.hermes.actualcargoload.EY_OPSESB_HERMES_ODS_ACTUALCARGOLOAD#ActualCargoLoadAliasMQOutput.replyToQMgr"/>
<ConfigurableProperty uri="ey.opsesb.hermes.actualcargoload.EY_OPSESB_HERMES_ODS_ACTUALCARGOLOAD#ActualCargoLoadAliasMQOutput.replyToQ"/>
<ConfigurableProperty uri="ey.opsesb.hermes.actualcargoload.EY_OPSESB_HERMES_ODS_ACTUALCARGOLOAD#ActualCargoLoadAliasMQOutput.validateMaster"/>
<ConfigurableProperty uri="ey.opsesb.hermes.actualcargoload.EY_OPSESB_HERMES_ODS_ACTUALCARGOLOAD#ActualCargoLoadAliasMQOutput.securityProfileName"/>
<ConfigurableProperty uri="ey.opsesb.hermes.actualcargoload.EY_OPSESB_HERMES_ODS_ACTUALCARGOLOAD#ActualCargoLoadAliasMQOutput.policyUrl"/>
<ConfigurableProperty uri="ey.opsesb.hermes.actualcargoload.EY_OPSESB_HERMES_ODS_ACTUALCARGOLOAD#ActualCargoLoadAliasMQOutput.AddRequestToGroup"/>
<ConfigurableProperty uri="ey.opsesb.hermes.actualcargoload.EY_OPSESB_HERMES_ODS_ACTUALCARGOLOAD#ActualCargoLoadAliasMQOutput.GroupRequestFolderName"/>
<ConfigurableProperty uri="ey.opsesb.hermes.actualcargoload.EY_OPSESB_HERMES_ODS_ACTUALCARGOLOAD#ActualCargoLoadAliasMQOutput.GroupRequestTimeout"/>
<ConfigurableProperty uri="ey.opsesb.hermes.actualcargoload.EY_OPSESB_HERMES_ODS_ACTUALCARGOLOAD#CheckRetry.RetryIntervalInSec"/>
<ConfigurableProperty uri="ey.opsesb.hermes.actualcargoload.EY_OPSESB_HERMES_ODS_ACTUALCARGOLOAD#CheckRetry.MaxRetryCount"/>
<ConfigurableProperty override="1205,deadlock,53,Could not open a connection to SQL Server,08001,Connection refused,3621" uri="ey.opsesb.hermes.actualcargoload.EY_OPSESB_HERMES_ODS_ACTUALCARGOLOAD#CheckRetry.ErrorCodes"/>
</CompiledMessageFlow>
</Broker>