<?xml version="1.0" encoding="UTF-8"?><Broker>
<CompiledApplication>
<ConfigurableProperty uri="startMode"/>
</CompiledApplication>
<CompiledMessageFlow name="ey.opsesb.aodb.EY_OPSESB_AODB_ODS_REFDATA">
<ConfigurableProperty uri="ey.opsesb.aodb.EY_OPSESB_AODB_ODS_REFDATA#additionalInstances"/>
<ConfigurableProperty uri="ey.opsesb.aodb.EY_OPSESB_AODB_ODS_REFDATA#notificationThresholdMsgsPerSec"/>
<ConfigurableProperty uri="ey.opsesb.aodb.EY_OPSESB_AODB_ODS_REFDATA#maximumRateMsgsPerSec"/>
<ConfigurableProperty uri="ey.opsesb.aodb.EY_OPSESB_AODB_ODS_REFDATA#processingTimeoutSec"/>
<ConfigurableProperty uri="ey.opsesb.aodb.EY_OPSESB_AODB_ODS_REFDATA#processingTimeoutAction"/>
<ConfigurableProperty uri="ey.opsesb.aodb.EY_OPSESB_AODB_ODS_REFDATA#wlmPolicy"/>
<ConfigurableProperty uri="ey.opsesb.aodb.EY_OPSESB_AODB_ODS_REFDATA#commitCount"/>
<ConfigurableProperty uri="ey.opsesb.aodb.EY_OPSESB_AODB_ODS_REFDATA#commitInterval"/>
<ConfigurableProperty uri="ey.opsesb.aodb.EY_OPSESB_AODB_ODS_REFDATA#coordinatedTransaction"/>
<ConfigurableProperty uri="ey.opsesb.aodb.EY_OPSESB_AODB_ODS_REFDATA#consumerPolicySet"/>
<ConfigurableProperty uri="ey.opsesb.aodb.EY_OPSESB_AODB_ODS_REFDATA#providerPolicySet"/>
<ConfigurableProperty uri="ey.opsesb.aodb.EY_OPSESB_AODB_ODS_REFDATA#consumerPolicySetBindings"/>
<ConfigurableProperty uri="ey.opsesb.aodb.EY_OPSESB_AODB_ODS_REFDATA#providerPolicySetBindings"/>
<ConfigurableProperty uri="ey.opsesb.aodb.EY_OPSESB_AODB_ODS_REFDATA#securityProfileName"/>
<ConfigurableProperty uri="ey.opsesb.aodb.EY_OPSESB_AODB_ODS_REFDATA#monitoringProfile"/>
<ConfigurableProperty uri="ey.opsesb.aodb.EY_OPSESB_AODB_ODS_REFDATA#startMode"/>
<ConfigurableProperty uri="ey.opsesb.aodb.EY_OPSESB_AODB_ODS_REFDATA#startInstancesWhenFlowStarts"/>
<ConfigurableProperty override="OPSESB" uri="ey.opsesb.aodb.EY_OPSESB_AODB_ODS_REFDATA#ODS_USER_NM"/>
<ConfigurableProperty override="ops_ods" uri="ey.opsesb.aodb.EY_OPSESB_AODB_ODS_REFDATA#DB_Schema"/>
<ConfigurableProperty override="OPSESB_TST" uri="ey.opsesb.aodb.EY_OPSESB_AODB_ODS_REFDATA#DB_Name"/>
<ConfigurableProperty override="OPSESB_TST" uri="ey.opsesb.aodb.EY_OPSESB_AODB_ODS_REFDATA#dataSource"/>
<ConfigurableProperty uri="ey.opsesb.aodb.EY_OPSESB_AODB_ODS_REFDATA#RouteToLabel.dataSource"/>
<ConfigurableProperty uri="ey.opsesb.aodb.EY_OPSESB_AODB_ODS_REFDATA#RouteToLabel.connectDatasourceBeforeFlowStarts"/>
<ConfigurableProperty uri="ey.opsesb.aodb.EY_OPSESB_AODB_ODS_REFDATA#RouteToLabel.validateMaster"/>
<ConfigurableProperty uri="ey.opsesb.aodb.EY_OPSESB_AODB_ODS_REFDATA#EY_OPSESB_PublishReferenceData_AircraftType.connectDatasourceBeforeFlowStarts"/>
<ConfigurableProperty uri="ey.opsesb.aodb.EY_OPSESB_AODB_ODS_REFDATA#EY_OPSESB_PublishReferenceData_AircraftType.validateMaster"/>
<ConfigurableProperty override="EY_A_AODB_OPSESB_REFDATA_01" uri="ey.opsesb.aodb.EY_OPSESB_AODB_ODS_REFDATA#EY_A_AODB_OPSESB_REFDATA_01.queueName"/>
<ConfigurableProperty uri="ey.opsesb.aodb.EY_OPSESB_AODB_ODS_REFDATA#EY_A_AODB_OPSESB_REFDATA_01.connection"/>
<ConfigurableProperty uri="ey.opsesb.aodb.EY_OPSESB_AODB_ODS_REFDATA#EY_A_AODB_OPSESB_REFDATA_01.destinationQueueManagerName"/>
<ConfigurableProperty uri="ey.opsesb.aodb.EY_OPSESB_AODB_ODS_REFDATA#EY_A_AODB_OPSESB_REFDATA_01.queueManagerHostname"/>
<ConfigurableProperty uri="ey.opsesb.aodb.EY_OPSESB_AODB_ODS_REFDATA#EY_A_AODB_OPSESB_REFDATA_01.listenerPortNumber"/>
<ConfigurableProperty uri="ey.opsesb.aodb.EY_OPSESB_AODB_ODS_REFDATA#EY_A_AODB_OPSESB_REFDATA_01.channelName"/>
<ConfigurableProperty uri="ey.opsesb.aodb.EY_OPSESB_AODB_ODS_REFDATA#EY_A_AODB_OPSESB_REFDATA_01.securityIdentity"/>
<ConfigurableProperty uri="ey.opsesb.aodb.EY_OPSESB_AODB_ODS_REFDATA#EY_A_AODB_OPSESB_REFDATA_01.useSSL"/>
<ConfigurableProperty uri="ey.opsesb.aodb.EY_OPSESB_AODB_ODS_REFDATA#EY_A_AODB_OPSESB_REFDATA_01.SSLPeerName"/>
<ConfigurableProperty uri="ey.opsesb.aodb.EY_OPSESB_AODB_ODS_REFDATA#EY_A_AODB_OPSESB_REFDATA_01.SSLCipherSpec"/>
<ConfigurableProperty uri="ey.opsesb.aodb.EY_OPSESB_AODB_ODS_REFDATA#EY_A_AODB_OPSESB_REFDATA_01.serializationToken"/>
<ConfigurableProperty uri="ey.opsesb.aodb.EY_OPSESB_AODB_ODS_REFDATA#EY_A_AODB_OPSESB_REFDATA_01.topicProperty"/>
<ConfigurableProperty uri="ey.opsesb.aodb.EY_OPSESB_AODB_ODS_REFDATA#EY_A_AODB_OPSESB_REFDATA_01.resetBrowseTimeout"/>
<ConfigurableProperty override="contentAndValue" uri="ey.opsesb.aodb.EY_OPSESB_AODB_ODS_REFDATA#EY_A_AODB_OPSESB_REFDATA_01.validateMaster"/>
<ConfigurableProperty uri="ey.opsesb.aodb.EY_OPSESB_AODB_ODS_REFDATA#EY_A_AODB_OPSESB_REFDATA_01.securityProfileName"/>
<ConfigurableProperty uri="ey.opsesb.aodb.EY_OPSESB_AODB_ODS_REFDATA#EY_A_AODB_OPSESB_REFDATA_01.componentLevel"/>
<ConfigurableProperty uri="ey.opsesb.aodb.EY_OPSESB_AODB_ODS_REFDATA#EY_A_AODB_OPSESB_REFDATA_01.additionalInstances"/>
<ConfigurableProperty uri="ey.opsesb.aodb.EY_OPSESB_AODB_ODS_REFDATA#EY_A_AODB_OPSESB_REFDATA_01.policyUrl"/>
<ConfigurableProperty uri="ey.opsesb.aodb.EY_OPSESB_AODB_ODS_REFDATA#EY_OPSESB_PublishReferenceData_Airport.connectDatasourceBeforeFlowStarts"/>
<ConfigurableProperty uri="ey.opsesb.aodb.EY_OPSESB_AODB_ODS_REFDATA#EY_OPSESB_PublishReferenceData_Airport.validateMaster"/>
<ConfigurableProperty uri="ey.opsesb.aodb.EY_OPSESB_AODB_ODS_REFDATA#EY_OPSESB_PublishReferenceDataAircraft.connectDatasourceBeforeFlowStarts"/>
<ConfigurableProperty uri="ey.opsesb.aodb.EY_OPSESB_AODB_ODS_REFDATA#EY_OPSESB_PublishReferenceDataAircraft.validateMaster"/>
<ConfigurableProperty override="AODB_OPSESB_ODS_REFDATA" uri="ey.opsesb.aodb.EY_OPSESB_AODB_ODS_REFDATA#AuditLogger.InterfaceID"/>
<ConfigurableProperty override="Message Received in ESB" uri="ey.opsesb.aodb.EY_OPSESB_AODB_ODS_REFDATA#AuditLogger.StatusText"/>
<ConfigurableProperty override="1a" uri="ey.opsesb.aodb.EY_OPSESB_AODB_ODS_REFDATA#AuditLogger.ProcessStep"/>
<ConfigurableProperty uri="ey.opsesb.aodb.EY_OPSESB_AODB_ODS_REFDATA#AuditLogger.IsMsgDetailsRequired"/>
<ConfigurableProperty uri="ey.opsesb.aodb.EY_OPSESB_AODB_ODS_REFDATA#AuditLogger.IsPayloadRequired"/>
<ConfigurableProperty uri="ey.opsesb.aodb.EY_OPSESB_AODB_ODS_REFDATA#AuditLogger.MsgFormat"/>
<ConfigurableProperty override="I" uri="ey.opsesb.aodb.EY_OPSESB_AODB_ODS_REFDATA#AuditLogger.DataDirection"/>
<ConfigurableProperty uri="ey.opsesb.aodb.EY_OPSESB_AODB_ODS_REFDATA#AuditLogger.CharacterSet"/>
<ConfigurableProperty uri="ey.opsesb.aodb.EY_OPSESB_AODB_ODS_REFDATA#AuditLogger.MessageSizeInMB"/>
<ConfigurableProperty uri="ey.opsesb.aodb.EY_OPSESB_AODB_ODS_REFDATA#AuditLogger.MsgType"/>
<ConfigurableProperty override="true" uri="ey.opsesb.aodb.EY_OPSESB_AODB_ODS_REFDATA#AuditLogger.IsAuditLogRequired"/>
<ConfigurableProperty uri="ey.opsesb.aodb.EY_OPSESB_AODB_ODS_REFDATA#AuditLogger.IsParentChildRelationRequired"/>
<ConfigurableProperty uri="ey.opsesb.aodb.EY_OPSESB_AODB_ODS_REFDATA#AuditLogger.AuditFileRequired"/>
<ConfigurableProperty uri="ey.opsesb.aodb.EY_OPSESB_AODB_ODS_REFDATA#EY_OPSESB_PublishReferenceData_Airline.connectDatasourceBeforeFlowStarts"/>
<ConfigurableProperty uri="ey.opsesb.aodb.EY_OPSESB_AODB_ODS_REFDATA#EY_OPSESB_PublishReferenceData_Airline.validateMaster"/>
<ConfigurableProperty override="Data Inserted intoODS" uri="ey.opsesb.aodb.EY_OPSESB_AODB_ODS_REFDATA#CaptureLog.StatusText"/>
<ConfigurableProperty uri="ey.opsesb.aodb.EY_OPSESB_AODB_ODS_REFDATA#CaptureLog.IsMsgDetailsRequired"/>
<ConfigurableProperty override="false" uri="ey.opsesb.aodb.EY_OPSESB_AODB_ODS_REFDATA#CaptureLog.IsPayloadRequired"/>
<ConfigurableProperty uri="ey.opsesb.aodb.EY_OPSESB_AODB_ODS_REFDATA#CaptureLog.MsgFormat"/>
<ConfigurableProperty uri="ey.opsesb.aodb.EY_OPSESB_AODB_ODS_REFDATA#CaptureLog.DataDirection"/>
<ConfigurableProperty uri="ey.opsesb.aodb.EY_OPSESB_AODB_ODS_REFDATA#CaptureLog.CharacterSet"/>
<ConfigurableProperty uri="ey.opsesb.aodb.EY_OPSESB_AODB_ODS_REFDATA#CaptureLog.MessageSizeInMB"/>
<ConfigurableProperty override="1b" uri="ey.opsesb.aodb.EY_OPSESB_AODB_ODS_REFDATA#CaptureLog.ProcessStep"/>
<ConfigurableProperty uri="ey.opsesb.aodb.EY_OPSESB_AODB_ODS_REFDATA#CaptureLog.IsParentChildRelationRequired"/>
<ConfigurableProperty uri="ey.opsesb.aodb.EY_OPSESB_AODB_ODS_REFDATA#CheckRetry_Airline.RetryIntervalInSec"/>
<ConfigurableProperty uri="ey.opsesb.aodb.EY_OPSESB_AODB_ODS_REFDATA#CheckRetry_Airline.MaxRetryCount"/>
<ConfigurableProperty uri="ey.opsesb.aodb.EY_OPSESB_AODB_ODS_REFDATA#CheckRetry_Airline.ErrorCodes"/>
<ConfigurableProperty uri="ey.opsesb.aodb.EY_OPSESB_AODB_ODS_REFDATA#CheckRetry_Aircraft.RetryIntervalInSec"/>
<ConfigurableProperty uri="ey.opsesb.aodb.EY_OPSESB_AODB_ODS_REFDATA#CheckRetry_Aircraft.MaxRetryCount"/>
<ConfigurableProperty uri="ey.opsesb.aodb.EY_OPSESB_AODB_ODS_REFDATA#CheckRetry_Aircraft.ErrorCodes"/>
<ConfigurableProperty uri="ey.opsesb.aodb.EY_OPSESB_AODB_ODS_REFDATA#CheckRetry_Airport.RetryIntervalInSec"/>
<ConfigurableProperty uri="ey.opsesb.aodb.EY_OPSESB_AODB_ODS_REFDATA#CheckRetry_Airport.MaxRetryCount"/>
<ConfigurableProperty uri="ey.opsesb.aodb.EY_OPSESB_AODB_ODS_REFDATA#CheckRetry_Airport.ErrorCodes"/>
<ConfigurableProperty uri="ey.opsesb.aodb.EY_OPSESB_AODB_ODS_REFDATA#CheckRetry_AircraftType.RetryIntervalInSec"/>
<ConfigurableProperty uri="ey.opsesb.aodb.EY_OPSESB_AODB_ODS_REFDATA#CheckRetry_AircraftType.MaxRetryCount"/>
<ConfigurableProperty uri="ey.opsesb.aodb.EY_OPSESB_AODB_ODS_REFDATA#CheckRetry_AircraftType.ErrorCodes"/>
</CompiledMessageFlow>
</Broker>