<?xml version="1.0" encoding="UTF-8"?><Broker>
<CompiledApplication>
<ConfigurableProperty uri="startMode"/>
</CompiledApplication>
<CompiledMessageFlow name="com.ey.soa.si.audit.ProcessExceptionMessage">
<ConfigurableProperty uri="com.ey.soa.si.audit.ProcessExceptionMessage#additionalInstances"/>
<ConfigurableProperty uri="com.ey.soa.si.audit.ProcessExceptionMessage#notificationThresholdMsgsPerSec"/>
<ConfigurableProperty uri="com.ey.soa.si.audit.ProcessExceptionMessage#maximumRateMsgsPerSec"/>
<ConfigurableProperty uri="com.ey.soa.si.audit.ProcessExceptionMessage#processingTimeoutSec"/>
<ConfigurableProperty uri="com.ey.soa.si.audit.ProcessExceptionMessage#processingTimeoutAction"/>
<ConfigurableProperty uri="com.ey.soa.si.audit.ProcessExceptionMessage#wlmPolicy"/>
<ConfigurableProperty uri="com.ey.soa.si.audit.ProcessExceptionMessage#commitCount"/>
<ConfigurableProperty uri="com.ey.soa.si.audit.ProcessExceptionMessage#commitInterval"/>
<ConfigurableProperty uri="com.ey.soa.si.audit.ProcessExceptionMessage#coordinatedTransaction"/>
<ConfigurableProperty uri="com.ey.soa.si.audit.ProcessExceptionMessage#consumerPolicySet"/>
<ConfigurableProperty uri="com.ey.soa.si.audit.ProcessExceptionMessage#providerPolicySet"/>
<ConfigurableProperty uri="com.ey.soa.si.audit.ProcessExceptionMessage#consumerPolicySetBindings"/>
<ConfigurableProperty uri="com.ey.soa.si.audit.ProcessExceptionMessage#providerPolicySetBindings"/>
<ConfigurableProperty uri="com.ey.soa.si.audit.ProcessExceptionMessage#securityProfileName"/>
<ConfigurableProperty uri="com.ey.soa.si.audit.ProcessExceptionMessage#monitoringProfile"/>
<ConfigurableProperty uri="com.ey.soa.si.audit.ProcessExceptionMessage#startMode"/>
<ConfigurableProperty uri="com.ey.soa.si.audit.ProcessExceptionMessage#startInstancesWhenFlowStarts"/>
<ConfigurableProperty override="S_SI_EXCEPTION_LOGGER_01" uri="com.ey.soa.si.audit.ProcessExceptionMessage#ExceptionLogInput.queueName"/>
<ConfigurableProperty uri="com.ey.soa.si.audit.ProcessExceptionMessage#ExceptionLogInput.connection"/>
<ConfigurableProperty uri="com.ey.soa.si.audit.ProcessExceptionMessage#ExceptionLogInput.destinationQueueManagerName"/>
<ConfigurableProperty uri="com.ey.soa.si.audit.ProcessExceptionMessage#ExceptionLogInput.queueManagerHostname"/>
<ConfigurableProperty uri="com.ey.soa.si.audit.ProcessExceptionMessage#ExceptionLogInput.listenerPortNumber"/>
<ConfigurableProperty uri="com.ey.soa.si.audit.ProcessExceptionMessage#ExceptionLogInput.channelName"/>
<ConfigurableProperty uri="com.ey.soa.si.audit.ProcessExceptionMessage#ExceptionLogInput.securityIdentity"/>
<ConfigurableProperty uri="com.ey.soa.si.audit.ProcessExceptionMessage#ExceptionLogInput.useSSL"/>
<ConfigurableProperty uri="com.ey.soa.si.audit.ProcessExceptionMessage#ExceptionLogInput.SSLPeerName"/>
<ConfigurableProperty uri="com.ey.soa.si.audit.ProcessExceptionMessage#ExceptionLogInput.SSLCipherSpec"/>
<ConfigurableProperty uri="com.ey.soa.si.audit.ProcessExceptionMessage#ExceptionLogInput.serializationToken"/>
<ConfigurableProperty uri="com.ey.soa.si.audit.ProcessExceptionMessage#ExceptionLogInput.topicProperty"/>
<ConfigurableProperty uri="com.ey.soa.si.audit.ProcessExceptionMessage#ExceptionLogInput.resetBrowseTimeout"/>
<ConfigurableProperty uri="com.ey.soa.si.audit.ProcessExceptionMessage#ExceptionLogInput.validateMaster"/>
<ConfigurableProperty uri="com.ey.soa.si.audit.ProcessExceptionMessage#ExceptionLogInput.securityProfileName"/>
<ConfigurableProperty uri="com.ey.soa.si.audit.ProcessExceptionMessage#ExceptionLogInput.componentLevel"/>
<ConfigurableProperty uri="com.ey.soa.si.audit.ProcessExceptionMessage#ExceptionLogInput.additionalInstances"/>
<ConfigurableProperty uri="com.ey.soa.si.audit.ProcessExceptionMessage#ExceptionLogInput.policyUrl"/>
<ConfigurableProperty override="S_SI_AUDIT_LOGGER_01" uri="com.ey.soa.si.audit.ProcessExceptionMessage#S_SI_AUDIT_LOGGER_01.queueName"/>
<ConfigurableProperty uri="com.ey.soa.si.audit.ProcessExceptionMessage#S_SI_AUDIT_LOGGER_01.connection"/>
<ConfigurableProperty uri="com.ey.soa.si.audit.ProcessExceptionMessage#S_SI_AUDIT_LOGGER_01.destinationQueueManagerName"/>
<ConfigurableProperty uri="com.ey.soa.si.audit.ProcessExceptionMessage#S_SI_AUDIT_LOGGER_01.queueManagerHostname"/>
<ConfigurableProperty uri="com.ey.soa.si.audit.ProcessExceptionMessage#S_SI_AUDIT_LOGGER_01.listenerPortNumber"/>
<ConfigurableProperty uri="com.ey.soa.si.audit.ProcessExceptionMessage#S_SI_AUDIT_LOGGER_01.channelName"/>
<ConfigurableProperty uri="com.ey.soa.si.audit.ProcessExceptionMessage#S_SI_AUDIT_LOGGER_01.securityIdentity"/>
<ConfigurableProperty uri="com.ey.soa.si.audit.ProcessExceptionMessage#S_SI_AUDIT_LOGGER_01.useSSL"/>
<ConfigurableProperty uri="com.ey.soa.si.audit.ProcessExceptionMessage#S_SI_AUDIT_LOGGER_01.SSLPeerName"/>
<ConfigurableProperty uri="com.ey.soa.si.audit.ProcessExceptionMessage#S_SI_AUDIT_LOGGER_01.SSLCipherSpec"/>
<ConfigurableProperty uri="com.ey.soa.si.audit.ProcessExceptionMessage#S_SI_AUDIT_LOGGER_01.queueManagerName"/>
<ConfigurableProperty uri="com.ey.soa.si.audit.ProcessExceptionMessage#S_SI_AUDIT_LOGGER_01.replyToQMgr"/>
<ConfigurableProperty uri="com.ey.soa.si.audit.ProcessExceptionMessage#S_SI_AUDIT_LOGGER_01.replyToQ"/>
<ConfigurableProperty uri="com.ey.soa.si.audit.ProcessExceptionMessage#S_SI_AUDIT_LOGGER_01.validateMaster"/>
<ConfigurableProperty uri="com.ey.soa.si.audit.ProcessExceptionMessage#S_SI_AUDIT_LOGGER_01.securityProfileName"/>
<ConfigurableProperty uri="com.ey.soa.si.audit.ProcessExceptionMessage#S_SI_AUDIT_LOGGER_01.policyUrl"/>
<ConfigurableProperty uri="com.ey.soa.si.audit.ProcessExceptionMessage#S_SI_AUDIT_LOGGER_01.AddRequestToGroup"/>
<ConfigurableProperty uri="com.ey.soa.si.audit.ProcessExceptionMessage#S_SI_AUDIT_LOGGER_01.GroupRequestFolderName"/>
<ConfigurableProperty uri="com.ey.soa.si.audit.ProcessExceptionMessage#S_SI_AUDIT_LOGGER_01.GroupRequestTimeout"/>
<ConfigurableProperty uri="com.ey.soa.si.audit.ProcessExceptionMessage#ConstructExceptionMetaData.dataSource"/>
<ConfigurableProperty uri="com.ey.soa.si.audit.ProcessExceptionMessage#ConstructExceptionMetaData.connectDatasourceBeforeFlowStarts"/>
<ConfigurableProperty uri="com.ey.soa.si.audit.ProcessExceptionMessage#ConstructExceptionMetaData.validateMaster"/>
</CompiledMessageFlow>
<CompiledMessageFlow name="com.ey.soa.si.audit.StoreAuditMessageData">
<ConfigurableProperty uri="com.ey.soa.si.audit.StoreAuditMessageData#additionalInstances"/>
<ConfigurableProperty uri="com.ey.soa.si.audit.StoreAuditMessageData#notificationThresholdMsgsPerSec"/>
<ConfigurableProperty uri="com.ey.soa.si.audit.StoreAuditMessageData#maximumRateMsgsPerSec"/>
<ConfigurableProperty uri="com.ey.soa.si.audit.StoreAuditMessageData#processingTimeoutSec"/>
<ConfigurableProperty uri="com.ey.soa.si.audit.StoreAuditMessageData#processingTimeoutAction"/>
<ConfigurableProperty uri="com.ey.soa.si.audit.StoreAuditMessageData#wlmPolicy"/>
<ConfigurableProperty uri="com.ey.soa.si.audit.StoreAuditMessageData#commitCount"/>
<ConfigurableProperty uri="com.ey.soa.si.audit.StoreAuditMessageData#commitInterval"/>
<ConfigurableProperty uri="com.ey.soa.si.audit.StoreAuditMessageData#coordinatedTransaction"/>
<ConfigurableProperty uri="com.ey.soa.si.audit.StoreAuditMessageData#consumerPolicySet"/>
<ConfigurableProperty uri="com.ey.soa.si.audit.StoreAuditMessageData#providerPolicySet"/>
<ConfigurableProperty uri="com.ey.soa.si.audit.StoreAuditMessageData#consumerPolicySetBindings"/>
<ConfigurableProperty uri="com.ey.soa.si.audit.StoreAuditMessageData#providerPolicySetBindings"/>
<ConfigurableProperty uri="com.ey.soa.si.audit.StoreAuditMessageData#securityProfileName"/>
<ConfigurableProperty uri="com.ey.soa.si.audit.StoreAuditMessageData#monitoringProfile"/>
<ConfigurableProperty uri="com.ey.soa.si.audit.StoreAuditMessageData#startMode"/>
<ConfigurableProperty uri="com.ey.soa.si.audit.StoreAuditMessageData#startInstancesWhenFlowStarts"/>
<ConfigurableProperty override="ops_audit" uri="com.ey.soa.si.audit.StoreAuditMessageData#DB_Schema"/>
<ConfigurableProperty override="OPSESB_TST" uri="com.ey.soa.si.audit.StoreAuditMessageData#DB_Name"/>
<ConfigurableProperty override="AUDIT_SCHEMA" uri="com.ey.soa.si.audit.StoreAuditMessageData#dataSource"/>
<ConfigurableProperty override="S_SI_AUDIT_LOGGER_01" uri="com.ey.soa.si.audit.StoreAuditMessageData#ReceiveAuditMsg.queueName"/>
<ConfigurableProperty uri="com.ey.soa.si.audit.StoreAuditMessageData#ReceiveAuditMsg.connection"/>
<ConfigurableProperty uri="com.ey.soa.si.audit.StoreAuditMessageData#ReceiveAuditMsg.destinationQueueManagerName"/>
<ConfigurableProperty uri="com.ey.soa.si.audit.StoreAuditMessageData#ReceiveAuditMsg.queueManagerHostname"/>
<ConfigurableProperty uri="com.ey.soa.si.audit.StoreAuditMessageData#ReceiveAuditMsg.listenerPortNumber"/>
<ConfigurableProperty uri="com.ey.soa.si.audit.StoreAuditMessageData#ReceiveAuditMsg.channelName"/>
<ConfigurableProperty uri="com.ey.soa.si.audit.StoreAuditMessageData#ReceiveAuditMsg.securityIdentity"/>
<ConfigurableProperty uri="com.ey.soa.si.audit.StoreAuditMessageData#ReceiveAuditMsg.useSSL"/>
<ConfigurableProperty uri="com.ey.soa.si.audit.StoreAuditMessageData#ReceiveAuditMsg.SSLPeerName"/>
<ConfigurableProperty uri="com.ey.soa.si.audit.StoreAuditMessageData#ReceiveAuditMsg.SSLCipherSpec"/>
<ConfigurableProperty uri="com.ey.soa.si.audit.StoreAuditMessageData#ReceiveAuditMsg.serializationToken"/>
<ConfigurableProperty uri="com.ey.soa.si.audit.StoreAuditMessageData#ReceiveAuditMsg.topicProperty"/>
<ConfigurableProperty uri="com.ey.soa.si.audit.StoreAuditMessageData#ReceiveAuditMsg.resetBrowseTimeout"/>
<ConfigurableProperty uri="com.ey.soa.si.audit.StoreAuditMessageData#ReceiveAuditMsg.validateMaster"/>
<ConfigurableProperty uri="com.ey.soa.si.audit.StoreAuditMessageData#ReceiveAuditMsg.securityProfileName"/>
<ConfigurableProperty uri="com.ey.soa.si.audit.StoreAuditMessageData#ReceiveAuditMsg.componentLevel"/>
<ConfigurableProperty uri="com.ey.soa.si.audit.StoreAuditMessageData#ReceiveAuditMsg.additionalInstances"/>
<ConfigurableProperty uri="com.ey.soa.si.audit.StoreAuditMessageData#ReceiveAuditMsg.policyUrl"/>
<ConfigurableProperty uri="com.ey.soa.si.audit.StoreAuditMessageData#InsertIntoAuditTable.connectDatasourceBeforeFlowStarts"/>
<ConfigurableProperty uri="com.ey.soa.si.audit.StoreAuditMessageData#InsertIntoAuditTable.validateMaster"/>
<ConfigurableProperty override="S_SI_AUDIT_LOGGER_01_BO" uri="com.ey.soa.si.audit.StoreAuditMessageData#S_SI_AUDIT_LOGGER_01_BO.queueName"/>
<ConfigurableProperty uri="com.ey.soa.si.audit.StoreAuditMessageData#S_SI_AUDIT_LOGGER_01_BO.connection"/>
<ConfigurableProperty uri="com.ey.soa.si.audit.StoreAuditMessageData#S_SI_AUDIT_LOGGER_01_BO.destinationQueueManagerName"/>
<ConfigurableProperty uri="com.ey.soa.si.audit.StoreAuditMessageData#S_SI_AUDIT_LOGGER_01_BO.queueManagerHostname"/>
<ConfigurableProperty uri="com.ey.soa.si.audit.StoreAuditMessageData#S_SI_AUDIT_LOGGER_01_BO.listenerPortNumber"/>
<ConfigurableProperty uri="com.ey.soa.si.audit.StoreAuditMessageData#S_SI_AUDIT_LOGGER_01_BO.channelName"/>
<ConfigurableProperty uri="com.ey.soa.si.audit.StoreAuditMessageData#S_SI_AUDIT_LOGGER_01_BO.securityIdentity"/>
<ConfigurableProperty uri="com.ey.soa.si.audit.StoreAuditMessageData#S_SI_AUDIT_LOGGER_01_BO.useSSL"/>
<ConfigurableProperty uri="com.ey.soa.si.audit.StoreAuditMessageData#S_SI_AUDIT_LOGGER_01_BO.SSLPeerName"/>
<ConfigurableProperty uri="com.ey.soa.si.audit.StoreAuditMessageData#S_SI_AUDIT_LOGGER_01_BO.SSLCipherSpec"/>
<ConfigurableProperty uri="com.ey.soa.si.audit.StoreAuditMessageData#S_SI_AUDIT_LOGGER_01_BO.queueManagerName"/>
<ConfigurableProperty uri="com.ey.soa.si.audit.StoreAuditMessageData#S_SI_AUDIT_LOGGER_01_BO.replyToQMgr"/>
<ConfigurableProperty uri="com.ey.soa.si.audit.StoreAuditMessageData#S_SI_AUDIT_LOGGER_01_BO.replyToQ"/>
<ConfigurableProperty uri="com.ey.soa.si.audit.StoreAuditMessageData#S_SI_AUDIT_LOGGER_01_BO.validateMaster"/>
<ConfigurableProperty uri="com.ey.soa.si.audit.StoreAuditMessageData#S_SI_AUDIT_LOGGER_01_BO.securityProfileName"/>
<ConfigurableProperty uri="com.ey.soa.si.audit.StoreAuditMessageData#S_SI_AUDIT_LOGGER_01_BO.policyUrl"/>
<ConfigurableProperty uri="com.ey.soa.si.audit.StoreAuditMessageData#S_SI_AUDIT_LOGGER_01_BO.AddRequestToGroup"/>
<ConfigurableProperty uri="com.ey.soa.si.audit.StoreAuditMessageData#S_SI_AUDIT_LOGGER_01_BO.GroupRequestFolderName"/>
<ConfigurableProperty uri="com.ey.soa.si.audit.StoreAuditMessageData#S_SI_AUDIT_LOGGER_01_BO.GroupRequestTimeout"/>
<ConfigurableProperty override="1" uri="com.ey.soa.si.audit.StoreAuditMessageData#CheckRetry1.RetryIntervalInSec"/>
<ConfigurableProperty override="5" uri="com.ey.soa.si.audit.StoreAuditMessageData#CheckRetry1.MaxRetryCount"/>
<ConfigurableProperty uri="com.ey.soa.si.audit.StoreAuditMessageData#CheckRetry1.ErrorCodes"/>
</CompiledMessageFlow>
</Broker>