<?xml version="1.0" encoding="UTF-8"?><Broker>
<CompiledApplication>
<ConfigurableProperty uri="startMode"/>
</CompiledApplication>
<CompiledMessageFlow name="ey.opsesb.bms.EY_OPSESB_BMS_ODS_TURNAROUND">
<ConfigurableProperty uri="ey.opsesb.bms.EY_OPSESB_BMS_ODS_TURNAROUND#additionalInstances"/>
<ConfigurableProperty uri="ey.opsesb.bms.EY_OPSESB_BMS_ODS_TURNAROUND#notificationThresholdMsgsPerSec"/>
<ConfigurableProperty uri="ey.opsesb.bms.EY_OPSESB_BMS_ODS_TURNAROUND#maximumRateMsgsPerSec"/>
<ConfigurableProperty uri="ey.opsesb.bms.EY_OPSESB_BMS_ODS_TURNAROUND#processingTimeoutSec"/>
<ConfigurableProperty uri="ey.opsesb.bms.EY_OPSESB_BMS_ODS_TURNAROUND#processingTimeoutAction"/>
<ConfigurableProperty uri="ey.opsesb.bms.EY_OPSESB_BMS_ODS_TURNAROUND#wlmPolicy"/>
<ConfigurableProperty uri="ey.opsesb.bms.EY_OPSESB_BMS_ODS_TURNAROUND#commitCount"/>
<ConfigurableProperty uri="ey.opsesb.bms.EY_OPSESB_BMS_ODS_TURNAROUND#commitInterval"/>
<ConfigurableProperty uri="ey.opsesb.bms.EY_OPSESB_BMS_ODS_TURNAROUND#coordinatedTransaction"/>
<ConfigurableProperty uri="ey.opsesb.bms.EY_OPSESB_BMS_ODS_TURNAROUND#consumerPolicySet"/>
<ConfigurableProperty uri="ey.opsesb.bms.EY_OPSESB_BMS_ODS_TURNAROUND#providerPolicySet"/>
<ConfigurableProperty uri="ey.opsesb.bms.EY_OPSESB_BMS_ODS_TURNAROUND#consumerPolicySetBindings"/>
<ConfigurableProperty uri="ey.opsesb.bms.EY_OPSESB_BMS_ODS_TURNAROUND#providerPolicySetBindings"/>
<ConfigurableProperty uri="ey.opsesb.bms.EY_OPSESB_BMS_ODS_TURNAROUND#securityProfileName"/>
<ConfigurableProperty uri="ey.opsesb.bms.EY_OPSESB_BMS_ODS_TURNAROUND#monitoringProfile"/>
<ConfigurableProperty uri="ey.opsesb.bms.EY_OPSESB_BMS_ODS_TURNAROUND#startMode"/>
<ConfigurableProperty uri="ey.opsesb.bms.EY_OPSESB_BMS_ODS_TURNAROUND#startInstancesWhenFlowStarts"/>
<ConfigurableProperty override="OPSESB" uri="ey.opsesb.bms.EY_OPSESB_BMS_ODS_TURNAROUND#ODS_USER_NM"/>
<ConfigurableProperty override="ops_ods" uri="ey.opsesb.bms.EY_OPSESB_BMS_ODS_TURNAROUND#DB_Schema"/>
<ConfigurableProperty override="OPSESB_TST" uri="ey.opsesb.bms.EY_OPSESB_BMS_ODS_TURNAROUND#DB_Name"/>
<ConfigurableProperty override="EY_A_OPSESB_FLIGHTTURNAROUND_AQ_01" uri="ey.opsesb.bms.EY_OPSESB_BMS_ODS_TURNAROUND#TURNAROUNDBAG_ALIASQNAME"/>
<ConfigurableProperty override="OPSESB_TST" uri="ey.opsesb.bms.EY_OPSESB_BMS_ODS_TURNAROUND#dataSource"/>
<ConfigurableProperty override="200" uri="ey.opsesb.bms.EY_OPSESB_BMS_ODS_TURNAROUND#SleepIntervalInMilliSec"/>
<ConfigurableProperty override="'CAN','NOP','CX'" uri="ey.opsesb.bms.EY_OPSESB_BMS_ODS_TURNAROUND#NonOpeFlightStatusCodes"/>
<ConfigurableProperty override="Movement Control System" uri="ey.opsesb.bms.EY_OPSESB_BMS_ODS_TURNAROUND#PrioritySourceSystem"/>
<ConfigurableProperty override="true" uri="ey.opsesb.bms.EY_OPSESB_BMS_ODS_TURNAROUND#RelaxationRequired"/>
<ConfigurableProperty uri="ey.opsesb.bms.EY_OPSESB_BMS_ODS_TURNAROUND#EY_OPSESB_BMS_ODS_InsertTurnaroundBagData.connectDatasourceBeforeFlowStarts"/>
<ConfigurableProperty uri="ey.opsesb.bms.EY_OPSESB_BMS_ODS_TURNAROUND#EY_OPSESB_BMS_ODS_InsertTurnaroundBagData.validateMaster"/>
<ConfigurableProperty override="EY_A_BMS_OPSESB_TURNAROUND_01" uri="ey.opsesb.bms.EY_OPSESB_BMS_ODS_TURNAROUND#EY_A_BMS_OPSESB_TURNAROUND_01.queueName"/>
<ConfigurableProperty uri="ey.opsesb.bms.EY_OPSESB_BMS_ODS_TURNAROUND#EY_A_BMS_OPSESB_TURNAROUND_01.connection"/>
<ConfigurableProperty uri="ey.opsesb.bms.EY_OPSESB_BMS_ODS_TURNAROUND#EY_A_BMS_OPSESB_TURNAROUND_01.destinationQueueManagerName"/>
<ConfigurableProperty uri="ey.opsesb.bms.EY_OPSESB_BMS_ODS_TURNAROUND#EY_A_BMS_OPSESB_TURNAROUND_01.queueManagerHostname"/>
<ConfigurableProperty uri="ey.opsesb.bms.EY_OPSESB_BMS_ODS_TURNAROUND#EY_A_BMS_OPSESB_TURNAROUND_01.listenerPortNumber"/>
<ConfigurableProperty uri="ey.opsesb.bms.EY_OPSESB_BMS_ODS_TURNAROUND#EY_A_BMS_OPSESB_TURNAROUND_01.channelName"/>
<ConfigurableProperty uri="ey.opsesb.bms.EY_OPSESB_BMS_ODS_TURNAROUND#EY_A_BMS_OPSESB_TURNAROUND_01.securityIdentity"/>
<ConfigurableProperty uri="ey.opsesb.bms.EY_OPSESB_BMS_ODS_TURNAROUND#EY_A_BMS_OPSESB_TURNAROUND_01.useSSL"/>
<ConfigurableProperty uri="ey.opsesb.bms.EY_OPSESB_BMS_ODS_TURNAROUND#EY_A_BMS_OPSESB_TURNAROUND_01.SSLPeerName"/>
<ConfigurableProperty uri="ey.opsesb.bms.EY_OPSESB_BMS_ODS_TURNAROUND#EY_A_BMS_OPSESB_TURNAROUND_01.SSLCipherSpec"/>
<ConfigurableProperty uri="ey.opsesb.bms.EY_OPSESB_BMS_ODS_TURNAROUND#EY_A_BMS_OPSESB_TURNAROUND_01.serializationToken"/>
<ConfigurableProperty uri="ey.opsesb.bms.EY_OPSESB_BMS_ODS_TURNAROUND#EY_A_BMS_OPSESB_TURNAROUND_01.topicProperty"/>
<ConfigurableProperty uri="ey.opsesb.bms.EY_OPSESB_BMS_ODS_TURNAROUND#EY_A_BMS_OPSESB_TURNAROUND_01.resetBrowseTimeout"/>
<ConfigurableProperty override="contentAndValue" uri="ey.opsesb.bms.EY_OPSESB_BMS_ODS_TURNAROUND#EY_A_BMS_OPSESB_TURNAROUND_01.validateMaster"/>
<ConfigurableProperty uri="ey.opsesb.bms.EY_OPSESB_BMS_ODS_TURNAROUND#EY_A_BMS_OPSESB_TURNAROUND_01.securityProfileName"/>
<ConfigurableProperty uri="ey.opsesb.bms.EY_OPSESB_BMS_ODS_TURNAROUND#EY_A_BMS_OPSESB_TURNAROUND_01.componentLevel"/>
<ConfigurableProperty uri="ey.opsesb.bms.EY_OPSESB_BMS_ODS_TURNAROUND#EY_A_BMS_OPSESB_TURNAROUND_01.additionalInstances"/>
<ConfigurableProperty uri="ey.opsesb.bms.EY_OPSESB_BMS_ODS_TURNAROUND#EY_A_BMS_OPSESB_TURNAROUND_01.policyUrl"/>
<ConfigurableProperty override="BMS_OPSESB_ODS_TURNAROUND" uri="ey.opsesb.bms.EY_OPSESB_BMS_ODS_TURNAROUND#AuditLogger.InterfaceID"/>
<ConfigurableProperty override="Received Turnaround Baggage Load from BMS" uri="ey.opsesb.bms.EY_OPSESB_BMS_ODS_TURNAROUND#AuditLogger.StatusText"/>
<ConfigurableProperty override="1a" uri="ey.opsesb.bms.EY_OPSESB_BMS_ODS_TURNAROUND#AuditLogger.ProcessStep"/>
<ConfigurableProperty uri="ey.opsesb.bms.EY_OPSESB_BMS_ODS_TURNAROUND#AuditLogger.IsMsgDetailsRequired"/>
<ConfigurableProperty uri="ey.opsesb.bms.EY_OPSESB_BMS_ODS_TURNAROUND#AuditLogger.IsPayloadRequired"/>
<ConfigurableProperty uri="ey.opsesb.bms.EY_OPSESB_BMS_ODS_TURNAROUND#AuditLogger.MsgFormat"/>
<ConfigurableProperty override="I" uri="ey.opsesb.bms.EY_OPSESB_BMS_ODS_TURNAROUND#AuditLogger.DataDirection"/>
<ConfigurableProperty uri="ey.opsesb.bms.EY_OPSESB_BMS_ODS_TURNAROUND#AuditLogger.CharacterSet"/>
<ConfigurableProperty uri="ey.opsesb.bms.EY_OPSESB_BMS_ODS_TURNAROUND#AuditLogger.MessageSizeInMB"/>
<ConfigurableProperty uri="ey.opsesb.bms.EY_OPSESB_BMS_ODS_TURNAROUND#AuditLogger.MsgType"/>
<ConfigurableProperty override="true" uri="ey.opsesb.bms.EY_OPSESB_BMS_ODS_TURNAROUND#AuditLogger.IsAuditLogRequired"/>
<ConfigurableProperty uri="ey.opsesb.bms.EY_OPSESB_BMS_ODS_TURNAROUND#AuditLogger.IsParentChildRelationRequired"/>
<ConfigurableProperty uri="ey.opsesb.bms.EY_OPSESB_BMS_ODS_TURNAROUND#AuditLogger.AuditFileRequired"/>
<ConfigurableProperty uri="ey.opsesb.bms.EY_OPSESB_BMS_ODS_TURNAROUND#PublishToTopic.queueName"/>
<ConfigurableProperty uri="ey.opsesb.bms.EY_OPSESB_BMS_ODS_TURNAROUND#PublishToTopic.connection"/>
<ConfigurableProperty uri="ey.opsesb.bms.EY_OPSESB_BMS_ODS_TURNAROUND#PublishToTopic.destinationQueueManagerName"/>
<ConfigurableProperty uri="ey.opsesb.bms.EY_OPSESB_BMS_ODS_TURNAROUND#PublishToTopic.queueManagerHostname"/>
<ConfigurableProperty uri="ey.opsesb.bms.EY_OPSESB_BMS_ODS_TURNAROUND#PublishToTopic.listenerPortNumber"/>
<ConfigurableProperty uri="ey.opsesb.bms.EY_OPSESB_BMS_ODS_TURNAROUND#PublishToTopic.channelName"/>
<ConfigurableProperty uri="ey.opsesb.bms.EY_OPSESB_BMS_ODS_TURNAROUND#PublishToTopic.securityIdentity"/>
<ConfigurableProperty uri="ey.opsesb.bms.EY_OPSESB_BMS_ODS_TURNAROUND#PublishToTopic.useSSL"/>
<ConfigurableProperty uri="ey.opsesb.bms.EY_OPSESB_BMS_ODS_TURNAROUND#PublishToTopic.SSLPeerName"/>
<ConfigurableProperty uri="ey.opsesb.bms.EY_OPSESB_BMS_ODS_TURNAROUND#PublishToTopic.SSLCipherSpec"/>
<ConfigurableProperty uri="ey.opsesb.bms.EY_OPSESB_BMS_ODS_TURNAROUND#PublishToTopic.queueManagerName"/>
<ConfigurableProperty uri="ey.opsesb.bms.EY_OPSESB_BMS_ODS_TURNAROUND#PublishToTopic.replyToQMgr"/>
<ConfigurableProperty uri="ey.opsesb.bms.EY_OPSESB_BMS_ODS_TURNAROUND#PublishToTopic.replyToQ"/>
<ConfigurableProperty uri="ey.opsesb.bms.EY_OPSESB_BMS_ODS_TURNAROUND#PublishToTopic.validateMaster"/>
<ConfigurableProperty uri="ey.opsesb.bms.EY_OPSESB_BMS_ODS_TURNAROUND#PublishToTopic.securityProfileName"/>
<ConfigurableProperty uri="ey.opsesb.bms.EY_OPSESB_BMS_ODS_TURNAROUND#PublishToTopic.policyUrl"/>
<ConfigurableProperty uri="ey.opsesb.bms.EY_OPSESB_BMS_ODS_TURNAROUND#PublishToTopic.AddRequestToGroup"/>
<ConfigurableProperty uri="ey.opsesb.bms.EY_OPSESB_BMS_ODS_TURNAROUND#PublishToTopic.GroupRequestFolderName"/>
<ConfigurableProperty uri="ey.opsesb.bms.EY_OPSESB_BMS_ODS_TURNAROUND#PublishToTopic.GroupRequestTimeout"/>
<ConfigurableProperty override="Turnaround Baggage Load Inserted Into ODS" uri="ey.opsesb.bms.EY_OPSESB_BMS_ODS_TURNAROUND#CaptureLog.StatusText"/>
<ConfigurableProperty uri="ey.opsesb.bms.EY_OPSESB_BMS_ODS_TURNAROUND#CaptureLog.IsMsgDetailsRequired"/>
<ConfigurableProperty uri="ey.opsesb.bms.EY_OPSESB_BMS_ODS_TURNAROUND#CaptureLog.IsPayloadRequired"/>
<ConfigurableProperty uri="ey.opsesb.bms.EY_OPSESB_BMS_ODS_TURNAROUND#CaptureLog.MsgFormat"/>
<ConfigurableProperty uri="ey.opsesb.bms.EY_OPSESB_BMS_ODS_TURNAROUND#CaptureLog.DataDirection"/>
<ConfigurableProperty uri="ey.opsesb.bms.EY_OPSESB_BMS_ODS_TURNAROUND#CaptureLog.CharacterSet"/>
<ConfigurableProperty uri="ey.opsesb.bms.EY_OPSESB_BMS_ODS_TURNAROUND#CaptureLog.MessageSizeInMB"/>
<ConfigurableProperty override="1b" uri="ey.opsesb.bms.EY_OPSESB_BMS_ODS_TURNAROUND#CaptureLog.ProcessStep"/>
<ConfigurableProperty uri="ey.opsesb.bms.EY_OPSESB_BMS_ODS_TURNAROUND#CaptureLog.IsParentChildRelationRequired"/>
<ConfigurableProperty override="Published Turnaround Baggage Load Notification to Topic" uri="ey.opsesb.bms.EY_OPSESB_BMS_ODS_TURNAROUND#CaptureLog_Topic.StatusText"/>
<ConfigurableProperty uri="ey.opsesb.bms.EY_OPSESB_BMS_ODS_TURNAROUND#CaptureLog_Topic.IsMsgDetailsRequired"/>
<ConfigurableProperty uri="ey.opsesb.bms.EY_OPSESB_BMS_ODS_TURNAROUND#CaptureLog_Topic.IsPayloadRequired"/>
<ConfigurableProperty uri="ey.opsesb.bms.EY_OPSESB_BMS_ODS_TURNAROUND#CaptureLog_Topic.MsgFormat"/>
<ConfigurableProperty uri="ey.opsesb.bms.EY_OPSESB_BMS_ODS_TURNAROUND#CaptureLog_Topic.DataDirection"/>
<ConfigurableProperty uri="ey.opsesb.bms.EY_OPSESB_BMS_ODS_TURNAROUND#CaptureLog_Topic.CharacterSet"/>
<ConfigurableProperty uri="ey.opsesb.bms.EY_OPSESB_BMS_ODS_TURNAROUND#CaptureLog_Topic.MessageSizeInMB"/>
<ConfigurableProperty override="1c" uri="ey.opsesb.bms.EY_OPSESB_BMS_ODS_TURNAROUND#CaptureLog_Topic.ProcessStep"/>
<ConfigurableProperty uri="ey.opsesb.bms.EY_OPSESB_BMS_ODS_TURNAROUND#CaptureLog_Topic.IsParentChildRelationRequired"/>
<ConfigurableProperty uri="ey.opsesb.bms.EY_OPSESB_BMS_ODS_TURNAROUND#CheckRetry.RetryIntervalInSec"/>
<ConfigurableProperty uri="ey.opsesb.bms.EY_OPSESB_BMS_ODS_TURNAROUND#CheckRetry.MaxRetryCount"/>
<ConfigurableProperty uri="ey.opsesb.bms.EY_OPSESB_BMS_ODS_TURNAROUND#CheckRetry.ErrorCodes"/>
</CompiledMessageFlow>
</Broker>