<?xml version="1.0" encoding="UTF-8"?><Broker>
<CompiledApplication>
<ConfigurableProperty uri="startMode"/>
</CompiledApplication>
<CompiledMessageFlow name="ey.opsesb.bms.EY_OPSESB_BMS_ODS_BAGGAGELOAD">
<ConfigurableProperty uri="ey.opsesb.bms.EY_OPSESB_BMS_ODS_BAGGAGELOAD#additionalInstances"/>
<ConfigurableProperty uri="ey.opsesb.bms.EY_OPSESB_BMS_ODS_BAGGAGELOAD#notificationThresholdMsgsPerSec"/>
<ConfigurableProperty uri="ey.opsesb.bms.EY_OPSESB_BMS_ODS_BAGGAGELOAD#maximumRateMsgsPerSec"/>
<ConfigurableProperty uri="ey.opsesb.bms.EY_OPSESB_BMS_ODS_BAGGAGELOAD#processingTimeoutSec"/>
<ConfigurableProperty uri="ey.opsesb.bms.EY_OPSESB_BMS_ODS_BAGGAGELOAD#processingTimeoutAction"/>
<ConfigurableProperty uri="ey.opsesb.bms.EY_OPSESB_BMS_ODS_BAGGAGELOAD#wlmPolicy"/>
<ConfigurableProperty uri="ey.opsesb.bms.EY_OPSESB_BMS_ODS_BAGGAGELOAD#commitCount"/>
<ConfigurableProperty uri="ey.opsesb.bms.EY_OPSESB_BMS_ODS_BAGGAGELOAD#commitInterval"/>
<ConfigurableProperty uri="ey.opsesb.bms.EY_OPSESB_BMS_ODS_BAGGAGELOAD#coordinatedTransaction"/>
<ConfigurableProperty uri="ey.opsesb.bms.EY_OPSESB_BMS_ODS_BAGGAGELOAD#consumerPolicySet"/>
<ConfigurableProperty uri="ey.opsesb.bms.EY_OPSESB_BMS_ODS_BAGGAGELOAD#providerPolicySet"/>
<ConfigurableProperty uri="ey.opsesb.bms.EY_OPSESB_BMS_ODS_BAGGAGELOAD#consumerPolicySetBindings"/>
<ConfigurableProperty uri="ey.opsesb.bms.EY_OPSESB_BMS_ODS_BAGGAGELOAD#providerPolicySetBindings"/>
<ConfigurableProperty uri="ey.opsesb.bms.EY_OPSESB_BMS_ODS_BAGGAGELOAD#securityProfileName"/>
<ConfigurableProperty uri="ey.opsesb.bms.EY_OPSESB_BMS_ODS_BAGGAGELOAD#monitoringProfile"/>
<ConfigurableProperty uri="ey.opsesb.bms.EY_OPSESB_BMS_ODS_BAGGAGELOAD#startMode"/>
<ConfigurableProperty uri="ey.opsesb.bms.EY_OPSESB_BMS_ODS_BAGGAGELOAD#startInstancesWhenFlowStarts"/>
<ConfigurableProperty override="OPSESB" uri="ey.opsesb.bms.EY_OPSESB_BMS_ODS_BAGGAGELOAD#ODS_USER_NM"/>
<ConfigurableProperty override="ops_ods" uri="ey.opsesb.bms.EY_OPSESB_BMS_ODS_BAGGAGELOAD#DB_Schema"/>
<ConfigurableProperty override="OPSESB_TST" uri="ey.opsesb.bms.EY_OPSESB_BMS_ODS_BAGGAGELOAD#DB_Name"/>
<ConfigurableProperty override="EY_A_OPSESB_FLIGHTACTUALBAGGAGELOAD_AQ_01" uri="ey.opsesb.bms.EY_OPSESB_BMS_ODS_BAGGAGELOAD#ACTUAL_QNAME"/>
<ConfigurableProperty override="OPSESB_TST" uri="ey.opsesb.bms.EY_OPSESB_BMS_ODS_BAGGAGELOAD#dataSource"/>
<ConfigurableProperty override="200" uri="ey.opsesb.bms.EY_OPSESB_BMS_ODS_BAGGAGELOAD#SleepIntervalInMilliSec"/>
<ConfigurableProperty override="'CAN','NOP','CX'" uri="ey.opsesb.bms.EY_OPSESB_BMS_ODS_BAGGAGELOAD#NonOpeFlightStatusCodes"/>
<ConfigurableProperty override="Movement Control System" uri="ey.opsesb.bms.EY_OPSESB_BMS_ODS_BAGGAGELOAD#PrioritySourceSystem"/>
<ConfigurableProperty override="true" uri="ey.opsesb.bms.EY_OPSESB_BMS_ODS_BAGGAGELOAD#RelaxationRequired"/>
<ConfigurableProperty override="BaggageloaddataInsertedIntoODS" uri="ey.opsesb.bms.EY_OPSESB_BMS_ODS_BAGGAGELOAD#CaptureLog.StatusText"/>
<ConfigurableProperty uri="ey.opsesb.bms.EY_OPSESB_BMS_ODS_BAGGAGELOAD#CaptureLog.IsMsgDetailsRequired"/>
<ConfigurableProperty uri="ey.opsesb.bms.EY_OPSESB_BMS_ODS_BAGGAGELOAD#CaptureLog.IsPayloadRequired"/>
<ConfigurableProperty uri="ey.opsesb.bms.EY_OPSESB_BMS_ODS_BAGGAGELOAD#CaptureLog.MsgFormat"/>
<ConfigurableProperty uri="ey.opsesb.bms.EY_OPSESB_BMS_ODS_BAGGAGELOAD#CaptureLog.DataDirection"/>
<ConfigurableProperty uri="ey.opsesb.bms.EY_OPSESB_BMS_ODS_BAGGAGELOAD#CaptureLog.CharacterSet"/>
<ConfigurableProperty uri="ey.opsesb.bms.EY_OPSESB_BMS_ODS_BAGGAGELOAD#CaptureLog.MessageSizeInMB"/>
<ConfigurableProperty override="1b" uri="ey.opsesb.bms.EY_OPSESB_BMS_ODS_BAGGAGELOAD#CaptureLog.ProcessStep"/>
<ConfigurableProperty uri="ey.opsesb.bms.EY_OPSESB_BMS_ODS_BAGGAGELOAD#CaptureLog.IsParentChildRelationRequired"/>
<ConfigurableProperty uri="ey.opsesb.bms.EY_OPSESB_BMS_ODS_BAGGAGELOAD#EY_OPSESB_BMS_ODS_InsertBaggageData.connectDatasourceBeforeFlowStarts"/>
<ConfigurableProperty uri="ey.opsesb.bms.EY_OPSESB_BMS_ODS_BAGGAGELOAD#EY_OPSESB_BMS_ODS_InsertBaggageData.validateMaster"/>
<ConfigurableProperty override="EY_A_BMS_OPSESB_BAGGAGE_LOAD_01" uri="ey.opsesb.bms.EY_OPSESB_BMS_ODS_BAGGAGELOAD#EY_A_BMS_OPSESB_BAGGAGE_LOAD_01.queueName"/>
<ConfigurableProperty uri="ey.opsesb.bms.EY_OPSESB_BMS_ODS_BAGGAGELOAD#EY_A_BMS_OPSESB_BAGGAGE_LOAD_01.connection"/>
<ConfigurableProperty uri="ey.opsesb.bms.EY_OPSESB_BMS_ODS_BAGGAGELOAD#EY_A_BMS_OPSESB_BAGGAGE_LOAD_01.destinationQueueManagerName"/>
<ConfigurableProperty uri="ey.opsesb.bms.EY_OPSESB_BMS_ODS_BAGGAGELOAD#EY_A_BMS_OPSESB_BAGGAGE_LOAD_01.queueManagerHostname"/>
<ConfigurableProperty uri="ey.opsesb.bms.EY_OPSESB_BMS_ODS_BAGGAGELOAD#EY_A_BMS_OPSESB_BAGGAGE_LOAD_01.listenerPortNumber"/>
<ConfigurableProperty uri="ey.opsesb.bms.EY_OPSESB_BMS_ODS_BAGGAGELOAD#EY_A_BMS_OPSESB_BAGGAGE_LOAD_01.channelName"/>
<ConfigurableProperty uri="ey.opsesb.bms.EY_OPSESB_BMS_ODS_BAGGAGELOAD#EY_A_BMS_OPSESB_BAGGAGE_LOAD_01.securityIdentity"/>
<ConfigurableProperty uri="ey.opsesb.bms.EY_OPSESB_BMS_ODS_BAGGAGELOAD#EY_A_BMS_OPSESB_BAGGAGE_LOAD_01.useSSL"/>
<ConfigurableProperty uri="ey.opsesb.bms.EY_OPSESB_BMS_ODS_BAGGAGELOAD#EY_A_BMS_OPSESB_BAGGAGE_LOAD_01.SSLPeerName"/>
<ConfigurableProperty uri="ey.opsesb.bms.EY_OPSESB_BMS_ODS_BAGGAGELOAD#EY_A_BMS_OPSESB_BAGGAGE_LOAD_01.SSLCipherSpec"/>
<ConfigurableProperty uri="ey.opsesb.bms.EY_OPSESB_BMS_ODS_BAGGAGELOAD#EY_A_BMS_OPSESB_BAGGAGE_LOAD_01.serializationToken"/>
<ConfigurableProperty uri="ey.opsesb.bms.EY_OPSESB_BMS_ODS_BAGGAGELOAD#EY_A_BMS_OPSESB_BAGGAGE_LOAD_01.topicProperty"/>
<ConfigurableProperty uri="ey.opsesb.bms.EY_OPSESB_BMS_ODS_BAGGAGELOAD#EY_A_BMS_OPSESB_BAGGAGE_LOAD_01.resetBrowseTimeout"/>
<ConfigurableProperty override="contentAndValue" uri="ey.opsesb.bms.EY_OPSESB_BMS_ODS_BAGGAGELOAD#EY_A_BMS_OPSESB_BAGGAGE_LOAD_01.validateMaster"/>
<ConfigurableProperty uri="ey.opsesb.bms.EY_OPSESB_BMS_ODS_BAGGAGELOAD#EY_A_BMS_OPSESB_BAGGAGE_LOAD_01.securityProfileName"/>
<ConfigurableProperty uri="ey.opsesb.bms.EY_OPSESB_BMS_ODS_BAGGAGELOAD#EY_A_BMS_OPSESB_BAGGAGE_LOAD_01.componentLevel"/>
<ConfigurableProperty uri="ey.opsesb.bms.EY_OPSESB_BMS_ODS_BAGGAGELOAD#EY_A_BMS_OPSESB_BAGGAGE_LOAD_01.additionalInstances"/>
<ConfigurableProperty uri="ey.opsesb.bms.EY_OPSESB_BMS_ODS_BAGGAGELOAD#EY_A_BMS_OPSESB_BAGGAGE_LOAD_01.policyUrl"/>
<ConfigurableProperty override="BMS_OPSESB_ODS_BAGGAGELOAD" uri="ey.opsesb.bms.EY_OPSESB_BMS_ODS_BAGGAGELOAD#AuditLogger.InterfaceID"/>
<ConfigurableProperty override="Received Baggage Load  Information from BMS" uri="ey.opsesb.bms.EY_OPSESB_BMS_ODS_BAGGAGELOAD#AuditLogger.StatusText"/>
<ConfigurableProperty override="1a" uri="ey.opsesb.bms.EY_OPSESB_BMS_ODS_BAGGAGELOAD#AuditLogger.ProcessStep"/>
<ConfigurableProperty uri="ey.opsesb.bms.EY_OPSESB_BMS_ODS_BAGGAGELOAD#AuditLogger.IsMsgDetailsRequired"/>
<ConfigurableProperty uri="ey.opsesb.bms.EY_OPSESB_BMS_ODS_BAGGAGELOAD#AuditLogger.IsPayloadRequired"/>
<ConfigurableProperty uri="ey.opsesb.bms.EY_OPSESB_BMS_ODS_BAGGAGELOAD#AuditLogger.MsgFormat"/>
<ConfigurableProperty override="I" uri="ey.opsesb.bms.EY_OPSESB_BMS_ODS_BAGGAGELOAD#AuditLogger.DataDirection"/>
<ConfigurableProperty uri="ey.opsesb.bms.EY_OPSESB_BMS_ODS_BAGGAGELOAD#AuditLogger.CharacterSet"/>
<ConfigurableProperty uri="ey.opsesb.bms.EY_OPSESB_BMS_ODS_BAGGAGELOAD#AuditLogger.MessageSizeInMB"/>
<ConfigurableProperty uri="ey.opsesb.bms.EY_OPSESB_BMS_ODS_BAGGAGELOAD#AuditLogger.MsgType"/>
<ConfigurableProperty override="true" uri="ey.opsesb.bms.EY_OPSESB_BMS_ODS_BAGGAGELOAD#AuditLogger.IsAuditLogRequired"/>
<ConfigurableProperty uri="ey.opsesb.bms.EY_OPSESB_BMS_ODS_BAGGAGELOAD#AuditLogger.IsParentChildRelationRequired"/>
<ConfigurableProperty uri="ey.opsesb.bms.EY_OPSESB_BMS_ODS_BAGGAGELOAD#AuditLogger.AuditFileRequired"/>
<ConfigurableProperty uri="ey.opsesb.bms.EY_OPSESB_BMS_ODS_BAGGAGELOAD#PublishToTopic.queueName"/>
<ConfigurableProperty uri="ey.opsesb.bms.EY_OPSESB_BMS_ODS_BAGGAGELOAD#PublishToTopic.connection"/>
<ConfigurableProperty uri="ey.opsesb.bms.EY_OPSESB_BMS_ODS_BAGGAGELOAD#PublishToTopic.destinationQueueManagerName"/>
<ConfigurableProperty uri="ey.opsesb.bms.EY_OPSESB_BMS_ODS_BAGGAGELOAD#PublishToTopic.queueManagerHostname"/>
<ConfigurableProperty uri="ey.opsesb.bms.EY_OPSESB_BMS_ODS_BAGGAGELOAD#PublishToTopic.listenerPortNumber"/>
<ConfigurableProperty uri="ey.opsesb.bms.EY_OPSESB_BMS_ODS_BAGGAGELOAD#PublishToTopic.channelName"/>
<ConfigurableProperty uri="ey.opsesb.bms.EY_OPSESB_BMS_ODS_BAGGAGELOAD#PublishToTopic.securityIdentity"/>
<ConfigurableProperty uri="ey.opsesb.bms.EY_OPSESB_BMS_ODS_BAGGAGELOAD#PublishToTopic.useSSL"/>
<ConfigurableProperty uri="ey.opsesb.bms.EY_OPSESB_BMS_ODS_BAGGAGELOAD#PublishToTopic.SSLPeerName"/>
<ConfigurableProperty uri="ey.opsesb.bms.EY_OPSESB_BMS_ODS_BAGGAGELOAD#PublishToTopic.SSLCipherSpec"/>
<ConfigurableProperty uri="ey.opsesb.bms.EY_OPSESB_BMS_ODS_BAGGAGELOAD#PublishToTopic.queueManagerName"/>
<ConfigurableProperty uri="ey.opsesb.bms.EY_OPSESB_BMS_ODS_BAGGAGELOAD#PublishToTopic.replyToQMgr"/>
<ConfigurableProperty uri="ey.opsesb.bms.EY_OPSESB_BMS_ODS_BAGGAGELOAD#PublishToTopic.replyToQ"/>
<ConfigurableProperty uri="ey.opsesb.bms.EY_OPSESB_BMS_ODS_BAGGAGELOAD#PublishToTopic.validateMaster"/>
<ConfigurableProperty uri="ey.opsesb.bms.EY_OPSESB_BMS_ODS_BAGGAGELOAD#PublishToTopic.securityProfileName"/>
<ConfigurableProperty uri="ey.opsesb.bms.EY_OPSESB_BMS_ODS_BAGGAGELOAD#PublishToTopic.policyUrl"/>
<ConfigurableProperty uri="ey.opsesb.bms.EY_OPSESB_BMS_ODS_BAGGAGELOAD#PublishToTopic.AddRequestToGroup"/>
<ConfigurableProperty uri="ey.opsesb.bms.EY_OPSESB_BMS_ODS_BAGGAGELOAD#PublishToTopic.GroupRequestFolderName"/>
<ConfigurableProperty uri="ey.opsesb.bms.EY_OPSESB_BMS_ODS_BAGGAGELOAD#PublishToTopic.GroupRequestTimeout"/>
<ConfigurableProperty override="Published the notification to topic" uri="ey.opsesb.bms.EY_OPSESB_BMS_ODS_BAGGAGELOAD#CaptureLog1.StatusText"/>
<ConfigurableProperty uri="ey.opsesb.bms.EY_OPSESB_BMS_ODS_BAGGAGELOAD#CaptureLog1.IsMsgDetailsRequired"/>
<ConfigurableProperty uri="ey.opsesb.bms.EY_OPSESB_BMS_ODS_BAGGAGELOAD#CaptureLog1.IsPayloadRequired"/>
<ConfigurableProperty uri="ey.opsesb.bms.EY_OPSESB_BMS_ODS_BAGGAGELOAD#CaptureLog1.MsgFormat"/>
<ConfigurableProperty uri="ey.opsesb.bms.EY_OPSESB_BMS_ODS_BAGGAGELOAD#CaptureLog1.DataDirection"/>
<ConfigurableProperty uri="ey.opsesb.bms.EY_OPSESB_BMS_ODS_BAGGAGELOAD#CaptureLog1.CharacterSet"/>
<ConfigurableProperty uri="ey.opsesb.bms.EY_OPSESB_BMS_ODS_BAGGAGELOAD#CaptureLog1.MessageSizeInMB"/>
<ConfigurableProperty override="1c" uri="ey.opsesb.bms.EY_OPSESB_BMS_ODS_BAGGAGELOAD#CaptureLog1.ProcessStep"/>
<ConfigurableProperty uri="ey.opsesb.bms.EY_OPSESB_BMS_ODS_BAGGAGELOAD#CaptureLog1.IsParentChildRelationRequired"/>
<ConfigurableProperty uri="ey.opsesb.bms.EY_OPSESB_BMS_ODS_BAGGAGELOAD#CheckRetry.RetryIntervalInSec"/>
<ConfigurableProperty uri="ey.opsesb.bms.EY_OPSESB_BMS_ODS_BAGGAGELOAD#CheckRetry.MaxRetryCount"/>
<ConfigurableProperty uri="ey.opsesb.bms.EY_OPSESB_BMS_ODS_BAGGAGELOAD#CheckRetry.ErrorCodes"/>
</CompiledMessageFlow>
</Broker>