<?xml version="1.0" encoding="UTF-8"?><Broker>
<CompiledMessageFlow name="com.ey.soa.si.exceptionhandler.ExceptionHandler" type="subflow">
<ConfigurableProperty override="FIN.InvoiceCanonical-v1.0.0" uri="com.ey.soa.si.exceptionhandler.ExceptionHandler#ApplicationName"/>
<ConfigurableProperty override="false" uri="com.ey.soa.si.exceptionhandler.ExceptionHandler#ExceptionFileRequired"/>
<ConfigurableProperty uri="com.ey.soa.si.exceptionhandler.ExceptionHandler#Capture Exception Info.dataSource"/>
<ConfigurableProperty uri="com.ey.soa.si.exceptionhandler.ExceptionHandler#Capture Exception Info.connectDatasourceBeforeFlowStarts"/>
<ConfigurableProperty uri="com.ey.soa.si.exceptionhandler.ExceptionHandler#Capture Exception Info.validateMaster"/>
<ConfigurableProperty override="S_SI_EXCEPTION_LOGGER_01" uri="com.ey.soa.si.exceptionhandler.ExceptionHandler#S_SI_EXCEPTION_LOGGER_01.queueName"/>
<ConfigurableProperty uri="com.ey.soa.si.exceptionhandler.ExceptionHandler#S_SI_EXCEPTION_LOGGER_01.connection"/>
<ConfigurableProperty uri="com.ey.soa.si.exceptionhandler.ExceptionHandler#S_SI_EXCEPTION_LOGGER_01.destinationQueueManagerName"/>
<ConfigurableProperty uri="com.ey.soa.si.exceptionhandler.ExceptionHandler#S_SI_EXCEPTION_LOGGER_01.queueManagerHostname"/>
<ConfigurableProperty uri="com.ey.soa.si.exceptionhandler.ExceptionHandler#S_SI_EXCEPTION_LOGGER_01.listenerPortNumber"/>
<ConfigurableProperty uri="com.ey.soa.si.exceptionhandler.ExceptionHandler#S_SI_EXCEPTION_LOGGER_01.channelName"/>
<ConfigurableProperty uri="com.ey.soa.si.exceptionhandler.ExceptionHandler#S_SI_EXCEPTION_LOGGER_01.securityIdentity"/>
<ConfigurableProperty uri="com.ey.soa.si.exceptionhandler.ExceptionHandler#S_SI_EXCEPTION_LOGGER_01.useSSL"/>
<ConfigurableProperty uri="com.ey.soa.si.exceptionhandler.ExceptionHandler#S_SI_EXCEPTION_LOGGER_01.SSLPeerName"/>
<ConfigurableProperty uri="com.ey.soa.si.exceptionhandler.ExceptionHandler#S_SI_EXCEPTION_LOGGER_01.SSLCipherSpec"/>
<ConfigurableProperty uri="com.ey.soa.si.exceptionhandler.ExceptionHandler#S_SI_EXCEPTION_LOGGER_01.queueManagerName"/>
<ConfigurableProperty uri="com.ey.soa.si.exceptionhandler.ExceptionHandler#S_SI_EXCEPTION_LOGGER_01.replyToQMgr"/>
<ConfigurableProperty uri="com.ey.soa.si.exceptionhandler.ExceptionHandler#S_SI_EXCEPTION_LOGGER_01.replyToQ"/>
<ConfigurableProperty uri="com.ey.soa.si.exceptionhandler.ExceptionHandler#S_SI_EXCEPTION_LOGGER_01.validateMaster"/>
<ConfigurableProperty uri="com.ey.soa.si.exceptionhandler.ExceptionHandler#S_SI_EXCEPTION_LOGGER_01.securityProfileName"/>
<ConfigurableProperty uri="com.ey.soa.si.exceptionhandler.ExceptionHandler#S_SI_EXCEPTION_LOGGER_01.policyUrl"/>
<ConfigurableProperty uri="com.ey.soa.si.exceptionhandler.ExceptionHandler#S_SI_EXCEPTION_LOGGER_01.AddRequestToGroup"/>
<ConfigurableProperty uri="com.ey.soa.si.exceptionhandler.ExceptionHandler#S_SI_EXCEPTION_LOGGER_01.GroupRequestFolderName"/>
<ConfigurableProperty uri="com.ey.soa.si.exceptionhandler.ExceptionHandler#S_SI_EXCEPTION_LOGGER_01.GroupRequestTimeout"/>
<ConfigurableProperty override="S_SI_EXCEPTION_LOGGER_FILE_01" uri="com.ey.soa.si.exceptionhandler.ExceptionHandler#S_SI_EXCEPTION_LOGGER_FILE_01.queueName"/>
<ConfigurableProperty uri="com.ey.soa.si.exceptionhandler.ExceptionHandler#S_SI_EXCEPTION_LOGGER_FILE_01.connection"/>
<ConfigurableProperty uri="com.ey.soa.si.exceptionhandler.ExceptionHandler#S_SI_EXCEPTION_LOGGER_FILE_01.destinationQueueManagerName"/>
<ConfigurableProperty uri="com.ey.soa.si.exceptionhandler.ExceptionHandler#S_SI_EXCEPTION_LOGGER_FILE_01.queueManagerHostname"/>
<ConfigurableProperty uri="com.ey.soa.si.exceptionhandler.ExceptionHandler#S_SI_EXCEPTION_LOGGER_FILE_01.listenerPortNumber"/>
<ConfigurableProperty uri="com.ey.soa.si.exceptionhandler.ExceptionHandler#S_SI_EXCEPTION_LOGGER_FILE_01.channelName"/>
<ConfigurableProperty uri="com.ey.soa.si.exceptionhandler.ExceptionHandler#S_SI_EXCEPTION_LOGGER_FILE_01.securityIdentity"/>
<ConfigurableProperty uri="com.ey.soa.si.exceptionhandler.ExceptionHandler#S_SI_EXCEPTION_LOGGER_FILE_01.useSSL"/>
<ConfigurableProperty uri="com.ey.soa.si.exceptionhandler.ExceptionHandler#S_SI_EXCEPTION_LOGGER_FILE_01.SSLPeerName"/>
<ConfigurableProperty uri="com.ey.soa.si.exceptionhandler.ExceptionHandler#S_SI_EXCEPTION_LOGGER_FILE_01.SSLCipherSpec"/>
<ConfigurableProperty uri="com.ey.soa.si.exceptionhandler.ExceptionHandler#S_SI_EXCEPTION_LOGGER_FILE_01.queueManagerName"/>
<ConfigurableProperty uri="com.ey.soa.si.exceptionhandler.ExceptionHandler#S_SI_EXCEPTION_LOGGER_FILE_01.replyToQMgr"/>
<ConfigurableProperty uri="com.ey.soa.si.exceptionhandler.ExceptionHandler#S_SI_EXCEPTION_LOGGER_FILE_01.replyToQ"/>
<ConfigurableProperty override="none" uri="com.ey.soa.si.exceptionhandler.ExceptionHandler#S_SI_EXCEPTION_LOGGER_FILE_01.validateMaster"/>
<ConfigurableProperty uri="com.ey.soa.si.exceptionhandler.ExceptionHandler#S_SI_EXCEPTION_LOGGER_FILE_01.securityProfileName"/>
<ConfigurableProperty uri="com.ey.soa.si.exceptionhandler.ExceptionHandler#S_SI_EXCEPTION_LOGGER_FILE_01.policyUrl"/>
<ConfigurableProperty uri="com.ey.soa.si.exceptionhandler.ExceptionHandler#S_SI_EXCEPTION_LOGGER_FILE_01.AddRequestToGroup"/>
<ConfigurableProperty uri="com.ey.soa.si.exceptionhandler.ExceptionHandler#S_SI_EXCEPTION_LOGGER_FILE_01.GroupRequestFolderName"/>
<ConfigurableProperty uri="com.ey.soa.si.exceptionhandler.ExceptionHandler#S_SI_EXCEPTION_LOGGER_FILE_01.GroupRequestTimeout"/>
<ConfigurableProperty override="S_SI_EXCEPTION_LOGGER_01_BO" uri="com.ey.soa.si.exceptionhandler.ExceptionHandler#S_SI_EXCEPTION_LOGGER_01_BO.queueName"/>
<ConfigurableProperty uri="com.ey.soa.si.exceptionhandler.ExceptionHandler#S_SI_EXCEPTION_LOGGER_01_BO.connection"/>
<ConfigurableProperty uri="com.ey.soa.si.exceptionhandler.ExceptionHandler#S_SI_EXCEPTION_LOGGER_01_BO.destinationQueueManagerName"/>
<ConfigurableProperty uri="com.ey.soa.si.exceptionhandler.ExceptionHandler#S_SI_EXCEPTION_LOGGER_01_BO.queueManagerHostname"/>
<ConfigurableProperty uri="com.ey.soa.si.exceptionhandler.ExceptionHandler#S_SI_EXCEPTION_LOGGER_01_BO.listenerPortNumber"/>
<ConfigurableProperty uri="com.ey.soa.si.exceptionhandler.ExceptionHandler#S_SI_EXCEPTION_LOGGER_01_BO.channelName"/>
<ConfigurableProperty uri="com.ey.soa.si.exceptionhandler.ExceptionHandler#S_SI_EXCEPTION_LOGGER_01_BO.securityIdentity"/>
<ConfigurableProperty uri="com.ey.soa.si.exceptionhandler.ExceptionHandler#S_SI_EXCEPTION_LOGGER_01_BO.useSSL"/>
<ConfigurableProperty uri="com.ey.soa.si.exceptionhandler.ExceptionHandler#S_SI_EXCEPTION_LOGGER_01_BO.SSLPeerName"/>
<ConfigurableProperty uri="com.ey.soa.si.exceptionhandler.ExceptionHandler#S_SI_EXCEPTION_LOGGER_01_BO.SSLCipherSpec"/>
<ConfigurableProperty uri="com.ey.soa.si.exceptionhandler.ExceptionHandler#S_SI_EXCEPTION_LOGGER_01_BO.queueManagerName"/>
<ConfigurableProperty uri="com.ey.soa.si.exceptionhandler.ExceptionHandler#S_SI_EXCEPTION_LOGGER_01_BO.replyToQMgr"/>
<ConfigurableProperty uri="com.ey.soa.si.exceptionhandler.ExceptionHandler#S_SI_EXCEPTION_LOGGER_01_BO.replyToQ"/>
<ConfigurableProperty override="none" uri="com.ey.soa.si.exceptionhandler.ExceptionHandler#S_SI_EXCEPTION_LOGGER_01_BO.validateMaster"/>
<ConfigurableProperty uri="com.ey.soa.si.exceptionhandler.ExceptionHandler#S_SI_EXCEPTION_LOGGER_01_BO.securityProfileName"/>
<ConfigurableProperty uri="com.ey.soa.si.exceptionhandler.ExceptionHandler#S_SI_EXCEPTION_LOGGER_01_BO.policyUrl"/>
<ConfigurableProperty uri="com.ey.soa.si.exceptionhandler.ExceptionHandler#S_SI_EXCEPTION_LOGGER_01_BO.AddRequestToGroup"/>
<ConfigurableProperty uri="com.ey.soa.si.exceptionhandler.ExceptionHandler#S_SI_EXCEPTION_LOGGER_01_BO.GroupRequestFolderName"/>
<ConfigurableProperty uri="com.ey.soa.si.exceptionhandler.ExceptionHandler#S_SI_EXCEPTION_LOGGER_01_BO.GroupRequestTimeout"/>
</CompiledMessageFlow>
</Broker>