<?xml version="1.0" encoding="UTF-8"?><Broker>
<CompiledApplication>
<ConfigurableProperty uri="startMode"/>
</CompiledApplication>
<CompiledMessageFlow name="ey.opsesb.neo.EY_OPSESB_NEO_AIDX">
<ConfigurableProperty uri="ey.opsesb.neo.EY_OPSESB_NEO_AIDX#additionalInstances"/>
<ConfigurableProperty uri="ey.opsesb.neo.EY_OPSESB_NEO_AIDX#notificationThresholdMsgsPerSec"/>
<ConfigurableProperty uri="ey.opsesb.neo.EY_OPSESB_NEO_AIDX#maximumRateMsgsPerSec"/>
<ConfigurableProperty uri="ey.opsesb.neo.EY_OPSESB_NEO_AIDX#processingTimeoutSec"/>
<ConfigurableProperty uri="ey.opsesb.neo.EY_OPSESB_NEO_AIDX#processingTimeoutAction"/>
<ConfigurableProperty uri="ey.opsesb.neo.EY_OPSESB_NEO_AIDX#wlmPolicy"/>
<ConfigurableProperty uri="ey.opsesb.neo.EY_OPSESB_NEO_AIDX#commitCount"/>
<ConfigurableProperty uri="ey.opsesb.neo.EY_OPSESB_NEO_AIDX#commitInterval"/>
<ConfigurableProperty uri="ey.opsesb.neo.EY_OPSESB_NEO_AIDX#coordinatedTransaction"/>
<ConfigurableProperty uri="ey.opsesb.neo.EY_OPSESB_NEO_AIDX#consumerPolicySet"/>
<ConfigurableProperty uri="ey.opsesb.neo.EY_OPSESB_NEO_AIDX#providerPolicySet"/>
<ConfigurableProperty uri="ey.opsesb.neo.EY_OPSESB_NEO_AIDX#consumerPolicySetBindings"/>
<ConfigurableProperty uri="ey.opsesb.neo.EY_OPSESB_NEO_AIDX#providerPolicySetBindings"/>
<ConfigurableProperty uri="ey.opsesb.neo.EY_OPSESB_NEO_AIDX#securityProfileName"/>
<ConfigurableProperty uri="ey.opsesb.neo.EY_OPSESB_NEO_AIDX#monitoringProfile"/>
<ConfigurableProperty uri="ey.opsesb.neo.EY_OPSESB_NEO_AIDX#startMode"/>
<ConfigurableProperty uri="ey.opsesb.neo.EY_OPSESB_NEO_AIDX#startInstancesWhenFlowStarts"/>
<ConfigurableProperty override="OPSESB_TST" uri="ey.opsesb.neo.EY_OPSESB_NEO_AIDX#DB_Name"/>
<ConfigurableProperty override="ops_ods" uri="ey.opsesb.neo.EY_OPSESB_NEO_AIDX#DB_Schema"/>
<ConfigurableProperty override="72" uri="ey.opsesb.neo.EY_OPSESB_NEO_AIDX#EY_END_TIME_REALTIME"/>
<ConfigurableProperty override="EY_A_OPSESB_SS_FSUPDATE_REALTIME_NEOCA" uri="ey.opsesb.neo.EY_OPSESB_NEO_AIDX#FS_REALTIME_QUEUE"/>
<ConfigurableProperty override="EY_A_OPSESB_SS_ACTUALLOAD_BAG_NEOCA" uri="ey.opsesb.neo.EY_OPSESB_NEO_AIDX#AL_REALTIME_BAG_QUEUE"/>
<ConfigurableProperty override="EY_A_OPSESB_SS_PROGRESSIVELOAD_BAG_NEOCA" uri="ey.opsesb.neo.EY_OPSESB_NEO_AIDX#PL_REALTIME_QUEUE"/>
<ConfigurableProperty override="EY.NEO.AIDXREALTIME.TST.OUT" uri="ey.opsesb.neo.EY_OPSESB_NEO_AIDX#REALTIME_OUTPUT_QUEUE"/>
<ConfigurableProperty override="EY.NEO.AIDXBATCH.TST.OUT" uri="ey.opsesb.neo.EY_OPSESB_NEO_AIDX#BATCH_OUTPUT_QUEUE"/>
<ConfigurableProperty override="OPSESB_TST" uri="ey.opsesb.neo.EY_OPSESB_NEO_AIDX#DataSource"/>
<ConfigurableProperty override="Test" uri="ey.opsesb.neo.EY_OPSESB_NEO_AIDX#TARGET"/>
<ConfigurableProperty override="EY_A_OPSESB_SS_ACTUALLOAD_PAX_NEOCA" uri="ey.opsesb.neo.EY_OPSESB_NEO_AIDX#AL_REALTIME_PAX_QUEUE"/>
<ConfigurableProperty override="24" uri="ey.opsesb.neo.EY_OPSESB_NEO_AIDX#OAL_END_TIME_REALTIME"/>
<ConfigurableProperty override="EY_A_OPSESB_SS_FSUPDATE_ONDEMAND_NEOCA" uri="ey.opsesb.neo.EY_OPSESB_NEO_AIDX#FS_ONDEMAND_QUEUE"/>
<ConfigurableProperty override="0" uri="ey.opsesb.neo.EY_OPSESB_NEO_AIDX#OAL_START_TIME_BATCH"/>
<ConfigurableProperty override="48" uri="ey.opsesb.neo.EY_OPSESB_NEO_AIDX#OAL_END_TIME_BATCH"/>
<ConfigurableProperty override="EY_A_OPSESB_SS_BOOKEDPAXLOAD_NEOCA" uri="ey.opsesb.neo.EY_OPSESB_NEO_AIDX#BOOKEDPAX_QUEUE"/>
<ConfigurableProperty override="EY_A_OPSESB_SS_FSUPDATE_REALTIME_NEOCA" uri="ey.opsesb.neo.EY_OPSESB_NEO_AIDX#EY_A_OPSESB_SS_FSUPDATE_REALTIME_NEOCA.queueName"/>
<ConfigurableProperty uri="ey.opsesb.neo.EY_OPSESB_NEO_AIDX#EY_A_OPSESB_SS_FSUPDATE_REALTIME_NEOCA.connection"/>
<ConfigurableProperty uri="ey.opsesb.neo.EY_OPSESB_NEO_AIDX#EY_A_OPSESB_SS_FSUPDATE_REALTIME_NEOCA.destinationQueueManagerName"/>
<ConfigurableProperty uri="ey.opsesb.neo.EY_OPSESB_NEO_AIDX#EY_A_OPSESB_SS_FSUPDATE_REALTIME_NEOCA.queueManagerHostname"/>
<ConfigurableProperty uri="ey.opsesb.neo.EY_OPSESB_NEO_AIDX#EY_A_OPSESB_SS_FSUPDATE_REALTIME_NEOCA.listenerPortNumber"/>
<ConfigurableProperty uri="ey.opsesb.neo.EY_OPSESB_NEO_AIDX#EY_A_OPSESB_SS_FSUPDATE_REALTIME_NEOCA.channelName"/>
<ConfigurableProperty uri="ey.opsesb.neo.EY_OPSESB_NEO_AIDX#EY_A_OPSESB_SS_FSUPDATE_REALTIME_NEOCA.securityIdentity"/>
<ConfigurableProperty uri="ey.opsesb.neo.EY_OPSESB_NEO_AIDX#EY_A_OPSESB_SS_FSUPDATE_REALTIME_NEOCA.useSSL"/>
<ConfigurableProperty uri="ey.opsesb.neo.EY_OPSESB_NEO_AIDX#EY_A_OPSESB_SS_FSUPDATE_REALTIME_NEOCA.SSLPeerName"/>
<ConfigurableProperty uri="ey.opsesb.neo.EY_OPSESB_NEO_AIDX#EY_A_OPSESB_SS_FSUPDATE_REALTIME_NEOCA.SSLCipherSpec"/>
<ConfigurableProperty uri="ey.opsesb.neo.EY_OPSESB_NEO_AIDX#EY_A_OPSESB_SS_FSUPDATE_REALTIME_NEOCA.serializationToken"/>
<ConfigurableProperty uri="ey.opsesb.neo.EY_OPSESB_NEO_AIDX#EY_A_OPSESB_SS_FSUPDATE_REALTIME_NEOCA.topicProperty"/>
<ConfigurableProperty uri="ey.opsesb.neo.EY_OPSESB_NEO_AIDX#EY_A_OPSESB_SS_FSUPDATE_REALTIME_NEOCA.resetBrowseTimeout"/>
<ConfigurableProperty uri="ey.opsesb.neo.EY_OPSESB_NEO_AIDX#EY_A_OPSESB_SS_FSUPDATE_REALTIME_NEOCA.validateMaster"/>
<ConfigurableProperty uri="ey.opsesb.neo.EY_OPSESB_NEO_AIDX#EY_A_OPSESB_SS_FSUPDATE_REALTIME_NEOCA.securityProfileName"/>
<ConfigurableProperty uri="ey.opsesb.neo.EY_OPSESB_NEO_AIDX#EY_A_OPSESB_SS_FSUPDATE_REALTIME_NEOCA.componentLevel"/>
<ConfigurableProperty uri="ey.opsesb.neo.EY_OPSESB_NEO_AIDX#EY_A_OPSESB_SS_FSUPDATE_REALTIME_NEOCA.additionalInstances"/>
<ConfigurableProperty uri="ey.opsesb.neo.EY_OPSESB_NEO_AIDX#EY_A_OPSESB_SS_FSUPDATE_REALTIME_NEOCA.policyUrl"/>
<ConfigurableProperty override="EY_A_OPSESB_SS_FSUPDATE_ONDEMAND_NEOCA" uri="ey.opsesb.neo.EY_OPSESB_NEO_AIDX#EY_A_OPSESB_SS_FSUPDATE_ONDEMAND_NEOCA.queueName"/>
<ConfigurableProperty uri="ey.opsesb.neo.EY_OPSESB_NEO_AIDX#EY_A_OPSESB_SS_FSUPDATE_ONDEMAND_NEOCA.connection"/>
<ConfigurableProperty uri="ey.opsesb.neo.EY_OPSESB_NEO_AIDX#EY_A_OPSESB_SS_FSUPDATE_ONDEMAND_NEOCA.destinationQueueManagerName"/>
<ConfigurableProperty uri="ey.opsesb.neo.EY_OPSESB_NEO_AIDX#EY_A_OPSESB_SS_FSUPDATE_ONDEMAND_NEOCA.queueManagerHostname"/>
<ConfigurableProperty uri="ey.opsesb.neo.EY_OPSESB_NEO_AIDX#EY_A_OPSESB_SS_FSUPDATE_ONDEMAND_NEOCA.listenerPortNumber"/>
<ConfigurableProperty uri="ey.opsesb.neo.EY_OPSESB_NEO_AIDX#EY_A_OPSESB_SS_FSUPDATE_ONDEMAND_NEOCA.channelName"/>
<ConfigurableProperty uri="ey.opsesb.neo.EY_OPSESB_NEO_AIDX#EY_A_OPSESB_SS_FSUPDATE_ONDEMAND_NEOCA.securityIdentity"/>
<ConfigurableProperty uri="ey.opsesb.neo.EY_OPSESB_NEO_AIDX#EY_A_OPSESB_SS_FSUPDATE_ONDEMAND_NEOCA.useSSL"/>
<ConfigurableProperty uri="ey.opsesb.neo.EY_OPSESB_NEO_AIDX#EY_A_OPSESB_SS_FSUPDATE_ONDEMAND_NEOCA.SSLPeerName"/>
<ConfigurableProperty uri="ey.opsesb.neo.EY_OPSESB_NEO_AIDX#EY_A_OPSESB_SS_FSUPDATE_ONDEMAND_NEOCA.SSLCipherSpec"/>
<ConfigurableProperty uri="ey.opsesb.neo.EY_OPSESB_NEO_AIDX#EY_A_OPSESB_SS_FSUPDATE_ONDEMAND_NEOCA.serializationToken"/>
<ConfigurableProperty uri="ey.opsesb.neo.EY_OPSESB_NEO_AIDX#EY_A_OPSESB_SS_FSUPDATE_ONDEMAND_NEOCA.topicProperty"/>
<ConfigurableProperty uri="ey.opsesb.neo.EY_OPSESB_NEO_AIDX#EY_A_OPSESB_SS_FSUPDATE_ONDEMAND_NEOCA.resetBrowseTimeout"/>
<ConfigurableProperty uri="ey.opsesb.neo.EY_OPSESB_NEO_AIDX#EY_A_OPSESB_SS_FSUPDATE_ONDEMAND_NEOCA.validateMaster"/>
<ConfigurableProperty uri="ey.opsesb.neo.EY_OPSESB_NEO_AIDX#EY_A_OPSESB_SS_FSUPDATE_ONDEMAND_NEOCA.securityProfileName"/>
<ConfigurableProperty uri="ey.opsesb.neo.EY_OPSESB_NEO_AIDX#EY_A_OPSESB_SS_FSUPDATE_ONDEMAND_NEOCA.componentLevel"/>
<ConfigurableProperty uri="ey.opsesb.neo.EY_OPSESB_NEO_AIDX#EY_A_OPSESB_SS_FSUPDATE_ONDEMAND_NEOCA.additionalInstances"/>
<ConfigurableProperty uri="ey.opsesb.neo.EY_OPSESB_NEO_AIDX#EY_A_OPSESB_SS_FSUPDATE_ONDEMAND_NEOCA.policyUrl"/>
<ConfigurableProperty override="EY_A_OPSESB_SS_BOOKEDPAXLOAD_NEOCA" uri="ey.opsesb.neo.EY_OPSESB_NEO_AIDX#EY_A_OPSESB_SS_BOOKEDPAXLOAD_NEOCA.queueName"/>
<ConfigurableProperty uri="ey.opsesb.neo.EY_OPSESB_NEO_AIDX#EY_A_OPSESB_SS_BOOKEDPAXLOAD_NEOCA.connection"/>
<ConfigurableProperty uri="ey.opsesb.neo.EY_OPSESB_NEO_AIDX#EY_A_OPSESB_SS_BOOKEDPAXLOAD_NEOCA.destinationQueueManagerName"/>
<ConfigurableProperty uri="ey.opsesb.neo.EY_OPSESB_NEO_AIDX#EY_A_OPSESB_SS_BOOKEDPAXLOAD_NEOCA.queueManagerHostname"/>
<ConfigurableProperty uri="ey.opsesb.neo.EY_OPSESB_NEO_AIDX#EY_A_OPSESB_SS_BOOKEDPAXLOAD_NEOCA.listenerPortNumber"/>
<ConfigurableProperty uri="ey.opsesb.neo.EY_OPSESB_NEO_AIDX#EY_A_OPSESB_SS_BOOKEDPAXLOAD_NEOCA.channelName"/>
<ConfigurableProperty uri="ey.opsesb.neo.EY_OPSESB_NEO_AIDX#EY_A_OPSESB_SS_BOOKEDPAXLOAD_NEOCA.securityIdentity"/>
<ConfigurableProperty uri="ey.opsesb.neo.EY_OPSESB_NEO_AIDX#EY_A_OPSESB_SS_BOOKEDPAXLOAD_NEOCA.useSSL"/>
<ConfigurableProperty uri="ey.opsesb.neo.EY_OPSESB_NEO_AIDX#EY_A_OPSESB_SS_BOOKEDPAXLOAD_NEOCA.SSLPeerName"/>
<ConfigurableProperty uri="ey.opsesb.neo.EY_OPSESB_NEO_AIDX#EY_A_OPSESB_SS_BOOKEDPAXLOAD_NEOCA.SSLCipherSpec"/>
<ConfigurableProperty uri="ey.opsesb.neo.EY_OPSESB_NEO_AIDX#EY_A_OPSESB_SS_BOOKEDPAXLOAD_NEOCA.serializationToken"/>
<ConfigurableProperty uri="ey.opsesb.neo.EY_OPSESB_NEO_AIDX#EY_A_OPSESB_SS_BOOKEDPAXLOAD_NEOCA.topicProperty"/>
<ConfigurableProperty uri="ey.opsesb.neo.EY_OPSESB_NEO_AIDX#EY_A_OPSESB_SS_BOOKEDPAXLOAD_NEOCA.resetBrowseTimeout"/>
<ConfigurableProperty uri="ey.opsesb.neo.EY_OPSESB_NEO_AIDX#EY_A_OPSESB_SS_BOOKEDPAXLOAD_NEOCA.validateMaster"/>
<ConfigurableProperty uri="ey.opsesb.neo.EY_OPSESB_NEO_AIDX#EY_A_OPSESB_SS_BOOKEDPAXLOAD_NEOCA.securityProfileName"/>
<ConfigurableProperty uri="ey.opsesb.neo.EY_OPSESB_NEO_AIDX#EY_A_OPSESB_SS_BOOKEDPAXLOAD_NEOCA.componentLevel"/>
<ConfigurableProperty uri="ey.opsesb.neo.EY_OPSESB_NEO_AIDX#EY_A_OPSESB_SS_BOOKEDPAXLOAD_NEOCA.additionalInstances"/>
<ConfigurableProperty uri="ey.opsesb.neo.EY_OPSESB_NEO_AIDX#EY_A_OPSESB_SS_BOOKEDPAXLOAD_NEOCA.policyUrl"/>
<ConfigurableProperty override="EY_A_OPSESB_SS_ACTUALLOAD_BAG_NEOCA" uri="ey.opsesb.neo.EY_OPSESB_NEO_AIDX#EY_A_OPSESB_SS_ACTUALLOAD_BAG_NEOCA.queueName"/>
<ConfigurableProperty uri="ey.opsesb.neo.EY_OPSESB_NEO_AIDX#EY_A_OPSESB_SS_ACTUALLOAD_BAG_NEOCA.connection"/>
<ConfigurableProperty uri="ey.opsesb.neo.EY_OPSESB_NEO_AIDX#EY_A_OPSESB_SS_ACTUALLOAD_BAG_NEOCA.destinationQueueManagerName"/>
<ConfigurableProperty uri="ey.opsesb.neo.EY_OPSESB_NEO_AIDX#EY_A_OPSESB_SS_ACTUALLOAD_BAG_NEOCA.queueManagerHostname"/>
<ConfigurableProperty uri="ey.opsesb.neo.EY_OPSESB_NEO_AIDX#EY_A_OPSESB_SS_ACTUALLOAD_BAG_NEOCA.listenerPortNumber"/>
<ConfigurableProperty uri="ey.opsesb.neo.EY_OPSESB_NEO_AIDX#EY_A_OPSESB_SS_ACTUALLOAD_BAG_NEOCA.channelName"/>
<ConfigurableProperty uri="ey.opsesb.neo.EY_OPSESB_NEO_AIDX#EY_A_OPSESB_SS_ACTUALLOAD_BAG_NEOCA.securityIdentity"/>
<ConfigurableProperty uri="ey.opsesb.neo.EY_OPSESB_NEO_AIDX#EY_A_OPSESB_SS_ACTUALLOAD_BAG_NEOCA.useSSL"/>
<ConfigurableProperty uri="ey.opsesb.neo.EY_OPSESB_NEO_AIDX#EY_A_OPSESB_SS_ACTUALLOAD_BAG_NEOCA.SSLPeerName"/>
<ConfigurableProperty uri="ey.opsesb.neo.EY_OPSESB_NEO_AIDX#EY_A_OPSESB_SS_ACTUALLOAD_BAG_NEOCA.SSLCipherSpec"/>
<ConfigurableProperty uri="ey.opsesb.neo.EY_OPSESB_NEO_AIDX#EY_A_OPSESB_SS_ACTUALLOAD_BAG_NEOCA.serializationToken"/>
<ConfigurableProperty uri="ey.opsesb.neo.EY_OPSESB_NEO_AIDX#EY_A_OPSESB_SS_ACTUALLOAD_BAG_NEOCA.topicProperty"/>
<ConfigurableProperty uri="ey.opsesb.neo.EY_OPSESB_NEO_AIDX#EY_A_OPSESB_SS_ACTUALLOAD_BAG_NEOCA.resetBrowseTimeout"/>
<ConfigurableProperty uri="ey.opsesb.neo.EY_OPSESB_NEO_AIDX#EY_A_OPSESB_SS_ACTUALLOAD_BAG_NEOCA.validateMaster"/>
<ConfigurableProperty uri="ey.opsesb.neo.EY_OPSESB_NEO_AIDX#EY_A_OPSESB_SS_ACTUALLOAD_BAG_NEOCA.securityProfileName"/>
<ConfigurableProperty uri="ey.opsesb.neo.EY_OPSESB_NEO_AIDX#EY_A_OPSESB_SS_ACTUALLOAD_BAG_NEOCA.componentLevel"/>
<ConfigurableProperty uri="ey.opsesb.neo.EY_OPSESB_NEO_AIDX#EY_A_OPSESB_SS_ACTUALLOAD_BAG_NEOCA.additionalInstances"/>
<ConfigurableProperty uri="ey.opsesb.neo.EY_OPSESB_NEO_AIDX#EY_A_OPSESB_SS_ACTUALLOAD_BAG_NEOCA.policyUrl"/>
<ConfigurableProperty override="EY_OPSESB_NEO_AIDX" uri="ey.opsesb.neo.EY_OPSESB_NEO_AIDX#AuditLogger.InterfaceID"/>
<ConfigurableProperty override="Message Received From Shared Services" uri="ey.opsesb.neo.EY_OPSESB_NEO_AIDX#AuditLogger.StatusText"/>
<ConfigurableProperty uri="ey.opsesb.neo.EY_OPSESB_NEO_AIDX#AuditLogger.ProcessStep"/>
<ConfigurableProperty uri="ey.opsesb.neo.EY_OPSESB_NEO_AIDX#AuditLogger.IsMsgDetailsRequired"/>
<ConfigurableProperty uri="ey.opsesb.neo.EY_OPSESB_NEO_AIDX#AuditLogger.IsPayloadRequired"/>
<ConfigurableProperty uri="ey.opsesb.neo.EY_OPSESB_NEO_AIDX#AuditLogger.MsgFormat"/>
<ConfigurableProperty override="I" uri="ey.opsesb.neo.EY_OPSESB_NEO_AIDX#AuditLogger.DataDirection"/>
<ConfigurableProperty uri="ey.opsesb.neo.EY_OPSESB_NEO_AIDX#AuditLogger.CharacterSet"/>
<ConfigurableProperty uri="ey.opsesb.neo.EY_OPSESB_NEO_AIDX#AuditLogger.MessageSizeInMB"/>
<ConfigurableProperty uri="ey.opsesb.neo.EY_OPSESB_NEO_AIDX#AuditLogger.MsgType"/>
<ConfigurableProperty override="true" uri="ey.opsesb.neo.EY_OPSESB_NEO_AIDX#AuditLogger.IsAuditLogRequired"/>
<ConfigurableProperty uri="ey.opsesb.neo.EY_OPSESB_NEO_AIDX#AuditLogger.IsParentChildRelationRequired"/>
<ConfigurableProperty uri="ey.opsesb.neo.EY_OPSESB_NEO_AIDX#AuditLogger.AuditFileRequired"/>
<ConfigurableProperty override="EY_A_OPSESB_SS_PROGRESSIVELOAD_BAG_NEOCA" uri="ey.opsesb.neo.EY_OPSESB_NEO_AIDX#EY_A_OPSESB_SS_PROGRESSIVELOAD_BAG_NEOCA.queueName"/>
<ConfigurableProperty uri="ey.opsesb.neo.EY_OPSESB_NEO_AIDX#EY_A_OPSESB_SS_PROGRESSIVELOAD_BAG_NEOCA.connection"/>
<ConfigurableProperty uri="ey.opsesb.neo.EY_OPSESB_NEO_AIDX#EY_A_OPSESB_SS_PROGRESSIVELOAD_BAG_NEOCA.destinationQueueManagerName"/>
<ConfigurableProperty uri="ey.opsesb.neo.EY_OPSESB_NEO_AIDX#EY_A_OPSESB_SS_PROGRESSIVELOAD_BAG_NEOCA.queueManagerHostname"/>
<ConfigurableProperty uri="ey.opsesb.neo.EY_OPSESB_NEO_AIDX#EY_A_OPSESB_SS_PROGRESSIVELOAD_BAG_NEOCA.listenerPortNumber"/>
<ConfigurableProperty uri="ey.opsesb.neo.EY_OPSESB_NEO_AIDX#EY_A_OPSESB_SS_PROGRESSIVELOAD_BAG_NEOCA.channelName"/>
<ConfigurableProperty uri="ey.opsesb.neo.EY_OPSESB_NEO_AIDX#EY_A_OPSESB_SS_PROGRESSIVELOAD_BAG_NEOCA.securityIdentity"/>
<ConfigurableProperty uri="ey.opsesb.neo.EY_OPSESB_NEO_AIDX#EY_A_OPSESB_SS_PROGRESSIVELOAD_BAG_NEOCA.useSSL"/>
<ConfigurableProperty uri="ey.opsesb.neo.EY_OPSESB_NEO_AIDX#EY_A_OPSESB_SS_PROGRESSIVELOAD_BAG_NEOCA.SSLPeerName"/>
<ConfigurableProperty uri="ey.opsesb.neo.EY_OPSESB_NEO_AIDX#EY_A_OPSESB_SS_PROGRESSIVELOAD_BAG_NEOCA.SSLCipherSpec"/>
<ConfigurableProperty uri="ey.opsesb.neo.EY_OPSESB_NEO_AIDX#EY_A_OPSESB_SS_PROGRESSIVELOAD_BAG_NEOCA.serializationToken"/>
<ConfigurableProperty uri="ey.opsesb.neo.EY_OPSESB_NEO_AIDX#EY_A_OPSESB_SS_PROGRESSIVELOAD_BAG_NEOCA.topicProperty"/>
<ConfigurableProperty uri="ey.opsesb.neo.EY_OPSESB_NEO_AIDX#EY_A_OPSESB_SS_PROGRESSIVELOAD_BAG_NEOCA.resetBrowseTimeout"/>
<ConfigurableProperty uri="ey.opsesb.neo.EY_OPSESB_NEO_AIDX#EY_A_OPSESB_SS_PROGRESSIVELOAD_BAG_NEOCA.validateMaster"/>
<ConfigurableProperty uri="ey.opsesb.neo.EY_OPSESB_NEO_AIDX#EY_A_OPSESB_SS_PROGRESSIVELOAD_BAG_NEOCA.securityProfileName"/>
<ConfigurableProperty uri="ey.opsesb.neo.EY_OPSESB_NEO_AIDX#EY_A_OPSESB_SS_PROGRESSIVELOAD_BAG_NEOCA.componentLevel"/>
<ConfigurableProperty uri="ey.opsesb.neo.EY_OPSESB_NEO_AIDX#EY_A_OPSESB_SS_PROGRESSIVELOAD_BAG_NEOCA.additionalInstances"/>
<ConfigurableProperty uri="ey.opsesb.neo.EY_OPSESB_NEO_AIDX#EY_A_OPSESB_SS_PROGRESSIVELOAD_BAG_NEOCA.policyUrl"/>
<ConfigurableProperty override="contentAndValue" uri="ey.opsesb.neo.EY_OPSESB_NEO_AIDX#Validate.validateMaster"/>
<ConfigurableProperty override="NEO Consumer AIDX XML Output is generated" uri="ey.opsesb.neo.EY_OPSESB_NEO_AIDX#CaptureLog.StatusText"/>
<ConfigurableProperty uri="ey.opsesb.neo.EY_OPSESB_NEO_AIDX#CaptureLog.IsMsgDetailsRequired"/>
<ConfigurableProperty uri="ey.opsesb.neo.EY_OPSESB_NEO_AIDX#CaptureLog.IsPayloadRequired"/>
<ConfigurableProperty uri="ey.opsesb.neo.EY_OPSESB_NEO_AIDX#CaptureLog.MsgFormat"/>
<ConfigurableProperty uri="ey.opsesb.neo.EY_OPSESB_NEO_AIDX#CaptureLog.DataDirection"/>
<ConfigurableProperty uri="ey.opsesb.neo.EY_OPSESB_NEO_AIDX#CaptureLog.CharacterSet"/>
<ConfigurableProperty uri="ey.opsesb.neo.EY_OPSESB_NEO_AIDX#CaptureLog.MessageSizeInMB"/>
<ConfigurableProperty override="3b" uri="ey.opsesb.neo.EY_OPSESB_NEO_AIDX#CaptureLog.ProcessStep"/>
<ConfigurableProperty uri="ey.opsesb.neo.EY_OPSESB_NEO_AIDX#CaptureLog.IsParentChildRelationRequired"/>
<ConfigurableProperty uri="ey.opsesb.neo.EY_OPSESB_NEO_AIDX#NEOCA_OUTPUT.queueName"/>
<ConfigurableProperty uri="ey.opsesb.neo.EY_OPSESB_NEO_AIDX#NEOCA_OUTPUT.connection"/>
<ConfigurableProperty uri="ey.opsesb.neo.EY_OPSESB_NEO_AIDX#NEOCA_OUTPUT.destinationQueueManagerName"/>
<ConfigurableProperty uri="ey.opsesb.neo.EY_OPSESB_NEO_AIDX#NEOCA_OUTPUT.queueManagerHostname"/>
<ConfigurableProperty uri="ey.opsesb.neo.EY_OPSESB_NEO_AIDX#NEOCA_OUTPUT.listenerPortNumber"/>
<ConfigurableProperty uri="ey.opsesb.neo.EY_OPSESB_NEO_AIDX#NEOCA_OUTPUT.channelName"/>
<ConfigurableProperty uri="ey.opsesb.neo.EY_OPSESB_NEO_AIDX#NEOCA_OUTPUT.securityIdentity"/>
<ConfigurableProperty uri="ey.opsesb.neo.EY_OPSESB_NEO_AIDX#NEOCA_OUTPUT.useSSL"/>
<ConfigurableProperty uri="ey.opsesb.neo.EY_OPSESB_NEO_AIDX#NEOCA_OUTPUT.SSLPeerName"/>
<ConfigurableProperty uri="ey.opsesb.neo.EY_OPSESB_NEO_AIDX#NEOCA_OUTPUT.SSLCipherSpec"/>
<ConfigurableProperty uri="ey.opsesb.neo.EY_OPSESB_NEO_AIDX#NEOCA_OUTPUT.queueManagerName"/>
<ConfigurableProperty uri="ey.opsesb.neo.EY_OPSESB_NEO_AIDX#NEOCA_OUTPUT.replyToQMgr"/>
<ConfigurableProperty uri="ey.opsesb.neo.EY_OPSESB_NEO_AIDX#NEOCA_OUTPUT.replyToQ"/>
<ConfigurableProperty uri="ey.opsesb.neo.EY_OPSESB_NEO_AIDX#NEOCA_OUTPUT.validateMaster"/>
<ConfigurableProperty uri="ey.opsesb.neo.EY_OPSESB_NEO_AIDX#NEOCA_OUTPUT.securityProfileName"/>
<ConfigurableProperty uri="ey.opsesb.neo.EY_OPSESB_NEO_AIDX#NEOCA_OUTPUT.policyUrl"/>
<ConfigurableProperty uri="ey.opsesb.neo.EY_OPSESB_NEO_AIDX#NEOCA_OUTPUT.AddRequestToGroup"/>
<ConfigurableProperty uri="ey.opsesb.neo.EY_OPSESB_NEO_AIDX#NEOCA_OUTPUT.GroupRequestFolderName"/>
<ConfigurableProperty uri="ey.opsesb.neo.EY_OPSESB_NEO_AIDX#NEOCA_OUTPUT.GroupRequestTimeout"/>
<ConfigurableProperty uri="ey.opsesb.neo.EY_OPSESB_NEO_AIDX#OPSESB_NEO_AIDX_Mapping.connectDatasourceBeforeFlowStarts"/>
<ConfigurableProperty uri="ey.opsesb.neo.EY_OPSESB_NEO_AIDX#OPSESB_NEO_AIDX_Mapping.validateMaster"/>
<ConfigurableProperty override="Data sent to NEO Consumer AIDX Queue successfully" uri="ey.opsesb.neo.EY_OPSESB_NEO_AIDX#CaptureLog1.StatusText"/>
<ConfigurableProperty uri="ey.opsesb.neo.EY_OPSESB_NEO_AIDX#CaptureLog1.IsMsgDetailsRequired"/>
<ConfigurableProperty uri="ey.opsesb.neo.EY_OPSESB_NEO_AIDX#CaptureLog1.IsPayloadRequired"/>
<ConfigurableProperty uri="ey.opsesb.neo.EY_OPSESB_NEO_AIDX#CaptureLog1.MsgFormat"/>
<ConfigurableProperty uri="ey.opsesb.neo.EY_OPSESB_NEO_AIDX#CaptureLog1.DataDirection"/>
<ConfigurableProperty uri="ey.opsesb.neo.EY_OPSESB_NEO_AIDX#CaptureLog1.CharacterSet"/>
<ConfigurableProperty uri="ey.opsesb.neo.EY_OPSESB_NEO_AIDX#CaptureLog1.MessageSizeInMB"/>
<ConfigurableProperty override="3c" uri="ey.opsesb.neo.EY_OPSESB_NEO_AIDX#CaptureLog1.ProcessStep"/>
<ConfigurableProperty uri="ey.opsesb.neo.EY_OPSESB_NEO_AIDX#CaptureLog1.IsParentChildRelationRequired"/>
<ConfigurableProperty override="EY_A_OPSESB_SS_ACTUALLOAD_PAX_NEOCA" uri="ey.opsesb.neo.EY_OPSESB_NEO_AIDX#EY_A_OPSESB_SS_ACTUALLOAD_PAX_NEOCA.queueName"/>
<ConfigurableProperty uri="ey.opsesb.neo.EY_OPSESB_NEO_AIDX#EY_A_OPSESB_SS_ACTUALLOAD_PAX_NEOCA.connection"/>
<ConfigurableProperty uri="ey.opsesb.neo.EY_OPSESB_NEO_AIDX#EY_A_OPSESB_SS_ACTUALLOAD_PAX_NEOCA.destinationQueueManagerName"/>
<ConfigurableProperty uri="ey.opsesb.neo.EY_OPSESB_NEO_AIDX#EY_A_OPSESB_SS_ACTUALLOAD_PAX_NEOCA.queueManagerHostname"/>
<ConfigurableProperty uri="ey.opsesb.neo.EY_OPSESB_NEO_AIDX#EY_A_OPSESB_SS_ACTUALLOAD_PAX_NEOCA.listenerPortNumber"/>
<ConfigurableProperty uri="ey.opsesb.neo.EY_OPSESB_NEO_AIDX#EY_A_OPSESB_SS_ACTUALLOAD_PAX_NEOCA.channelName"/>
<ConfigurableProperty uri="ey.opsesb.neo.EY_OPSESB_NEO_AIDX#EY_A_OPSESB_SS_ACTUALLOAD_PAX_NEOCA.securityIdentity"/>
<ConfigurableProperty uri="ey.opsesb.neo.EY_OPSESB_NEO_AIDX#EY_A_OPSESB_SS_ACTUALLOAD_PAX_NEOCA.useSSL"/>
<ConfigurableProperty uri="ey.opsesb.neo.EY_OPSESB_NEO_AIDX#EY_A_OPSESB_SS_ACTUALLOAD_PAX_NEOCA.SSLPeerName"/>
<ConfigurableProperty uri="ey.opsesb.neo.EY_OPSESB_NEO_AIDX#EY_A_OPSESB_SS_ACTUALLOAD_PAX_NEOCA.SSLCipherSpec"/>
<ConfigurableProperty uri="ey.opsesb.neo.EY_OPSESB_NEO_AIDX#EY_A_OPSESB_SS_ACTUALLOAD_PAX_NEOCA.serializationToken"/>
<ConfigurableProperty uri="ey.opsesb.neo.EY_OPSESB_NEO_AIDX#EY_A_OPSESB_SS_ACTUALLOAD_PAX_NEOCA.topicProperty"/>
<ConfigurableProperty uri="ey.opsesb.neo.EY_OPSESB_NEO_AIDX#EY_A_OPSESB_SS_ACTUALLOAD_PAX_NEOCA.resetBrowseTimeout"/>
<ConfigurableProperty uri="ey.opsesb.neo.EY_OPSESB_NEO_AIDX#EY_A_OPSESB_SS_ACTUALLOAD_PAX_NEOCA.validateMaster"/>
<ConfigurableProperty uri="ey.opsesb.neo.EY_OPSESB_NEO_AIDX#EY_A_OPSESB_SS_ACTUALLOAD_PAX_NEOCA.securityProfileName"/>
<ConfigurableProperty uri="ey.opsesb.neo.EY_OPSESB_NEO_AIDX#EY_A_OPSESB_SS_ACTUALLOAD_PAX_NEOCA.componentLevel"/>
<ConfigurableProperty uri="ey.opsesb.neo.EY_OPSESB_NEO_AIDX#EY_A_OPSESB_SS_ACTUALLOAD_PAX_NEOCA.additionalInstances"/>
<ConfigurableProperty uri="ey.opsesb.neo.EY_OPSESB_NEO_AIDX#EY_A_OPSESB_SS_ACTUALLOAD_PAX_NEOCA.policyUrl"/>
<ConfigurableProperty uri="ey.opsesb.neo.EY_OPSESB_NEO_AIDX#CheckRetry.RetryIntervalInSec"/>
<ConfigurableProperty uri="ey.opsesb.neo.EY_OPSESB_NEO_AIDX#CheckRetry.MaxRetryCount"/>
<ConfigurableProperty uri="ey.opsesb.neo.EY_OPSESB_NEO_AIDX#CheckRetry.ErrorCodes"/>
</CompiledMessageFlow>
</Broker>