<?xml version="1.0" encoding="UTF-8"?><Broker>
<CompiledApplication>
<ConfigurableProperty uri="startMode"/>
</CompiledApplication>
<CompiledMessageFlow name="ey.opsesb.sharedservice.EY_OPSESB_SS_TRANSFERMATRIX_BAG_V1">
<ConfigurableProperty uri="ey.opsesb.sharedservice.EY_OPSESB_SS_TRANSFERMATRIX_BAG_V1#additionalInstances"/>
<ConfigurableProperty uri="ey.opsesb.sharedservice.EY_OPSESB_SS_TRANSFERMATRIX_BAG_V1#notificationThresholdMsgsPerSec"/>
<ConfigurableProperty uri="ey.opsesb.sharedservice.EY_OPSESB_SS_TRANSFERMATRIX_BAG_V1#maximumRateMsgsPerSec"/>
<ConfigurableProperty uri="ey.opsesb.sharedservice.EY_OPSESB_SS_TRANSFERMATRIX_BAG_V1#processingTimeoutSec"/>
<ConfigurableProperty uri="ey.opsesb.sharedservice.EY_OPSESB_SS_TRANSFERMATRIX_BAG_V1#processingTimeoutAction"/>
<ConfigurableProperty uri="ey.opsesb.sharedservice.EY_OPSESB_SS_TRANSFERMATRIX_BAG_V1#wlmPolicy"/>
<ConfigurableProperty uri="ey.opsesb.sharedservice.EY_OPSESB_SS_TRANSFERMATRIX_BAG_V1#commitCount"/>
<ConfigurableProperty uri="ey.opsesb.sharedservice.EY_OPSESB_SS_TRANSFERMATRIX_BAG_V1#commitInterval"/>
<ConfigurableProperty uri="ey.opsesb.sharedservice.EY_OPSESB_SS_TRANSFERMATRIX_BAG_V1#coordinatedTransaction"/>
<ConfigurableProperty uri="ey.opsesb.sharedservice.EY_OPSESB_SS_TRANSFERMATRIX_BAG_V1#consumerPolicySet"/>
<ConfigurableProperty uri="ey.opsesb.sharedservice.EY_OPSESB_SS_TRANSFERMATRIX_BAG_V1#providerPolicySet"/>
<ConfigurableProperty uri="ey.opsesb.sharedservice.EY_OPSESB_SS_TRANSFERMATRIX_BAG_V1#consumerPolicySetBindings"/>
<ConfigurableProperty uri="ey.opsesb.sharedservice.EY_OPSESB_SS_TRANSFERMATRIX_BAG_V1#providerPolicySetBindings"/>
<ConfigurableProperty uri="ey.opsesb.sharedservice.EY_OPSESB_SS_TRANSFERMATRIX_BAG_V1#securityProfileName"/>
<ConfigurableProperty uri="ey.opsesb.sharedservice.EY_OPSESB_SS_TRANSFERMATRIX_BAG_V1#monitoringProfile"/>
<ConfigurableProperty uri="ey.opsesb.sharedservice.EY_OPSESB_SS_TRANSFERMATRIX_BAG_V1#startMode"/>
<ConfigurableProperty uri="ey.opsesb.sharedservice.EY_OPSESB_SS_TRANSFERMATRIX_BAG_V1#startInstancesWhenFlowStarts"/>
<ConfigurableProperty override="OPSESB_TST" uri="ey.opsesb.sharedservice.EY_OPSESB_SS_TRANSFERMATRIX_BAG_V1#DB_Name"/>
<ConfigurableProperty override="ops_ods" uri="ey.opsesb.sharedservice.EY_OPSESB_SS_TRANSFERMATRIX_BAG_V1#DB_Schema"/>
<ConfigurableProperty override="OPSESB" uri="ey.opsesb.sharedservice.EY_OPSESB_SS_TRANSFERMATRIX_BAG_V1#ODS_USER_NM"/>
<ConfigurableProperty override="72" uri="ey.opsesb.sharedservice.EY_OPSESB_SS_TRANSFERMATRIX_BAG_V1#RIGHT_TFRAME"/>
<ConfigurableProperty override="2" uri="ey.opsesb.sharedservice.EY_OPSESB_SS_TRANSFERMATRIX_BAG_V1#LEFT_TFRAME"/>
<ConfigurableProperty override="EY_OPSESB_SS_TRANSFERMATRIX_BAG_AQ_01" uri="ey.opsesb.sharedservice.EY_OPSESB_SS_TRANSFERMATRIX_BAG_V1#OUTBAGQueue_Topic"/>
<ConfigurableProperty override="TRUE" uri="ey.opsesb.sharedservice.EY_OPSESB_SS_TRANSFERMATRIX_BAG_V1#LockDownFlights"/>
<ConfigurableProperty override="OPSESB_TST" uri="ey.opsesb.sharedservice.EY_OPSESB_SS_TRANSFERMATRIX_BAG_V1#dataSource"/>
<ConfigurableProperty override="EY_OPSESB_SS_TRANSFERMATRIX_BAG_IN_01" uri="ey.opsesb.sharedservice.EY_OPSESB_SS_TRANSFERMATRIX_BAG_V1#BagTransferMatrixSSInputQueue.queueName"/>
<ConfigurableProperty uri="ey.opsesb.sharedservice.EY_OPSESB_SS_TRANSFERMATRIX_BAG_V1#BagTransferMatrixSSInputQueue.connection"/>
<ConfigurableProperty uri="ey.opsesb.sharedservice.EY_OPSESB_SS_TRANSFERMATRIX_BAG_V1#BagTransferMatrixSSInputQueue.destinationQueueManagerName"/>
<ConfigurableProperty uri="ey.opsesb.sharedservice.EY_OPSESB_SS_TRANSFERMATRIX_BAG_V1#BagTransferMatrixSSInputQueue.queueManagerHostname"/>
<ConfigurableProperty uri="ey.opsesb.sharedservice.EY_OPSESB_SS_TRANSFERMATRIX_BAG_V1#BagTransferMatrixSSInputQueue.listenerPortNumber"/>
<ConfigurableProperty uri="ey.opsesb.sharedservice.EY_OPSESB_SS_TRANSFERMATRIX_BAG_V1#BagTransferMatrixSSInputQueue.channelName"/>
<ConfigurableProperty uri="ey.opsesb.sharedservice.EY_OPSESB_SS_TRANSFERMATRIX_BAG_V1#BagTransferMatrixSSInputQueue.securityIdentity"/>
<ConfigurableProperty uri="ey.opsesb.sharedservice.EY_OPSESB_SS_TRANSFERMATRIX_BAG_V1#BagTransferMatrixSSInputQueue.useSSL"/>
<ConfigurableProperty uri="ey.opsesb.sharedservice.EY_OPSESB_SS_TRANSFERMATRIX_BAG_V1#BagTransferMatrixSSInputQueue.SSLPeerName"/>
<ConfigurableProperty uri="ey.opsesb.sharedservice.EY_OPSESB_SS_TRANSFERMATRIX_BAG_V1#BagTransferMatrixSSInputQueue.SSLCipherSpec"/>
<ConfigurableProperty uri="ey.opsesb.sharedservice.EY_OPSESB_SS_TRANSFERMATRIX_BAG_V1#BagTransferMatrixSSInputQueue.serializationToken"/>
<ConfigurableProperty uri="ey.opsesb.sharedservice.EY_OPSESB_SS_TRANSFERMATRIX_BAG_V1#BagTransferMatrixSSInputQueue.topicProperty"/>
<ConfigurableProperty uri="ey.opsesb.sharedservice.EY_OPSESB_SS_TRANSFERMATRIX_BAG_V1#BagTransferMatrixSSInputQueue.resetBrowseTimeout"/>
<ConfigurableProperty uri="ey.opsesb.sharedservice.EY_OPSESB_SS_TRANSFERMATRIX_BAG_V1#BagTransferMatrixSSInputQueue.validateMaster"/>
<ConfigurableProperty uri="ey.opsesb.sharedservice.EY_OPSESB_SS_TRANSFERMATRIX_BAG_V1#BagTransferMatrixSSInputQueue.securityProfileName"/>
<ConfigurableProperty uri="ey.opsesb.sharedservice.EY_OPSESB_SS_TRANSFERMATRIX_BAG_V1#BagTransferMatrixSSInputQueue.componentLevel"/>
<ConfigurableProperty uri="ey.opsesb.sharedservice.EY_OPSESB_SS_TRANSFERMATRIX_BAG_V1#BagTransferMatrixSSInputQueue.additionalInstances"/>
<ConfigurableProperty uri="ey.opsesb.sharedservice.EY_OPSESB_SS_TRANSFERMATRIX_BAG_V1#BagTransferMatrixSSInputQueue.policyUrl"/>
<ConfigurableProperty uri="ey.opsesb.sharedservice.EY_OPSESB_SS_TRANSFERMATRIX_BAG_V1#PublishToTopic.queueName"/>
<ConfigurableProperty uri="ey.opsesb.sharedservice.EY_OPSESB_SS_TRANSFERMATRIX_BAG_V1#PublishToTopic.connection"/>
<ConfigurableProperty uri="ey.opsesb.sharedservice.EY_OPSESB_SS_TRANSFERMATRIX_BAG_V1#PublishToTopic.destinationQueueManagerName"/>
<ConfigurableProperty uri="ey.opsesb.sharedservice.EY_OPSESB_SS_TRANSFERMATRIX_BAG_V1#PublishToTopic.queueManagerHostname"/>
<ConfigurableProperty uri="ey.opsesb.sharedservice.EY_OPSESB_SS_TRANSFERMATRIX_BAG_V1#PublishToTopic.listenerPortNumber"/>
<ConfigurableProperty uri="ey.opsesb.sharedservice.EY_OPSESB_SS_TRANSFERMATRIX_BAG_V1#PublishToTopic.channelName"/>
<ConfigurableProperty uri="ey.opsesb.sharedservice.EY_OPSESB_SS_TRANSFERMATRIX_BAG_V1#PublishToTopic.securityIdentity"/>
<ConfigurableProperty uri="ey.opsesb.sharedservice.EY_OPSESB_SS_TRANSFERMATRIX_BAG_V1#PublishToTopic.useSSL"/>
<ConfigurableProperty uri="ey.opsesb.sharedservice.EY_OPSESB_SS_TRANSFERMATRIX_BAG_V1#PublishToTopic.SSLPeerName"/>
<ConfigurableProperty uri="ey.opsesb.sharedservice.EY_OPSESB_SS_TRANSFERMATRIX_BAG_V1#PublishToTopic.SSLCipherSpec"/>
<ConfigurableProperty uri="ey.opsesb.sharedservice.EY_OPSESB_SS_TRANSFERMATRIX_BAG_V1#PublishToTopic.queueManagerName"/>
<ConfigurableProperty uri="ey.opsesb.sharedservice.EY_OPSESB_SS_TRANSFERMATRIX_BAG_V1#PublishToTopic.replyToQMgr"/>
<ConfigurableProperty uri="ey.opsesb.sharedservice.EY_OPSESB_SS_TRANSFERMATRIX_BAG_V1#PublishToTopic.replyToQ"/>
<ConfigurableProperty uri="ey.opsesb.sharedservice.EY_OPSESB_SS_TRANSFERMATRIX_BAG_V1#PublishToTopic.validateMaster"/>
<ConfigurableProperty uri="ey.opsesb.sharedservice.EY_OPSESB_SS_TRANSFERMATRIX_BAG_V1#PublishToTopic.securityProfileName"/>
<ConfigurableProperty uri="ey.opsesb.sharedservice.EY_OPSESB_SS_TRANSFERMATRIX_BAG_V1#PublishToTopic.policyUrl"/>
<ConfigurableProperty uri="ey.opsesb.sharedservice.EY_OPSESB_SS_TRANSFERMATRIX_BAG_V1#PublishToTopic.AddRequestToGroup"/>
<ConfigurableProperty uri="ey.opsesb.sharedservice.EY_OPSESB_SS_TRANSFERMATRIX_BAG_V1#PublishToTopic.GroupRequestFolderName"/>
<ConfigurableProperty uri="ey.opsesb.sharedservice.EY_OPSESB_SS_TRANSFERMATRIX_BAG_V1#PublishToTopic.GroupRequestTimeout"/>
<ConfigurableProperty override="EY_OPSESB_SS_TRANSFERMATRIX_BAG" uri="ey.opsesb.sharedservice.EY_OPSESB_SS_TRANSFERMATRIX_BAG_V1#AuditLogger.InterfaceID"/>
<ConfigurableProperty override="Real time Notification Received" uri="ey.opsesb.sharedservice.EY_OPSESB_SS_TRANSFERMATRIX_BAG_V1#AuditLogger.StatusText"/>
<ConfigurableProperty override="2a" uri="ey.opsesb.sharedservice.EY_OPSESB_SS_TRANSFERMATRIX_BAG_V1#AuditLogger.ProcessStep"/>
<ConfigurableProperty uri="ey.opsesb.sharedservice.EY_OPSESB_SS_TRANSFERMATRIX_BAG_V1#AuditLogger.IsMsgDetailsRequired"/>
<ConfigurableProperty uri="ey.opsesb.sharedservice.EY_OPSESB_SS_TRANSFERMATRIX_BAG_V1#AuditLogger.IsPayloadRequired"/>
<ConfigurableProperty uri="ey.opsesb.sharedservice.EY_OPSESB_SS_TRANSFERMATRIX_BAG_V1#AuditLogger.MsgFormat"/>
<ConfigurableProperty override="I" uri="ey.opsesb.sharedservice.EY_OPSESB_SS_TRANSFERMATRIX_BAG_V1#AuditLogger.DataDirection"/>
<ConfigurableProperty uri="ey.opsesb.sharedservice.EY_OPSESB_SS_TRANSFERMATRIX_BAG_V1#AuditLogger.CharacterSet"/>
<ConfigurableProperty uri="ey.opsesb.sharedservice.EY_OPSESB_SS_TRANSFERMATRIX_BAG_V1#AuditLogger.MessageSizeInMB"/>
<ConfigurableProperty uri="ey.opsesb.sharedservice.EY_OPSESB_SS_TRANSFERMATRIX_BAG_V1#AuditLogger.MsgType"/>
<ConfigurableProperty override="true" uri="ey.opsesb.sharedservice.EY_OPSESB_SS_TRANSFERMATRIX_BAG_V1#AuditLogger.IsAuditLogRequired"/>
<ConfigurableProperty uri="ey.opsesb.sharedservice.EY_OPSESB_SS_TRANSFERMATRIX_BAG_V1#AuditLogger.IsParentChildRelationRequired"/>
<ConfigurableProperty uri="ey.opsesb.sharedservice.EY_OPSESB_SS_TRANSFERMATRIX_BAG_V1#AuditLogger.AuditFileRequired"/>
<ConfigurableProperty override="Bag Transfer Matrix details have been shared" uri="ey.opsesb.sharedservice.EY_OPSESB_SS_TRANSFERMATRIX_BAG_V1#CaptureLog.StatusText"/>
<ConfigurableProperty uri="ey.opsesb.sharedservice.EY_OPSESB_SS_TRANSFERMATRIX_BAG_V1#CaptureLog.IsMsgDetailsRequired"/>
<ConfigurableProperty uri="ey.opsesb.sharedservice.EY_OPSESB_SS_TRANSFERMATRIX_BAG_V1#CaptureLog.IsPayloadRequired"/>
<ConfigurableProperty uri="ey.opsesb.sharedservice.EY_OPSESB_SS_TRANSFERMATRIX_BAG_V1#CaptureLog.MsgFormat"/>
<ConfigurableProperty uri="ey.opsesb.sharedservice.EY_OPSESB_SS_TRANSFERMATRIX_BAG_V1#CaptureLog.DataDirection"/>
<ConfigurableProperty uri="ey.opsesb.sharedservice.EY_OPSESB_SS_TRANSFERMATRIX_BAG_V1#CaptureLog.CharacterSet"/>
<ConfigurableProperty uri="ey.opsesb.sharedservice.EY_OPSESB_SS_TRANSFERMATRIX_BAG_V1#CaptureLog.MessageSizeInMB"/>
<ConfigurableProperty override="2c" uri="ey.opsesb.sharedservice.EY_OPSESB_SS_TRANSFERMATRIX_BAG_V1#CaptureLog.ProcessStep"/>
<ConfigurableProperty uri="ey.opsesb.sharedservice.EY_OPSESB_SS_TRANSFERMATRIX_BAG_V1#CaptureLog.IsParentChildRelationRequired"/>
<ConfigurableProperty override="contentAndValue" uri="ey.opsesb.sharedservice.EY_OPSESB_SS_TRANSFERMATRIX_BAG_V1#Validate.validateMaster"/>
<ConfigurableProperty uri="ey.opsesb.sharedservice.EY_OPSESB_SS_TRANSFERMATRIX_BAG_V1#EY_OPSESB_SS_BagTransferMatrix.connectDatasourceBeforeFlowStarts"/>
<ConfigurableProperty uri="ey.opsesb.sharedservice.EY_OPSESB_SS_TRANSFERMATRIX_BAG_V1#EY_OPSESB_SS_BagTransferMatrix.validateMaster"/>
<ConfigurableProperty override="Bag Transfer Matrix notification to be shared to Queue Topic" uri="ey.opsesb.sharedservice.EY_OPSESB_SS_TRANSFERMATRIX_BAG_V1#CaptureLog1.StatusText"/>
<ConfigurableProperty uri="ey.opsesb.sharedservice.EY_OPSESB_SS_TRANSFERMATRIX_BAG_V1#CaptureLog1.IsMsgDetailsRequired"/>
<ConfigurableProperty uri="ey.opsesb.sharedservice.EY_OPSESB_SS_TRANSFERMATRIX_BAG_V1#CaptureLog1.IsPayloadRequired"/>
<ConfigurableProperty uri="ey.opsesb.sharedservice.EY_OPSESB_SS_TRANSFERMATRIX_BAG_V1#CaptureLog1.MsgFormat"/>
<ConfigurableProperty uri="ey.opsesb.sharedservice.EY_OPSESB_SS_TRANSFERMATRIX_BAG_V1#CaptureLog1.DataDirection"/>
<ConfigurableProperty uri="ey.opsesb.sharedservice.EY_OPSESB_SS_TRANSFERMATRIX_BAG_V1#CaptureLog1.CharacterSet"/>
<ConfigurableProperty uri="ey.opsesb.sharedservice.EY_OPSESB_SS_TRANSFERMATRIX_BAG_V1#CaptureLog1.MessageSizeInMB"/>
<ConfigurableProperty override="2b" uri="ey.opsesb.sharedservice.EY_OPSESB_SS_TRANSFERMATRIX_BAG_V1#CaptureLog1.ProcessStep"/>
<ConfigurableProperty uri="ey.opsesb.sharedservice.EY_OPSESB_SS_TRANSFERMATRIX_BAG_V1#CaptureLog1.IsParentChildRelationRequired"/>
<ConfigurableProperty uri="ey.opsesb.sharedservice.EY_OPSESB_SS_TRANSFERMATRIX_BAG_V1#CheckRetry.RetryIntervalInSec"/>
<ConfigurableProperty uri="ey.opsesb.sharedservice.EY_OPSESB_SS_TRANSFERMATRIX_BAG_V1#CheckRetry.MaxRetryCount"/>
<ConfigurableProperty uri="ey.opsesb.sharedservice.EY_OPSESB_SS_TRANSFERMATRIX_BAG_V1#CheckRetry.ErrorCodes"/>
</CompiledMessageFlow>
</Broker>