<?xml version="1.0" encoding="UTF-8"?><Broker>
<CompiledApplication>
<ConfigurableProperty uri="startMode"/>
</CompiledApplication>
<CompiledMessageFlow name="ey.oct.cbcms.EY_OCT_CBCMS">
<ConfigurableProperty uri="ey.oct.cbcms.EY_OCT_CBCMS#additionalInstances"/>
<ConfigurableProperty uri="ey.oct.cbcms.EY_OCT_CBCMS#notificationThresholdMsgsPerSec"/>
<ConfigurableProperty uri="ey.oct.cbcms.EY_OCT_CBCMS#maximumRateMsgsPerSec"/>
<ConfigurableProperty uri="ey.oct.cbcms.EY_OCT_CBCMS#processingTimeoutSec"/>
<ConfigurableProperty uri="ey.oct.cbcms.EY_OCT_CBCMS#processingTimeoutAction"/>
<ConfigurableProperty uri="ey.oct.cbcms.EY_OCT_CBCMS#wlmPolicy"/>
<ConfigurableProperty uri="ey.oct.cbcms.EY_OCT_CBCMS#commitCount"/>
<ConfigurableProperty uri="ey.oct.cbcms.EY_OCT_CBCMS#commitInterval"/>
<ConfigurableProperty uri="ey.oct.cbcms.EY_OCT_CBCMS#coordinatedTransaction"/>
<ConfigurableProperty uri="ey.oct.cbcms.EY_OCT_CBCMS#consumerPolicySet"/>
<ConfigurableProperty uri="ey.oct.cbcms.EY_OCT_CBCMS#providerPolicySet"/>
<ConfigurableProperty uri="ey.oct.cbcms.EY_OCT_CBCMS#consumerPolicySetBindings"/>
<ConfigurableProperty uri="ey.oct.cbcms.EY_OCT_CBCMS#providerPolicySetBindings"/>
<ConfigurableProperty uri="ey.oct.cbcms.EY_OCT_CBCMS#securityProfileName"/>
<ConfigurableProperty uri="ey.oct.cbcms.EY_OCT_CBCMS#monitoringProfile"/>
<ConfigurableProperty uri="ey.oct.cbcms.EY_OCT_CBCMS#startMode"/>
<ConfigurableProperty uri="ey.oct.cbcms.EY_OCT_CBCMS#startInstancesWhenFlowStarts"/>
<ConfigurableProperty override="/tmp/CBCMS/Internal" uri="ey.oct.cbcms.EY_OCT_CBCMS#TempFileDirectory"/>
<ConfigurableProperty override="/tmp/CBCMS/Output" uri="ey.oct.cbcms.EY_OCT_CBCMS#OutputFileDirectory"/>
<ConfigurableProperty override="Schedule Date Dep,Carrier Code,Flt Number,Flt Code,Dep,Arr,Dep Gate,Arr Gate,Dep Term,Arr term,Emb F,Emb J,EmbY,Trans F,Trans J,Trans Y,Dep Stand,Arr Stand,GuestETD" uri="ey.oct.cbcms.EY_OCT_CBCMS#headerValues"/>
<ConfigurableProperty override="180" uri="ey.oct.cbcms.EY_OCT_CBCMS#collectionExpiry"/>
<ConfigurableProperty override="CTI_New" uri="ey.oct.cbcms.EY_OCT_CBCMS#CtiFile"/>
<ConfigurableProperty override="GatesInformation" uri="ey.oct.cbcms.EY_OCT_CBCMS#GatesFile"/>
<ConfigurableProperty override="EY_A_OPSESB_SS_FSUPDATE_ONDEMAND_CBCMS_CA" uri="ey.oct.cbcms.EY_OCT_CBCMS#CBCMS_Input.queueName"/>
<ConfigurableProperty uri="ey.oct.cbcms.EY_OCT_CBCMS#CBCMS_Input.connection"/>
<ConfigurableProperty uri="ey.oct.cbcms.EY_OCT_CBCMS#CBCMS_Input.destinationQueueManagerName"/>
<ConfigurableProperty uri="ey.oct.cbcms.EY_OCT_CBCMS#CBCMS_Input.queueManagerHostname"/>
<ConfigurableProperty uri="ey.oct.cbcms.EY_OCT_CBCMS#CBCMS_Input.listenerPortNumber"/>
<ConfigurableProperty uri="ey.oct.cbcms.EY_OCT_CBCMS#CBCMS_Input.channelName"/>
<ConfigurableProperty uri="ey.oct.cbcms.EY_OCT_CBCMS#CBCMS_Input.securityIdentity"/>
<ConfigurableProperty uri="ey.oct.cbcms.EY_OCT_CBCMS#CBCMS_Input.useSSL"/>
<ConfigurableProperty uri="ey.oct.cbcms.EY_OCT_CBCMS#CBCMS_Input.SSLPeerName"/>
<ConfigurableProperty uri="ey.oct.cbcms.EY_OCT_CBCMS#CBCMS_Input.SSLCipherSpec"/>
<ConfigurableProperty uri="ey.oct.cbcms.EY_OCT_CBCMS#CBCMS_Input.serializationToken"/>
<ConfigurableProperty uri="ey.oct.cbcms.EY_OCT_CBCMS#CBCMS_Input.topicProperty"/>
<ConfigurableProperty uri="ey.oct.cbcms.EY_OCT_CBCMS#CBCMS_Input.resetBrowseTimeout"/>
<ConfigurableProperty uri="ey.oct.cbcms.EY_OCT_CBCMS#CBCMS_Input.validateMaster"/>
<ConfigurableProperty uri="ey.oct.cbcms.EY_OCT_CBCMS#CBCMS_Input.securityProfileName"/>
<ConfigurableProperty uri="ey.oct.cbcms.EY_OCT_CBCMS#CBCMS_Input.componentLevel"/>
<ConfigurableProperty uri="ey.oct.cbcms.EY_OCT_CBCMS#CBCMS_Input.additionalInstances"/>
<ConfigurableProperty uri="ey.oct.cbcms.EY_OCT_CBCMS#CBCMS_Input.policyUrl"/>
<ConfigurableProperty override="EY_OCT_CBCMS" uri="ey.oct.cbcms.EY_OCT_CBCMS#InputAuditLogger.InterfaceID"/>
<ConfigurableProperty override="SharedService Request Received" uri="ey.oct.cbcms.EY_OCT_CBCMS#InputAuditLogger.StatusText"/>
<ConfigurableProperty uri="ey.oct.cbcms.EY_OCT_CBCMS#InputAuditLogger.ProcessStep"/>
<ConfigurableProperty uri="ey.oct.cbcms.EY_OCT_CBCMS#InputAuditLogger.IsMsgDetailsRequired"/>
<ConfigurableProperty uri="ey.oct.cbcms.EY_OCT_CBCMS#InputAuditLogger.IsPayloadRequired"/>
<ConfigurableProperty uri="ey.oct.cbcms.EY_OCT_CBCMS#InputAuditLogger.MsgFormat"/>
<ConfigurableProperty override="I" uri="ey.oct.cbcms.EY_OCT_CBCMS#InputAuditLogger.DataDirection"/>
<ConfigurableProperty uri="ey.oct.cbcms.EY_OCT_CBCMS#InputAuditLogger.CharacterSet"/>
<ConfigurableProperty uri="ey.oct.cbcms.EY_OCT_CBCMS#InputAuditLogger.MessageSizeInMB"/>
<ConfigurableProperty uri="ey.oct.cbcms.EY_OCT_CBCMS#InputAuditLogger.MsgType"/>
<ConfigurableProperty override="true" uri="ey.oct.cbcms.EY_OCT_CBCMS#InputAuditLogger.IsAuditLogRequired"/>
<ConfigurableProperty uri="ey.oct.cbcms.EY_OCT_CBCMS#InputAuditLogger.IsParentChildRelationRequired"/>
<ConfigurableProperty uri="ey.oct.cbcms.EY_OCT_CBCMS#InputAuditLogger.AuditFileRequired"/>
<ConfigurableProperty uri="ey.oct.cbcms.EY_OCT_CBCMS#Construct_CTINewRecord.dataSource"/>
<ConfigurableProperty uri="ey.oct.cbcms.EY_OCT_CBCMS#Construct_CTINewRecord.connectDatasourceBeforeFlowStarts"/>
<ConfigurableProperty uri="ey.oct.cbcms.EY_OCT_CBCMS#Construct_CTINewRecord.validateMaster"/>
<ConfigurableProperty uri="ey.oct.cbcms.EY_OCT_CBCMS#CTINewAndGateInfoTimeOut.configurableService"/>
<ConfigurableProperty uri="ey.oct.cbcms.EY_OCT_CBCMS#VerifyCTINewExpiryAndPropgt.dataSource"/>
<ConfigurableProperty uri="ey.oct.cbcms.EY_OCT_CBCMS#VerifyCTINewExpiryAndPropgt.connectDatasourceBeforeFlowStarts"/>
<ConfigurableProperty uri="ey.oct.cbcms.EY_OCT_CBCMS#VerifyCTINewExpiryAndPropgt.validateMaster"/>
<ConfigurableProperty uri="ey.oct.cbcms.EY_OCT_CBCMS#ExceptionHandler.ApplicationName"/>
<ConfigurableProperty uri="ey.oct.cbcms.EY_OCT_CBCMS#ExceptionHandler.ExceptionFileRequired"/>
<ConfigurableProperty uri="ey.oct.cbcms.EY_OCT_CBCMS#ValidateCTINewSchema.validateMaster"/>
<ConfigurableProperty uri="ey.oct.cbcms.EY_OCT_CBCMS#SetValidationFlag.dataSource"/>
<ConfigurableProperty uri="ey.oct.cbcms.EY_OCT_CBCMS#SetValidationFlag.connectDatasourceBeforeFlowStarts"/>
<ConfigurableProperty uri="ey.oct.cbcms.EY_OCT_CBCMS#CreateTempFileAndVerifyLastMsgInd.dataSource"/>
<ConfigurableProperty uri="ey.oct.cbcms.EY_OCT_CBCMS#CreateTempFileAndVerifyLastMsgInd.connectDatasourceBeforeFlowStarts"/>
<ConfigurableProperty uri="ey.oct.cbcms.EY_OCT_CBCMS#CreateTempFileAndVerifyLastMsgInd.validateMaster"/>
<ConfigurableProperty uri="ey.oct.cbcms.EY_OCT_CBCMS#ReadCTINewAndGateInfo.inputDirectory"/>
<ConfigurableProperty uri="ey.oct.cbcms.EY_OCT_CBCMS#ReadCTINewAndGateInfo.filenamePattern"/>
<ConfigurableProperty uri="ey.oct.cbcms.EY_OCT_CBCMS#ReadCTINewAndGateInfo.messageCodedCharSetIdProperty"/>
<ConfigurableProperty uri="ey.oct.cbcms.EY_OCT_CBCMS#ReadCTINewAndGateInfo.messageEncodingProperty"/>
<ConfigurableProperty uri="ey.oct.cbcms.EY_OCT_CBCMS#ReadCTINewAndGateInfo.recordDelimiter"/>
<ConfigurableProperty uri="ey.oct.cbcms.EY_OCT_CBCMS#ReadCTINewAndGateInfo.customDelimiter"/>
<ConfigurableProperty uri="ey.oct.cbcms.EY_OCT_CBCMS#ReadCTINewAndGateInfo.validateMaster"/>
<ConfigurableProperty uri="ey.oct.cbcms.EY_OCT_CBCMS#ReadCTINewAndGateInfo.fileFtp"/>
<ConfigurableProperty uri="ey.oct.cbcms.EY_OCT_CBCMS#ReadCTINewAndGateInfo.deleteRemoteFileOnTransfer"/>
<ConfigurableProperty uri="ey.oct.cbcms.EY_OCT_CBCMS#ReadCTINewAndGateInfo.remoteTransferType"/>
<ConfigurableProperty uri="ey.oct.cbcms.EY_OCT_CBCMS#ReadCTINewAndGateInfo.fileFtpServer"/>
<ConfigurableProperty uri="ey.oct.cbcms.EY_OCT_CBCMS#ReadCTINewAndGateInfo.fileFtpUser"/>
<ConfigurableProperty uri="ey.oct.cbcms.EY_OCT_CBCMS#ReadCTINewAndGateInfo.fileFtpDirectory"/>
<ConfigurableProperty uri="ey.oct.cbcms.EY_OCT_CBCMS#SetCTINewAndGatesInfoFileName.dataSource"/>
<ConfigurableProperty uri="ey.oct.cbcms.EY_OCT_CBCMS#SetCTINewAndGatesInfoFileName.connectDatasourceBeforeFlowStarts"/>
<ConfigurableProperty uri="ey.oct.cbcms.EY_OCT_CBCMS#SetCTINewAndGatesInfoFileName.validateMaster"/>
<ConfigurableProperty uri="ey.oct.cbcms.EY_OCT_CBCMS#CBCMS_SFTP.outputDirectory"/>
<ConfigurableProperty uri="ey.oct.cbcms.EY_OCT_CBCMS#CBCMS_SFTP.outputFilename"/>
<ConfigurableProperty uri="ey.oct.cbcms.EY_OCT_CBCMS#CBCMS_SFTP.requestDirectoryLocation"/>
<ConfigurableProperty uri="ey.oct.cbcms.EY_OCT_CBCMS#CBCMS_SFTP.requestNameLocation"/>
<ConfigurableProperty uri="ey.oct.cbcms.EY_OCT_CBCMS#CBCMS_SFTP.recordDelimiter"/>
<ConfigurableProperty uri="ey.oct.cbcms.EY_OCT_CBCMS#CBCMS_SFTP.customDelimiter"/>
<ConfigurableProperty override="none" uri="ey.oct.cbcms.EY_OCT_CBCMS#CBCMS_SFTP.validateMaster"/>
<ConfigurableProperty override="yes" uri="ey.oct.cbcms.EY_OCT_CBCMS#CBCMS_SFTP.fileFtp"/>
<ConfigurableProperty override="SFTP" uri="ey.oct.cbcms.EY_OCT_CBCMS#CBCMS_SFTP.remoteTransferType"/>
<ConfigurableProperty override="10.223.126.15:22" uri="ey.oct.cbcms.EY_OCT_CBCMS#CBCMS_SFTP.fileFtpServer"/>
<ConfigurableProperty override="SITAIB_SFTP" uri="ey.oct.cbcms.EY_OCT_CBCMS#CBCMS_SFTP.fileFtpUser"/>
<ConfigurableProperty override="/home/s125920/SFTP_PreSIT/CBCMS" uri="ey.oct.cbcms.EY_OCT_CBCMS#CBCMS_SFTP.fileFtpDirectory"/>
<ConfigurableProperty uri="ey.oct.cbcms.EY_OCT_CBCMS#AuditCtiExpireMessage.dataSource"/>
<ConfigurableProperty uri="ey.oct.cbcms.EY_OCT_CBCMS#AuditCtiExpireMessage.connectDatasourceBeforeFlowStarts"/>
<ConfigurableProperty override="CTI_NEW Response Sent" uri="ey.oct.cbcms.EY_OCT_CBCMS#CaptureCTILog.StatusText"/>
<ConfigurableProperty uri="ey.oct.cbcms.EY_OCT_CBCMS#CaptureCTILog.IsMsgDetailsRequired"/>
<ConfigurableProperty uri="ey.oct.cbcms.EY_OCT_CBCMS#CaptureCTILog.IsPayloadRequired"/>
<ConfigurableProperty override="CSV" uri="ey.oct.cbcms.EY_OCT_CBCMS#CaptureCTILog.MsgFormat"/>
<ConfigurableProperty override="O" uri="ey.oct.cbcms.EY_OCT_CBCMS#CaptureCTILog.DataDirection"/>
<ConfigurableProperty uri="ey.oct.cbcms.EY_OCT_CBCMS#CaptureCTILog.CharacterSet"/>
<ConfigurableProperty uri="ey.oct.cbcms.EY_OCT_CBCMS#CaptureCTILog.MessageSizeInMB"/>
<ConfigurableProperty override="3b" uri="ey.oct.cbcms.EY_OCT_CBCMS#CaptureCTILog.ProcessStep"/>
<ConfigurableProperty uri="ey.oct.cbcms.EY_OCT_CBCMS#CaptureCTILog.IsParentChildRelationRequired"/>
<ConfigurableProperty uri="ey.oct.cbcms.EY_OCT_CBCMS#RouteToCTINewAndGateInfo.distributionMode"/>
<ConfigurableProperty uri="ey.oct.cbcms.EY_OCT_CBCMS#Construct_GatesInfoRecord.dataSource"/>
<ConfigurableProperty uri="ey.oct.cbcms.EY_OCT_CBCMS#Construct_GatesInfoRecord.connectDatasourceBeforeFlowStarts"/>
<ConfigurableProperty uri="ey.oct.cbcms.EY_OCT_CBCMS#Construct_GatesInfoRecord.validateMaster"/>
<ConfigurableProperty uri="ey.oct.cbcms.EY_OCT_CBCMS#ValidateGatesInfoSchema.validateMaster"/>
<ConfigurableProperty uri="ey.oct.cbcms.EY_OCT_CBCMS#VerifyGatesInfoExpiryAndPropgt.dataSource"/>
<ConfigurableProperty uri="ey.oct.cbcms.EY_OCT_CBCMS#VerifyGatesInfoExpiryAndPropgt.connectDatasourceBeforeFlowStarts"/>
<ConfigurableProperty uri="ey.oct.cbcms.EY_OCT_CBCMS#VerifyGatesInfoExpiryAndPropgt.validateMaster"/>
<ConfigurableProperty uri="ey.oct.cbcms.EY_OCT_CBCMS#RouteToCTIAndGatesWhenExpiry.distributionMode"/>
<ConfigurableProperty uri="ey.oct.cbcms.EY_OCT_CBCMS#CheckAudit.dataSource"/>
<ConfigurableProperty uri="ey.oct.cbcms.EY_OCT_CBCMS#CheckAudit.connectDatasourceBeforeFlowStarts"/>
<ConfigurableProperty uri="ey.oct.cbcms.EY_OCT_CBCMS#CheckAudit.validateMaster"/>
<ConfigurableProperty uri="ey.oct.cbcms.EY_OCT_CBCMS#AuditGatesInfoExpireMessage.dataSource"/>
<ConfigurableProperty uri="ey.oct.cbcms.EY_OCT_CBCMS#AuditGatesInfoExpireMessage.connectDatasourceBeforeFlowStarts"/>
<ConfigurableProperty override="GatesInformation Response Sent" uri="ey.oct.cbcms.EY_OCT_CBCMS#CaptureGateLog.StatusText"/>
<ConfigurableProperty uri="ey.oct.cbcms.EY_OCT_CBCMS#CaptureGateLog.IsMsgDetailsRequired"/>
<ConfigurableProperty uri="ey.oct.cbcms.EY_OCT_CBCMS#CaptureGateLog.IsPayloadRequired"/>
<ConfigurableProperty override="CSV" uri="ey.oct.cbcms.EY_OCT_CBCMS#CaptureGateLog.MsgFormat"/>
<ConfigurableProperty override="O" uri="ey.oct.cbcms.EY_OCT_CBCMS#CaptureGateLog.DataDirection"/>
<ConfigurableProperty uri="ey.oct.cbcms.EY_OCT_CBCMS#CaptureGateLog.CharacterSet"/>
<ConfigurableProperty uri="ey.oct.cbcms.EY_OCT_CBCMS#CaptureGateLog.MessageSizeInMB"/>
<ConfigurableProperty override="3c" uri="ey.oct.cbcms.EY_OCT_CBCMS#CaptureGateLog.ProcessStep"/>
<ConfigurableProperty uri="ey.oct.cbcms.EY_OCT_CBCMS#CaptureGateLog.IsParentChildRelationRequired"/>
<ConfigurableProperty override="EY_OCT_CBCMS" uri="ey.oct.cbcms.EY_OCT_CBCMS#CollectorExpiryAuditLogger.InterfaceID"/>
<ConfigurableProperty override="Triggered from Collector Expiry" uri="ey.oct.cbcms.EY_OCT_CBCMS#CollectorExpiryAuditLogger.StatusText"/>
<ConfigurableProperty uri="ey.oct.cbcms.EY_OCT_CBCMS#CollectorExpiryAuditLogger.ProcessStep"/>
<ConfigurableProperty uri="ey.oct.cbcms.EY_OCT_CBCMS#CollectorExpiryAuditLogger.IsMsgDetailsRequired"/>
<ConfigurableProperty uri="ey.oct.cbcms.EY_OCT_CBCMS#CollectorExpiryAuditLogger.IsPayloadRequired"/>
<ConfigurableProperty override="CSV" uri="ey.oct.cbcms.EY_OCT_CBCMS#CollectorExpiryAuditLogger.MsgFormat"/>
<ConfigurableProperty override="O" uri="ey.oct.cbcms.EY_OCT_CBCMS#CollectorExpiryAuditLogger.DataDirection"/>
<ConfigurableProperty uri="ey.oct.cbcms.EY_OCT_CBCMS#CollectorExpiryAuditLogger.CharacterSet"/>
<ConfigurableProperty uri="ey.oct.cbcms.EY_OCT_CBCMS#CollectorExpiryAuditLogger.MessageSizeInMB"/>
<ConfigurableProperty uri="ey.oct.cbcms.EY_OCT_CBCMS#CollectorExpiryAuditLogger.MsgType"/>
<ConfigurableProperty override="true" uri="ey.oct.cbcms.EY_OCT_CBCMS#CollectorExpiryAuditLogger.IsAuditLogRequired"/>
<ConfigurableProperty uri="ey.oct.cbcms.EY_OCT_CBCMS#CollectorExpiryAuditLogger.IsParentChildRelationRequired"/>
<ConfigurableProperty uri="ey.oct.cbcms.EY_OCT_CBCMS#CollectorExpiryAuditLogger.AuditFileRequired"/>
<ConfigurableProperty uri="ey.oct.cbcms.EY_OCT_CBCMS#SetCTIValidationFlag.dataSource"/>
<ConfigurableProperty uri="ey.oct.cbcms.EY_OCT_CBCMS#SetCTIValidationFlag.connectDatasourceBeforeFlowStarts"/>
<ConfigurableProperty uri="ey.oct.cbcms.EY_OCT_CBCMS#WriteToTempFile.outputDirectory"/>
<ConfigurableProperty uri="ey.oct.cbcms.EY_OCT_CBCMS#WriteToTempFile.outputFilename"/>
<ConfigurableProperty uri="ey.oct.cbcms.EY_OCT_CBCMS#WriteToTempFile.requestDirectoryLocation"/>
<ConfigurableProperty uri="ey.oct.cbcms.EY_OCT_CBCMS#WriteToTempFile.requestNameLocation"/>
<ConfigurableProperty uri="ey.oct.cbcms.EY_OCT_CBCMS#WriteToTempFile.recordDelimiter"/>
<ConfigurableProperty uri="ey.oct.cbcms.EY_OCT_CBCMS#WriteToTempFile.customDelimiter"/>
<ConfigurableProperty uri="ey.oct.cbcms.EY_OCT_CBCMS#WriteToTempFile.validateMaster"/>
<ConfigurableProperty uri="ey.oct.cbcms.EY_OCT_CBCMS#WriteToTempFile.fileFtp"/>
<ConfigurableProperty uri="ey.oct.cbcms.EY_OCT_CBCMS#WriteToTempFile.remoteTransferType"/>
<ConfigurableProperty uri="ey.oct.cbcms.EY_OCT_CBCMS#WriteToTempFile.fileFtpServer"/>
<ConfigurableProperty uri="ey.oct.cbcms.EY_OCT_CBCMS#WriteToTempFile.fileFtpUser"/>
<ConfigurableProperty uri="ey.oct.cbcms.EY_OCT_CBCMS#WriteToTempFile.fileFtpDirectory"/>
<ConfigurableProperty uri="ey.oct.cbcms.EY_OCT_CBCMS#CustomLogging.dataSource"/>
<ConfigurableProperty uri="ey.oct.cbcms.EY_OCT_CBCMS#CustomLogging.connectDatasourceBeforeFlowStarts"/>
<ConfigurableProperty uri="ey.oct.cbcms.EY_OCT_CBCMS#CustomLogging.validateMaster"/>
<ConfigurableProperty uri="ey.oct.cbcms.EY_OCT_CBCMS#LegDiscard.dataSource"/>
<ConfigurableProperty uri="ey.oct.cbcms.EY_OCT_CBCMS#LegDiscard.connectDatasourceBeforeFlowStarts"/>
<ConfigurableProperty uri="ey.oct.cbcms.EY_OCT_CBCMS#LegDiscard.validateMaster"/>
</CompiledMessageFlow>
</Broker>