<?xml version="1.0" encoding="UTF-8"?><Broker>
<CompiledApplication>
<ConfigurableProperty uri="startMode"/>
</CompiledApplication>
<CompiledMessageFlow name="ey.opsesb.sharedservices.EY_OPSESB_SS_PUBLISH_TOWING_REALTIME">
<ConfigurableProperty uri="ey.opsesb.sharedservices.EY_OPSESB_SS_PUBLISH_TOWING_REALTIME#additionalInstances"/>
<ConfigurableProperty uri="ey.opsesb.sharedservices.EY_OPSESB_SS_PUBLISH_TOWING_REALTIME#notificationThresholdMsgsPerSec"/>
<ConfigurableProperty uri="ey.opsesb.sharedservices.EY_OPSESB_SS_PUBLISH_TOWING_REALTIME#maximumRateMsgsPerSec"/>
<ConfigurableProperty uri="ey.opsesb.sharedservices.EY_OPSESB_SS_PUBLISH_TOWING_REALTIME#processingTimeoutSec"/>
<ConfigurableProperty uri="ey.opsesb.sharedservices.EY_OPSESB_SS_PUBLISH_TOWING_REALTIME#processingTimeoutAction"/>
<ConfigurableProperty uri="ey.opsesb.sharedservices.EY_OPSESB_SS_PUBLISH_TOWING_REALTIME#wlmPolicy"/>
<ConfigurableProperty uri="ey.opsesb.sharedservices.EY_OPSESB_SS_PUBLISH_TOWING_REALTIME#commitCount"/>
<ConfigurableProperty uri="ey.opsesb.sharedservices.EY_OPSESB_SS_PUBLISH_TOWING_REALTIME#commitInterval"/>
<ConfigurableProperty uri="ey.opsesb.sharedservices.EY_OPSESB_SS_PUBLISH_TOWING_REALTIME#coordinatedTransaction"/>
<ConfigurableProperty uri="ey.opsesb.sharedservices.EY_OPSESB_SS_PUBLISH_TOWING_REALTIME#consumerPolicySet"/>
<ConfigurableProperty uri="ey.opsesb.sharedservices.EY_OPSESB_SS_PUBLISH_TOWING_REALTIME#providerPolicySet"/>
<ConfigurableProperty uri="ey.opsesb.sharedservices.EY_OPSESB_SS_PUBLISH_TOWING_REALTIME#consumerPolicySetBindings"/>
<ConfigurableProperty uri="ey.opsesb.sharedservices.EY_OPSESB_SS_PUBLISH_TOWING_REALTIME#providerPolicySetBindings"/>
<ConfigurableProperty uri="ey.opsesb.sharedservices.EY_OPSESB_SS_PUBLISH_TOWING_REALTIME#securityProfileName"/>
<ConfigurableProperty uri="ey.opsesb.sharedservices.EY_OPSESB_SS_PUBLISH_TOWING_REALTIME#monitoringProfile"/>
<ConfigurableProperty uri="ey.opsesb.sharedservices.EY_OPSESB_SS_PUBLISH_TOWING_REALTIME#startMode"/>
<ConfigurableProperty uri="ey.opsesb.sharedservices.EY_OPSESB_SS_PUBLISH_TOWING_REALTIME#startInstancesWhenFlowStarts"/>
<ConfigurableProperty override="OPSESB_TST" uri="ey.opsesb.sharedservices.EY_OPSESB_SS_PUBLISH_TOWING_REALTIME#DB_Name"/>
<ConfigurableProperty override="ops_ods" uri="ey.opsesb.sharedservices.EY_OPSESB_SS_PUBLISH_TOWING_REALTIME#DB_Schema"/>
<ConfigurableProperty override="EY_OPSESB_SS_PUBLISH_TOWING_REALTIME_AQ_01" uri="ey.opsesb.sharedservices.EY_OPSESB_SS_PUBLISH_TOWING_REALTIME#REALTIME_TOPIC"/>
<ConfigurableProperty override="OPSESB_TST" uri="ey.opsesb.sharedservices.EY_OPSESB_SS_PUBLISH_TOWING_REALTIME#dataSource"/>
<ConfigurableProperty override="TRUE" uri="ey.opsesb.sharedservices.EY_OPSESB_SS_PUBLISH_TOWING_REALTIME#FilterOfLockDownFlights"/>
<ConfigurableProperty override="EY_OPSESB_SS_PUBLISH_TOWING_REALTIME_IN_01" uri="ey.opsesb.sharedservices.EY_OPSESB_SS_PUBLISH_TOWING_REALTIME#EY_OPSESB_SS_PUBLISH_TOWING_REALTIME_IN_01.queueName"/>
<ConfigurableProperty uri="ey.opsesb.sharedservices.EY_OPSESB_SS_PUBLISH_TOWING_REALTIME#EY_OPSESB_SS_PUBLISH_TOWING_REALTIME_IN_01.connection"/>
<ConfigurableProperty uri="ey.opsesb.sharedservices.EY_OPSESB_SS_PUBLISH_TOWING_REALTIME#EY_OPSESB_SS_PUBLISH_TOWING_REALTIME_IN_01.destinationQueueManagerName"/>
<ConfigurableProperty uri="ey.opsesb.sharedservices.EY_OPSESB_SS_PUBLISH_TOWING_REALTIME#EY_OPSESB_SS_PUBLISH_TOWING_REALTIME_IN_01.queueManagerHostname"/>
<ConfigurableProperty uri="ey.opsesb.sharedservices.EY_OPSESB_SS_PUBLISH_TOWING_REALTIME#EY_OPSESB_SS_PUBLISH_TOWING_REALTIME_IN_01.listenerPortNumber"/>
<ConfigurableProperty uri="ey.opsesb.sharedservices.EY_OPSESB_SS_PUBLISH_TOWING_REALTIME#EY_OPSESB_SS_PUBLISH_TOWING_REALTIME_IN_01.channelName"/>
<ConfigurableProperty uri="ey.opsesb.sharedservices.EY_OPSESB_SS_PUBLISH_TOWING_REALTIME#EY_OPSESB_SS_PUBLISH_TOWING_REALTIME_IN_01.securityIdentity"/>
<ConfigurableProperty uri="ey.opsesb.sharedservices.EY_OPSESB_SS_PUBLISH_TOWING_REALTIME#EY_OPSESB_SS_PUBLISH_TOWING_REALTIME_IN_01.useSSL"/>
<ConfigurableProperty uri="ey.opsesb.sharedservices.EY_OPSESB_SS_PUBLISH_TOWING_REALTIME#EY_OPSESB_SS_PUBLISH_TOWING_REALTIME_IN_01.SSLPeerName"/>
<ConfigurableProperty uri="ey.opsesb.sharedservices.EY_OPSESB_SS_PUBLISH_TOWING_REALTIME#EY_OPSESB_SS_PUBLISH_TOWING_REALTIME_IN_01.SSLCipherSpec"/>
<ConfigurableProperty uri="ey.opsesb.sharedservices.EY_OPSESB_SS_PUBLISH_TOWING_REALTIME#EY_OPSESB_SS_PUBLISH_TOWING_REALTIME_IN_01.serializationToken"/>
<ConfigurableProperty uri="ey.opsesb.sharedservices.EY_OPSESB_SS_PUBLISH_TOWING_REALTIME#EY_OPSESB_SS_PUBLISH_TOWING_REALTIME_IN_01.topicProperty"/>
<ConfigurableProperty uri="ey.opsesb.sharedservices.EY_OPSESB_SS_PUBLISH_TOWING_REALTIME#EY_OPSESB_SS_PUBLISH_TOWING_REALTIME_IN_01.resetBrowseTimeout"/>
<ConfigurableProperty uri="ey.opsesb.sharedservices.EY_OPSESB_SS_PUBLISH_TOWING_REALTIME#EY_OPSESB_SS_PUBLISH_TOWING_REALTIME_IN_01.validateMaster"/>
<ConfigurableProperty uri="ey.opsesb.sharedservices.EY_OPSESB_SS_PUBLISH_TOWING_REALTIME#EY_OPSESB_SS_PUBLISH_TOWING_REALTIME_IN_01.securityProfileName"/>
<ConfigurableProperty uri="ey.opsesb.sharedservices.EY_OPSESB_SS_PUBLISH_TOWING_REALTIME#EY_OPSESB_SS_PUBLISH_TOWING_REALTIME_IN_01.componentLevel"/>
<ConfigurableProperty uri="ey.opsesb.sharedservices.EY_OPSESB_SS_PUBLISH_TOWING_REALTIME#EY_OPSESB_SS_PUBLISH_TOWING_REALTIME_IN_01.additionalInstances"/>
<ConfigurableProperty uri="ey.opsesb.sharedservices.EY_OPSESB_SS_PUBLISH_TOWING_REALTIME#EY_OPSESB_SS_PUBLISH_TOWING_REALTIME_IN_01.policyUrl"/>
<ConfigurableProperty uri="ey.opsesb.sharedservices.EY_OPSESB_SS_PUBLISH_TOWING_REALTIME#PublishTowingOutput.queueName"/>
<ConfigurableProperty uri="ey.opsesb.sharedservices.EY_OPSESB_SS_PUBLISH_TOWING_REALTIME#PublishTowingOutput.connection"/>
<ConfigurableProperty uri="ey.opsesb.sharedservices.EY_OPSESB_SS_PUBLISH_TOWING_REALTIME#PublishTowingOutput.destinationQueueManagerName"/>
<ConfigurableProperty uri="ey.opsesb.sharedservices.EY_OPSESB_SS_PUBLISH_TOWING_REALTIME#PublishTowingOutput.queueManagerHostname"/>
<ConfigurableProperty uri="ey.opsesb.sharedservices.EY_OPSESB_SS_PUBLISH_TOWING_REALTIME#PublishTowingOutput.listenerPortNumber"/>
<ConfigurableProperty uri="ey.opsesb.sharedservices.EY_OPSESB_SS_PUBLISH_TOWING_REALTIME#PublishTowingOutput.channelName"/>
<ConfigurableProperty uri="ey.opsesb.sharedservices.EY_OPSESB_SS_PUBLISH_TOWING_REALTIME#PublishTowingOutput.securityIdentity"/>
<ConfigurableProperty uri="ey.opsesb.sharedservices.EY_OPSESB_SS_PUBLISH_TOWING_REALTIME#PublishTowingOutput.useSSL"/>
<ConfigurableProperty uri="ey.opsesb.sharedservices.EY_OPSESB_SS_PUBLISH_TOWING_REALTIME#PublishTowingOutput.SSLPeerName"/>
<ConfigurableProperty uri="ey.opsesb.sharedservices.EY_OPSESB_SS_PUBLISH_TOWING_REALTIME#PublishTowingOutput.SSLCipherSpec"/>
<ConfigurableProperty uri="ey.opsesb.sharedservices.EY_OPSESB_SS_PUBLISH_TOWING_REALTIME#PublishTowingOutput.queueManagerName"/>
<ConfigurableProperty uri="ey.opsesb.sharedservices.EY_OPSESB_SS_PUBLISH_TOWING_REALTIME#PublishTowingOutput.replyToQMgr"/>
<ConfigurableProperty uri="ey.opsesb.sharedservices.EY_OPSESB_SS_PUBLISH_TOWING_REALTIME#PublishTowingOutput.replyToQ"/>
<ConfigurableProperty uri="ey.opsesb.sharedservices.EY_OPSESB_SS_PUBLISH_TOWING_REALTIME#PublishTowingOutput.validateMaster"/>
<ConfigurableProperty uri="ey.opsesb.sharedservices.EY_OPSESB_SS_PUBLISH_TOWING_REALTIME#PublishTowingOutput.securityProfileName"/>
<ConfigurableProperty uri="ey.opsesb.sharedservices.EY_OPSESB_SS_PUBLISH_TOWING_REALTIME#PublishTowingOutput.policyUrl"/>
<ConfigurableProperty uri="ey.opsesb.sharedservices.EY_OPSESB_SS_PUBLISH_TOWING_REALTIME#PublishTowingOutput.AddRequestToGroup"/>
<ConfigurableProperty uri="ey.opsesb.sharedservices.EY_OPSESB_SS_PUBLISH_TOWING_REALTIME#PublishTowingOutput.GroupRequestFolderName"/>
<ConfigurableProperty uri="ey.opsesb.sharedservices.EY_OPSESB_SS_PUBLISH_TOWING_REALTIME#PublishTowingOutput.GroupRequestTimeout"/>
<ConfigurableProperty uri="ey.opsesb.sharedservices.EY_OPSESB_SS_PUBLISH_TOWING_REALTIME#EY_OPSESB_SS_Towing.connectDatasourceBeforeFlowStarts"/>
<ConfigurableProperty uri="ey.opsesb.sharedservices.EY_OPSESB_SS_PUBLISH_TOWING_REALTIME#EY_OPSESB_SS_Towing.validateMaster"/>
<ConfigurableProperty override="contentAndValue" uri="ey.opsesb.sharedservices.EY_OPSESB_SS_PUBLISH_TOWING_REALTIME#Validate.validateMaster"/>
<ConfigurableProperty uri="ey.opsesb.sharedservices.EY_OPSESB_SS_PUBLISH_TOWING_REALTIME#CheckRetry.RetryIntervalInSec"/>
<ConfigurableProperty uri="ey.opsesb.sharedservices.EY_OPSESB_SS_PUBLISH_TOWING_REALTIME#CheckRetry.MaxRetryCount"/>
<ConfigurableProperty override="1205,deadlock,53,Could not open a connection to SQL Server,08001,Connection refused" uri="ey.opsesb.sharedservices.EY_OPSESB_SS_PUBLISH_TOWING_REALTIME#CheckRetry.ErrorCodes"/>
<ConfigurableProperty override="EY_OPSESB_SS_PUBLISH_TOWING_REALTIME" uri="ey.opsesb.sharedservices.EY_OPSESB_SS_PUBLISH_TOWING_REALTIME#AuditLogger_RealTime.InterfaceID"/>
<ConfigurableProperty override="RealTime Notification Received from AODB Provider" uri="ey.opsesb.sharedservices.EY_OPSESB_SS_PUBLISH_TOWING_REALTIME#AuditLogger_RealTime.StatusText"/>
<ConfigurableProperty override="2a" uri="ey.opsesb.sharedservices.EY_OPSESB_SS_PUBLISH_TOWING_REALTIME#AuditLogger_RealTime.ProcessStep"/>
<ConfigurableProperty uri="ey.opsesb.sharedservices.EY_OPSESB_SS_PUBLISH_TOWING_REALTIME#AuditLogger_RealTime.IsMsgDetailsRequired"/>
<ConfigurableProperty uri="ey.opsesb.sharedservices.EY_OPSESB_SS_PUBLISH_TOWING_REALTIME#AuditLogger_RealTime.IsPayloadRequired"/>
<ConfigurableProperty uri="ey.opsesb.sharedservices.EY_OPSESB_SS_PUBLISH_TOWING_REALTIME#AuditLogger_RealTime.MsgFormat"/>
<ConfigurableProperty override="I" uri="ey.opsesb.sharedservices.EY_OPSESB_SS_PUBLISH_TOWING_REALTIME#AuditLogger_RealTime.DataDirection"/>
<ConfigurableProperty uri="ey.opsesb.sharedservices.EY_OPSESB_SS_PUBLISH_TOWING_REALTIME#AuditLogger_RealTime.CharacterSet"/>
<ConfigurableProperty uri="ey.opsesb.sharedservices.EY_OPSESB_SS_PUBLISH_TOWING_REALTIME#AuditLogger_RealTime.MessageSizeInMB"/>
<ConfigurableProperty uri="ey.opsesb.sharedservices.EY_OPSESB_SS_PUBLISH_TOWING_REALTIME#AuditLogger_RealTime.MsgType"/>
<ConfigurableProperty override="true" uri="ey.opsesb.sharedservices.EY_OPSESB_SS_PUBLISH_TOWING_REALTIME#AuditLogger_RealTime.IsAuditLogRequired"/>
<ConfigurableProperty uri="ey.opsesb.sharedservices.EY_OPSESB_SS_PUBLISH_TOWING_REALTIME#AuditLogger_RealTime.IsParentChildRelationRequired"/>
<ConfigurableProperty uri="ey.opsesb.sharedservices.EY_OPSESB_SS_PUBLISH_TOWING_REALTIME#AuditLogger_RealTime.AuditFileRequired"/>
<ConfigurableProperty override="Towing Output XML Generated" uri="ey.opsesb.sharedservices.EY_OPSESB_SS_PUBLISH_TOWING_REALTIME#CaptureLog.StatusText"/>
<ConfigurableProperty uri="ey.opsesb.sharedservices.EY_OPSESB_SS_PUBLISH_TOWING_REALTIME#CaptureLog.IsMsgDetailsRequired"/>
<ConfigurableProperty uri="ey.opsesb.sharedservices.EY_OPSESB_SS_PUBLISH_TOWING_REALTIME#CaptureLog.IsPayloadRequired"/>
<ConfigurableProperty uri="ey.opsesb.sharedservices.EY_OPSESB_SS_PUBLISH_TOWING_REALTIME#CaptureLog.MsgFormat"/>
<ConfigurableProperty uri="ey.opsesb.sharedservices.EY_OPSESB_SS_PUBLISH_TOWING_REALTIME#CaptureLog.DataDirection"/>
<ConfigurableProperty uri="ey.opsesb.sharedservices.EY_OPSESB_SS_PUBLISH_TOWING_REALTIME#CaptureLog.CharacterSet"/>
<ConfigurableProperty uri="ey.opsesb.sharedservices.EY_OPSESB_SS_PUBLISH_TOWING_REALTIME#CaptureLog.MessageSizeInMB"/>
<ConfigurableProperty override="2b" uri="ey.opsesb.sharedservices.EY_OPSESB_SS_PUBLISH_TOWING_REALTIME#CaptureLog.ProcessStep"/>
<ConfigurableProperty uri="ey.opsesb.sharedservices.EY_OPSESB_SS_PUBLISH_TOWING_REALTIME#CaptureLog.IsParentChildRelationRequired"/>
<ConfigurableProperty override="Towing Output XML shared to Consumer" uri="ey.opsesb.sharedservices.EY_OPSESB_SS_PUBLISH_TOWING_REALTIME#CaptureLog1.StatusText"/>
<ConfigurableProperty uri="ey.opsesb.sharedservices.EY_OPSESB_SS_PUBLISH_TOWING_REALTIME#CaptureLog1.IsMsgDetailsRequired"/>
<ConfigurableProperty uri="ey.opsesb.sharedservices.EY_OPSESB_SS_PUBLISH_TOWING_REALTIME#CaptureLog1.IsPayloadRequired"/>
<ConfigurableProperty uri="ey.opsesb.sharedservices.EY_OPSESB_SS_PUBLISH_TOWING_REALTIME#CaptureLog1.MsgFormat"/>
<ConfigurableProperty uri="ey.opsesb.sharedservices.EY_OPSESB_SS_PUBLISH_TOWING_REALTIME#CaptureLog1.DataDirection"/>
<ConfigurableProperty uri="ey.opsesb.sharedservices.EY_OPSESB_SS_PUBLISH_TOWING_REALTIME#CaptureLog1.CharacterSet"/>
<ConfigurableProperty uri="ey.opsesb.sharedservices.EY_OPSESB_SS_PUBLISH_TOWING_REALTIME#CaptureLog1.MessageSizeInMB"/>
<ConfigurableProperty override="2c" uri="ey.opsesb.sharedservices.EY_OPSESB_SS_PUBLISH_TOWING_REALTIME#CaptureLog1.ProcessStep"/>
<ConfigurableProperty uri="ey.opsesb.sharedservices.EY_OPSESB_SS_PUBLISH_TOWING_REALTIME#CaptureLog1.IsParentChildRelationRequired"/>
</CompiledMessageFlow>
</Broker>