<?xml version="1.0" encoding="UTF-8"?><Broker>
<CompiledApplication>
<ConfigurableProperty uri="startMode"/>
</CompiledApplication>
<CompiledMessageFlow name="ey.opsesb.hermes.cargoturnaround.EY_OPSESB_HERMES_ODS_CARGOTURNAROUND">
<ConfigurableProperty uri="ey.opsesb.hermes.cargoturnaround.EY_OPSESB_HERMES_ODS_CARGOTURNAROUND#additionalInstances"/>
<ConfigurableProperty uri="ey.opsesb.hermes.cargoturnaround.EY_OPSESB_HERMES_ODS_CARGOTURNAROUND#notificationThresholdMsgsPerSec"/>
<ConfigurableProperty uri="ey.opsesb.hermes.cargoturnaround.EY_OPSESB_HERMES_ODS_CARGOTURNAROUND#maximumRateMsgsPerSec"/>
<ConfigurableProperty uri="ey.opsesb.hermes.cargoturnaround.EY_OPSESB_HERMES_ODS_CARGOTURNAROUND#processingTimeoutSec"/>
<ConfigurableProperty uri="ey.opsesb.hermes.cargoturnaround.EY_OPSESB_HERMES_ODS_CARGOTURNAROUND#processingTimeoutAction"/>
<ConfigurableProperty uri="ey.opsesb.hermes.cargoturnaround.EY_OPSESB_HERMES_ODS_CARGOTURNAROUND#wlmPolicy"/>
<ConfigurableProperty uri="ey.opsesb.hermes.cargoturnaround.EY_OPSESB_HERMES_ODS_CARGOTURNAROUND#commitCount"/>
<ConfigurableProperty uri="ey.opsesb.hermes.cargoturnaround.EY_OPSESB_HERMES_ODS_CARGOTURNAROUND#commitInterval"/>
<ConfigurableProperty uri="ey.opsesb.hermes.cargoturnaround.EY_OPSESB_HERMES_ODS_CARGOTURNAROUND#coordinatedTransaction"/>
<ConfigurableProperty uri="ey.opsesb.hermes.cargoturnaround.EY_OPSESB_HERMES_ODS_CARGOTURNAROUND#consumerPolicySet"/>
<ConfigurableProperty uri="ey.opsesb.hermes.cargoturnaround.EY_OPSESB_HERMES_ODS_CARGOTURNAROUND#providerPolicySet"/>
<ConfigurableProperty uri="ey.opsesb.hermes.cargoturnaround.EY_OPSESB_HERMES_ODS_CARGOTURNAROUND#consumerPolicySetBindings"/>
<ConfigurableProperty uri="ey.opsesb.hermes.cargoturnaround.EY_OPSESB_HERMES_ODS_CARGOTURNAROUND#providerPolicySetBindings"/>
<ConfigurableProperty uri="ey.opsesb.hermes.cargoturnaround.EY_OPSESB_HERMES_ODS_CARGOTURNAROUND#securityProfileName"/>
<ConfigurableProperty uri="ey.opsesb.hermes.cargoturnaround.EY_OPSESB_HERMES_ODS_CARGOTURNAROUND#monitoringProfile"/>
<ConfigurableProperty uri="ey.opsesb.hermes.cargoturnaround.EY_OPSESB_HERMES_ODS_CARGOTURNAROUND#startMode"/>
<ConfigurableProperty uri="ey.opsesb.hermes.cargoturnaround.EY_OPSESB_HERMES_ODS_CARGOTURNAROUND#startInstancesWhenFlowStarts"/>
<ConfigurableProperty override="OPSESB_TST" uri="ey.opsesb.hermes.cargoturnaround.EY_OPSESB_HERMES_ODS_CARGOTURNAROUND#DB_NAME"/>
<ConfigurableProperty override="ops_ods" uri="ey.opsesb.hermes.cargoturnaround.EY_OPSESB_HERMES_ODS_CARGOTURNAROUND#DB_SCHEMA"/>
<ConfigurableProperty override="OPSESB" uri="ey.opsesb.hermes.cargoturnaround.EY_OPSESB_HERMES_ODS_CARGOTURNAROUND#ODS_USER_NM"/>
<ConfigurableProperty override="OPSESB_TST" uri="ey.opsesb.hermes.cargoturnaround.EY_OPSESB_HERMES_ODS_CARGOTURNAROUND#dataSource"/>
<ConfigurableProperty override="200" uri="ey.opsesb.hermes.cargoturnaround.EY_OPSESB_HERMES_ODS_CARGOTURNAROUND#SleepIntervalInMilliSec"/>
<ConfigurableProperty override="EY.HERMES.FLIGHTTURNAROUND.TST.IN" uri="ey.opsesb.hermes.cargoturnaround.EY_OPSESB_HERMES_ODS_CARGOTURNAROUND#CargoTurnaroundMQInput.queueName"/>
<ConfigurableProperty uri="ey.opsesb.hermes.cargoturnaround.EY_OPSESB_HERMES_ODS_CARGOTURNAROUND#CargoTurnaroundMQInput.connection"/>
<ConfigurableProperty uri="ey.opsesb.hermes.cargoturnaround.EY_OPSESB_HERMES_ODS_CARGOTURNAROUND#CargoTurnaroundMQInput.destinationQueueManagerName"/>
<ConfigurableProperty uri="ey.opsesb.hermes.cargoturnaround.EY_OPSESB_HERMES_ODS_CARGOTURNAROUND#CargoTurnaroundMQInput.queueManagerHostname"/>
<ConfigurableProperty uri="ey.opsesb.hermes.cargoturnaround.EY_OPSESB_HERMES_ODS_CARGOTURNAROUND#CargoTurnaroundMQInput.listenerPortNumber"/>
<ConfigurableProperty uri="ey.opsesb.hermes.cargoturnaround.EY_OPSESB_HERMES_ODS_CARGOTURNAROUND#CargoTurnaroundMQInput.channelName"/>
<ConfigurableProperty uri="ey.opsesb.hermes.cargoturnaround.EY_OPSESB_HERMES_ODS_CARGOTURNAROUND#CargoTurnaroundMQInput.securityIdentity"/>
<ConfigurableProperty uri="ey.opsesb.hermes.cargoturnaround.EY_OPSESB_HERMES_ODS_CARGOTURNAROUND#CargoTurnaroundMQInput.useSSL"/>
<ConfigurableProperty uri="ey.opsesb.hermes.cargoturnaround.EY_OPSESB_HERMES_ODS_CARGOTURNAROUND#CargoTurnaroundMQInput.SSLPeerName"/>
<ConfigurableProperty uri="ey.opsesb.hermes.cargoturnaround.EY_OPSESB_HERMES_ODS_CARGOTURNAROUND#CargoTurnaroundMQInput.SSLCipherSpec"/>
<ConfigurableProperty uri="ey.opsesb.hermes.cargoturnaround.EY_OPSESB_HERMES_ODS_CARGOTURNAROUND#CargoTurnaroundMQInput.serializationToken"/>
<ConfigurableProperty uri="ey.opsesb.hermes.cargoturnaround.EY_OPSESB_HERMES_ODS_CARGOTURNAROUND#CargoTurnaroundMQInput.topicProperty"/>
<ConfigurableProperty uri="ey.opsesb.hermes.cargoturnaround.EY_OPSESB_HERMES_ODS_CARGOTURNAROUND#CargoTurnaroundMQInput.resetBrowseTimeout"/>
<ConfigurableProperty override="contentAndValue" uri="ey.opsesb.hermes.cargoturnaround.EY_OPSESB_HERMES_ODS_CARGOTURNAROUND#CargoTurnaroundMQInput.validateMaster"/>
<ConfigurableProperty uri="ey.opsesb.hermes.cargoturnaround.EY_OPSESB_HERMES_ODS_CARGOTURNAROUND#CargoTurnaroundMQInput.securityProfileName"/>
<ConfigurableProperty uri="ey.opsesb.hermes.cargoturnaround.EY_OPSESB_HERMES_ODS_CARGOTURNAROUND#CargoTurnaroundMQInput.componentLevel"/>
<ConfigurableProperty uri="ey.opsesb.hermes.cargoturnaround.EY_OPSESB_HERMES_ODS_CARGOTURNAROUND#CargoTurnaroundMQInput.additionalInstances"/>
<ConfigurableProperty uri="ey.opsesb.hermes.cargoturnaround.EY_OPSESB_HERMES_ODS_CARGOTURNAROUND#CargoTurnaroundMQInput.policyUrl"/>
<ConfigurableProperty override="EY_A_OPSESB_FLIGHTTURNAROUND_AQ_01" uri="ey.opsesb.hermes.cargoturnaround.EY_OPSESB_HERMES_ODS_CARGOTURNAROUND#CargoTurnaroundAliasMQOutput.queueName"/>
<ConfigurableProperty uri="ey.opsesb.hermes.cargoturnaround.EY_OPSESB_HERMES_ODS_CARGOTURNAROUND#CargoTurnaroundAliasMQOutput.connection"/>
<ConfigurableProperty uri="ey.opsesb.hermes.cargoturnaround.EY_OPSESB_HERMES_ODS_CARGOTURNAROUND#CargoTurnaroundAliasMQOutput.destinationQueueManagerName"/>
<ConfigurableProperty uri="ey.opsesb.hermes.cargoturnaround.EY_OPSESB_HERMES_ODS_CARGOTURNAROUND#CargoTurnaroundAliasMQOutput.queueManagerHostname"/>
<ConfigurableProperty uri="ey.opsesb.hermes.cargoturnaround.EY_OPSESB_HERMES_ODS_CARGOTURNAROUND#CargoTurnaroundAliasMQOutput.listenerPortNumber"/>
<ConfigurableProperty uri="ey.opsesb.hermes.cargoturnaround.EY_OPSESB_HERMES_ODS_CARGOTURNAROUND#CargoTurnaroundAliasMQOutput.channelName"/>
<ConfigurableProperty uri="ey.opsesb.hermes.cargoturnaround.EY_OPSESB_HERMES_ODS_CARGOTURNAROUND#CargoTurnaroundAliasMQOutput.securityIdentity"/>
<ConfigurableProperty uri="ey.opsesb.hermes.cargoturnaround.EY_OPSESB_HERMES_ODS_CARGOTURNAROUND#CargoTurnaroundAliasMQOutput.useSSL"/>
<ConfigurableProperty uri="ey.opsesb.hermes.cargoturnaround.EY_OPSESB_HERMES_ODS_CARGOTURNAROUND#CargoTurnaroundAliasMQOutput.SSLPeerName"/>
<ConfigurableProperty uri="ey.opsesb.hermes.cargoturnaround.EY_OPSESB_HERMES_ODS_CARGOTURNAROUND#CargoTurnaroundAliasMQOutput.SSLCipherSpec"/>
<ConfigurableProperty uri="ey.opsesb.hermes.cargoturnaround.EY_OPSESB_HERMES_ODS_CARGOTURNAROUND#CargoTurnaroundAliasMQOutput.queueManagerName"/>
<ConfigurableProperty uri="ey.opsesb.hermes.cargoturnaround.EY_OPSESB_HERMES_ODS_CARGOTURNAROUND#CargoTurnaroundAliasMQOutput.replyToQMgr"/>
<ConfigurableProperty uri="ey.opsesb.hermes.cargoturnaround.EY_OPSESB_HERMES_ODS_CARGOTURNAROUND#CargoTurnaroundAliasMQOutput.replyToQ"/>
<ConfigurableProperty uri="ey.opsesb.hermes.cargoturnaround.EY_OPSESB_HERMES_ODS_CARGOTURNAROUND#CargoTurnaroundAliasMQOutput.validateMaster"/>
<ConfigurableProperty uri="ey.opsesb.hermes.cargoturnaround.EY_OPSESB_HERMES_ODS_CARGOTURNAROUND#CargoTurnaroundAliasMQOutput.securityProfileName"/>
<ConfigurableProperty uri="ey.opsesb.hermes.cargoturnaround.EY_OPSESB_HERMES_ODS_CARGOTURNAROUND#CargoTurnaroundAliasMQOutput.policyUrl"/>
<ConfigurableProperty uri="ey.opsesb.hermes.cargoturnaround.EY_OPSESB_HERMES_ODS_CARGOTURNAROUND#CargoTurnaroundAliasMQOutput.AddRequestToGroup"/>
<ConfigurableProperty uri="ey.opsesb.hermes.cargoturnaround.EY_OPSESB_HERMES_ODS_CARGOTURNAROUND#CargoTurnaroundAliasMQOutput.GroupRequestFolderName"/>
<ConfigurableProperty uri="ey.opsesb.hermes.cargoturnaround.EY_OPSESB_HERMES_ODS_CARGOTURNAROUND#CargoTurnaroundAliasMQOutput.GroupRequestTimeout"/>
<ConfigurableProperty uri="ey.opsesb.hermes.cargoturnaround.EY_OPSESB_HERMES_ODS_CARGOTURNAROUND#CheckRetry.RetryIntervalInSec"/>
<ConfigurableProperty uri="ey.opsesb.hermes.cargoturnaround.EY_OPSESB_HERMES_ODS_CARGOTURNAROUND#CheckRetry.MaxRetryCount"/>
<ConfigurableProperty override="1205,deadlock,53,Could not open a connection to SQL Server,08001,Connection refused,3621" uri="ey.opsesb.hermes.cargoturnaround.EY_OPSESB_HERMES_ODS_CARGOTURNAROUND#CheckRetry.ErrorCodes"/>
<ConfigurableProperty override="EY_OPSESB_HERMES_ODS_CARGOTURNAROUND" uri="ey.opsesb.hermes.cargoturnaround.EY_OPSESB_HERMES_ODS_CARGOTURNAROUND#AuditLogger.InterfaceID"/>
<ConfigurableProperty override="Cargo Turnaround Information Received from Hermes" uri="ey.opsesb.hermes.cargoturnaround.EY_OPSESB_HERMES_ODS_CARGOTURNAROUND#AuditLogger.StatusText"/>
<ConfigurableProperty override="1a" uri="ey.opsesb.hermes.cargoturnaround.EY_OPSESB_HERMES_ODS_CARGOTURNAROUND#AuditLogger.ProcessStep"/>
<ConfigurableProperty uri="ey.opsesb.hermes.cargoturnaround.EY_OPSESB_HERMES_ODS_CARGOTURNAROUND#AuditLogger.IsMsgDetailsRequired"/>
<ConfigurableProperty uri="ey.opsesb.hermes.cargoturnaround.EY_OPSESB_HERMES_ODS_CARGOTURNAROUND#AuditLogger.IsPayloadRequired"/>
<ConfigurableProperty uri="ey.opsesb.hermes.cargoturnaround.EY_OPSESB_HERMES_ODS_CARGOTURNAROUND#AuditLogger.MsgFormat"/>
<ConfigurableProperty override="I" uri="ey.opsesb.hermes.cargoturnaround.EY_OPSESB_HERMES_ODS_CARGOTURNAROUND#AuditLogger.DataDirection"/>
<ConfigurableProperty uri="ey.opsesb.hermes.cargoturnaround.EY_OPSESB_HERMES_ODS_CARGOTURNAROUND#AuditLogger.CharacterSet"/>
<ConfigurableProperty uri="ey.opsesb.hermes.cargoturnaround.EY_OPSESB_HERMES_ODS_CARGOTURNAROUND#AuditLogger.MessageSizeInMB"/>
<ConfigurableProperty override="XML" uri="ey.opsesb.hermes.cargoturnaround.EY_OPSESB_HERMES_ODS_CARGOTURNAROUND#AuditLogger.MsgType"/>
<ConfigurableProperty override="true" uri="ey.opsesb.hermes.cargoturnaround.EY_OPSESB_HERMES_ODS_CARGOTURNAROUND#AuditLogger.IsAuditLogRequired"/>
<ConfigurableProperty uri="ey.opsesb.hermes.cargoturnaround.EY_OPSESB_HERMES_ODS_CARGOTURNAROUND#AuditLogger.IsParentChildRelationRequired"/>
<ConfigurableProperty uri="ey.opsesb.hermes.cargoturnaround.EY_OPSESB_HERMES_ODS_CARGOTURNAROUND#AuditLogger.AuditFileRequired"/>
<ConfigurableProperty override="Cargo Turnaround Information is inserted into DB" uri="ey.opsesb.hermes.cargoturnaround.EY_OPSESB_HERMES_ODS_CARGOTURNAROUND#CaptureLog.StatusText"/>
<ConfigurableProperty uri="ey.opsesb.hermes.cargoturnaround.EY_OPSESB_HERMES_ODS_CARGOTURNAROUND#CaptureLog.IsMsgDetailsRequired"/>
<ConfigurableProperty uri="ey.opsesb.hermes.cargoturnaround.EY_OPSESB_HERMES_ODS_CARGOTURNAROUND#CaptureLog.IsPayloadRequired"/>
<ConfigurableProperty uri="ey.opsesb.hermes.cargoturnaround.EY_OPSESB_HERMES_ODS_CARGOTURNAROUND#CaptureLog.MsgFormat"/>
<ConfigurableProperty override="O" uri="ey.opsesb.hermes.cargoturnaround.EY_OPSESB_HERMES_ODS_CARGOTURNAROUND#CaptureLog.DataDirection"/>
<ConfigurableProperty uri="ey.opsesb.hermes.cargoturnaround.EY_OPSESB_HERMES_ODS_CARGOTURNAROUND#CaptureLog.CharacterSet"/>
<ConfigurableProperty uri="ey.opsesb.hermes.cargoturnaround.EY_OPSESB_HERMES_ODS_CARGOTURNAROUND#CaptureLog.MessageSizeInMB"/>
<ConfigurableProperty override="1b" uri="ey.opsesb.hermes.cargoturnaround.EY_OPSESB_HERMES_ODS_CARGOTURNAROUND#CaptureLog.ProcessStep"/>
<ConfigurableProperty uri="ey.opsesb.hermes.cargoturnaround.EY_OPSESB_HERMES_ODS_CARGOTURNAROUND#CaptureLog.IsParentChildRelationRequired"/>
<ConfigurableProperty override="Cargo Turnaround Notification Sent to Topic" uri="ey.opsesb.hermes.cargoturnaround.EY_OPSESB_HERMES_ODS_CARGOTURNAROUND#CaptureLog1.StatusText"/>
<ConfigurableProperty uri="ey.opsesb.hermes.cargoturnaround.EY_OPSESB_HERMES_ODS_CARGOTURNAROUND#CaptureLog1.IsMsgDetailsRequired"/>
<ConfigurableProperty uri="ey.opsesb.hermes.cargoturnaround.EY_OPSESB_HERMES_ODS_CARGOTURNAROUND#CaptureLog1.IsPayloadRequired"/>
<ConfigurableProperty uri="ey.opsesb.hermes.cargoturnaround.EY_OPSESB_HERMES_ODS_CARGOTURNAROUND#CaptureLog1.MsgFormat"/>
<ConfigurableProperty override="O" uri="ey.opsesb.hermes.cargoturnaround.EY_OPSESB_HERMES_ODS_CARGOTURNAROUND#CaptureLog1.DataDirection"/>
<ConfigurableProperty uri="ey.opsesb.hermes.cargoturnaround.EY_OPSESB_HERMES_ODS_CARGOTURNAROUND#CaptureLog1.CharacterSet"/>
<ConfigurableProperty uri="ey.opsesb.hermes.cargoturnaround.EY_OPSESB_HERMES_ODS_CARGOTURNAROUND#CaptureLog1.MessageSizeInMB"/>
<ConfigurableProperty override="1c" uri="ey.opsesb.hermes.cargoturnaround.EY_OPSESB_HERMES_ODS_CARGOTURNAROUND#CaptureLog1.ProcessStep"/>
<ConfigurableProperty uri="ey.opsesb.hermes.cargoturnaround.EY_OPSESB_HERMES_ODS_CARGOTURNAROUND#CaptureLog1.IsParentChildRelationRequired"/>
<ConfigurableProperty uri="ey.opsesb.hermes.cargoturnaround.EY_OPSESB_HERMES_ODS_CARGOTURNAROUND#CargoTurnaroundCompute.connectDatasourceBeforeFlowStarts"/>
<ConfigurableProperty uri="ey.opsesb.hermes.cargoturnaround.EY_OPSESB_HERMES_ODS_CARGOTURNAROUND#CargoTurnaroundCompute.validateMaster"/>
</CompiledMessageFlow>
</Broker>