<?xml version="1.0" encoding="UTF-8"?><Broker>
<CompiledApplication>
<ConfigurableProperty uri="startMode"/>
</CompiledApplication>
<CompiledMessageFlow name="ey.oct.easm.EY_OCT_AFM_EASM">
<ConfigurableProperty uri="ey.oct.easm.EY_OCT_AFM_EASM#additionalInstances"/>
<ConfigurableProperty uri="ey.oct.easm.EY_OCT_AFM_EASM#notificationThresholdMsgsPerSec"/>
<ConfigurableProperty uri="ey.oct.easm.EY_OCT_AFM_EASM#maximumRateMsgsPerSec"/>
<ConfigurableProperty uri="ey.oct.easm.EY_OCT_AFM_EASM#processingTimeoutSec"/>
<ConfigurableProperty uri="ey.oct.easm.EY_OCT_AFM_EASM#processingTimeoutAction"/>
<ConfigurableProperty uri="ey.oct.easm.EY_OCT_AFM_EASM#wlmPolicy"/>
<ConfigurableProperty uri="ey.oct.easm.EY_OCT_AFM_EASM#commitCount"/>
<ConfigurableProperty uri="ey.oct.easm.EY_OCT_AFM_EASM#commitInterval"/>
<ConfigurableProperty uri="ey.oct.easm.EY_OCT_AFM_EASM#coordinatedTransaction"/>
<ConfigurableProperty uri="ey.oct.easm.EY_OCT_AFM_EASM#consumerPolicySet"/>
<ConfigurableProperty uri="ey.oct.easm.EY_OCT_AFM_EASM#providerPolicySet"/>
<ConfigurableProperty uri="ey.oct.easm.EY_OCT_AFM_EASM#consumerPolicySetBindings"/>
<ConfigurableProperty uri="ey.oct.easm.EY_OCT_AFM_EASM#providerPolicySetBindings"/>
<ConfigurableProperty uri="ey.oct.easm.EY_OCT_AFM_EASM#securityProfileName"/>
<ConfigurableProperty uri="ey.oct.easm.EY_OCT_AFM_EASM#monitoringProfile"/>
<ConfigurableProperty uri="ey.oct.easm.EY_OCT_AFM_EASM#startMode"/>
<ConfigurableProperty uri="ey.oct.easm.EY_OCT_AFM_EASM#startInstancesWhenFlowStarts"/>
<ConfigurableProperty override="ASM" uri="ey.oct.easm.EY_OCT_AFM_EASM#StandardMessageIdentifier"/>
<ConfigurableProperty override="UTC" uri="ey.oct.easm.EY_OCT_AFM_EASM#TimeMode"/>
<ConfigurableProperty override="EQT" uri="ey.oct.easm.EY_OCT_AFM_EASM#ActionIdentifier"/>
<ConfigurableProperty override="IATA" uri="ey.oct.easm.EY_OCT_AFM_EASM#AirlineCodeContxt"/>
<ConfigurableProperty override="EY_A_OPSESB_SS_FSUPDATE_ONDEMAND_AFMASMCA_DAY" uri="ey.oct.easm.EY_OCT_AFM_EASM#EASMInputQueue.queueName"/>
<ConfigurableProperty uri="ey.oct.easm.EY_OCT_AFM_EASM#EASMInputQueue.connection"/>
<ConfigurableProperty uri="ey.oct.easm.EY_OCT_AFM_EASM#EASMInputQueue.destinationQueueManagerName"/>
<ConfigurableProperty uri="ey.oct.easm.EY_OCT_AFM_EASM#EASMInputQueue.queueManagerHostname"/>
<ConfigurableProperty uri="ey.oct.easm.EY_OCT_AFM_EASM#EASMInputQueue.listenerPortNumber"/>
<ConfigurableProperty uri="ey.oct.easm.EY_OCT_AFM_EASM#EASMInputQueue.channelName"/>
<ConfigurableProperty uri="ey.oct.easm.EY_OCT_AFM_EASM#EASMInputQueue.securityIdentity"/>
<ConfigurableProperty uri="ey.oct.easm.EY_OCT_AFM_EASM#EASMInputQueue.useSSL"/>
<ConfigurableProperty uri="ey.oct.easm.EY_OCT_AFM_EASM#EASMInputQueue.SSLPeerName"/>
<ConfigurableProperty uri="ey.oct.easm.EY_OCT_AFM_EASM#EASMInputQueue.SSLCipherSpec"/>
<ConfigurableProperty uri="ey.oct.easm.EY_OCT_AFM_EASM#EASMInputQueue.serializationToken"/>
<ConfigurableProperty uri="ey.oct.easm.EY_OCT_AFM_EASM#EASMInputQueue.topicProperty"/>
<ConfigurableProperty uri="ey.oct.easm.EY_OCT_AFM_EASM#EASMInputQueue.resetBrowseTimeout"/>
<ConfigurableProperty uri="ey.oct.easm.EY_OCT_AFM_EASM#EASMInputQueue.validateMaster"/>
<ConfigurableProperty uri="ey.oct.easm.EY_OCT_AFM_EASM#EASMInputQueue.securityProfileName"/>
<ConfigurableProperty uri="ey.oct.easm.EY_OCT_AFM_EASM#EASMInputQueue.componentLevel"/>
<ConfigurableProperty uri="ey.oct.easm.EY_OCT_AFM_EASM#EASMInputQueue.additionalInstances"/>
<ConfigurableProperty uri="ey.oct.easm.EY_OCT_AFM_EASM#EASMInputQueue.policyUrl"/>
<ConfigurableProperty override="EY_OCT_AFM_EASM" uri="ey.oct.easm.EY_OCT_AFM_EASM#AuditLogger.InterfaceID"/>
<ConfigurableProperty override="Received Message From Ondemand ShareService" uri="ey.oct.easm.EY_OCT_AFM_EASM#AuditLogger.StatusText"/>
<ConfigurableProperty uri="ey.oct.easm.EY_OCT_AFM_EASM#AuditLogger.ProcessStep"/>
<ConfigurableProperty uri="ey.oct.easm.EY_OCT_AFM_EASM#AuditLogger.IsMsgDetailsRequired"/>
<ConfigurableProperty uri="ey.oct.easm.EY_OCT_AFM_EASM#AuditLogger.IsPayloadRequired"/>
<ConfigurableProperty uri="ey.oct.easm.EY_OCT_AFM_EASM#AuditLogger.MsgFormat"/>
<ConfigurableProperty override="I" uri="ey.oct.easm.EY_OCT_AFM_EASM#AuditLogger.DataDirection"/>
<ConfigurableProperty uri="ey.oct.easm.EY_OCT_AFM_EASM#AuditLogger.CharacterSet"/>
<ConfigurableProperty uri="ey.oct.easm.EY_OCT_AFM_EASM#AuditLogger.MessageSizeInMB"/>
<ConfigurableProperty uri="ey.oct.easm.EY_OCT_AFM_EASM#AuditLogger.MsgType"/>
<ConfigurableProperty override="true" uri="ey.oct.easm.EY_OCT_AFM_EASM#AuditLogger.IsAuditLogRequired"/>
<ConfigurableProperty uri="ey.oct.easm.EY_OCT_AFM_EASM#AuditLogger.IsParentChildRelationRequired"/>
<ConfigurableProperty uri="ey.oct.easm.EY_OCT_AFM_EASM#AuditLogger.AuditFileRequired"/>
<ConfigurableProperty uri="ey.oct.easm.EY_OCT_AFM_EASM#ConstructFixedLengthResp.dataSource"/>
<ConfigurableProperty uri="ey.oct.easm.EY_OCT_AFM_EASM#ConstructFixedLengthResp.connectDatasourceBeforeFlowStarts"/>
<ConfigurableProperty uri="ey.oct.easm.EY_OCT_AFM_EASM#ConstructFixedLengthResp.validateMaster"/>
<ConfigurableProperty override="contentAndValue" uri="ey.oct.easm.EY_OCT_AFM_EASM#ValidateRespMessage.validateMaster"/>
<ConfigurableProperty override="EY.AFMEASM.FLTSCHDAILY.TST.OUT" uri="ey.oct.easm.EY_OCT_AFM_EASM#EASMOutputQueue.queueName"/>
<ConfigurableProperty uri="ey.oct.easm.EY_OCT_AFM_EASM#EASMOutputQueue.connection"/>
<ConfigurableProperty uri="ey.oct.easm.EY_OCT_AFM_EASM#EASMOutputQueue.destinationQueueManagerName"/>
<ConfigurableProperty uri="ey.oct.easm.EY_OCT_AFM_EASM#EASMOutputQueue.queueManagerHostname"/>
<ConfigurableProperty uri="ey.oct.easm.EY_OCT_AFM_EASM#EASMOutputQueue.listenerPortNumber"/>
<ConfigurableProperty uri="ey.oct.easm.EY_OCT_AFM_EASM#EASMOutputQueue.channelName"/>
<ConfigurableProperty uri="ey.oct.easm.EY_OCT_AFM_EASM#EASMOutputQueue.securityIdentity"/>
<ConfigurableProperty uri="ey.oct.easm.EY_OCT_AFM_EASM#EASMOutputQueue.useSSL"/>
<ConfigurableProperty uri="ey.oct.easm.EY_OCT_AFM_EASM#EASMOutputQueue.SSLPeerName"/>
<ConfigurableProperty uri="ey.oct.easm.EY_OCT_AFM_EASM#EASMOutputQueue.SSLCipherSpec"/>
<ConfigurableProperty uri="ey.oct.easm.EY_OCT_AFM_EASM#EASMOutputQueue.queueManagerName"/>
<ConfigurableProperty uri="ey.oct.easm.EY_OCT_AFM_EASM#EASMOutputQueue.replyToQMgr"/>
<ConfigurableProperty uri="ey.oct.easm.EY_OCT_AFM_EASM#EASMOutputQueue.replyToQ"/>
<ConfigurableProperty override="none" uri="ey.oct.easm.EY_OCT_AFM_EASM#EASMOutputQueue.validateMaster"/>
<ConfigurableProperty uri="ey.oct.easm.EY_OCT_AFM_EASM#EASMOutputQueue.securityProfileName"/>
<ConfigurableProperty uri="ey.oct.easm.EY_OCT_AFM_EASM#EASMOutputQueue.policyUrl"/>
<ConfigurableProperty uri="ey.oct.easm.EY_OCT_AFM_EASM#EASMOutputQueue.AddRequestToGroup"/>
<ConfigurableProperty uri="ey.oct.easm.EY_OCT_AFM_EASM#EASMOutputQueue.GroupRequestFolderName"/>
<ConfigurableProperty uri="ey.oct.easm.EY_OCT_AFM_EASM#EASMOutputQueue.GroupRequestTimeout"/>
<ConfigurableProperty override="Fixed Length Message Sent To Output Queue" uri="ey.oct.easm.EY_OCT_AFM_EASM#CaptureLog.StatusText"/>
<ConfigurableProperty uri="ey.oct.easm.EY_OCT_AFM_EASM#CaptureLog.IsMsgDetailsRequired"/>
<ConfigurableProperty uri="ey.oct.easm.EY_OCT_AFM_EASM#CaptureLog.IsPayloadRequired"/>
<ConfigurableProperty override="Fixed Length" uri="ey.oct.easm.EY_OCT_AFM_EASM#CaptureLog.MsgFormat"/>
<ConfigurableProperty override="O" uri="ey.oct.easm.EY_OCT_AFM_EASM#CaptureLog.DataDirection"/>
<ConfigurableProperty uri="ey.oct.easm.EY_OCT_AFM_EASM#CaptureLog.CharacterSet"/>
<ConfigurableProperty uri="ey.oct.easm.EY_OCT_AFM_EASM#CaptureLog.MessageSizeInMB"/>
<ConfigurableProperty override="3b" uri="ey.oct.easm.EY_OCT_AFM_EASM#CaptureLog.ProcessStep"/>
<ConfigurableProperty uri="ey.oct.easm.EY_OCT_AFM_EASM#CaptureLog.IsParentChildRelationRequired"/>
</CompiledMessageFlow>
</Broker>