<?xml version="1.0" encoding="UTF-8"?><Broker>
<CompiledApplication>
<ConfigurableProperty uri="startMode"/>
</CompiledApplication>
<CompiledMessageFlow name="ey.aodb.opsesb.EY_OPSESB_ODS_AODB_BOOKEDPAXLOAD">
<ConfigurableProperty uri="ey.aodb.opsesb.EY_OPSESB_ODS_AODB_BOOKEDPAXLOAD#additionalInstances"/>
<ConfigurableProperty uri="ey.aodb.opsesb.EY_OPSESB_ODS_AODB_BOOKEDPAXLOAD#notificationThresholdMsgsPerSec"/>
<ConfigurableProperty uri="ey.aodb.opsesb.EY_OPSESB_ODS_AODB_BOOKEDPAXLOAD#maximumRateMsgsPerSec"/>
<ConfigurableProperty uri="ey.aodb.opsesb.EY_OPSESB_ODS_AODB_BOOKEDPAXLOAD#processingTimeoutSec"/>
<ConfigurableProperty uri="ey.aodb.opsesb.EY_OPSESB_ODS_AODB_BOOKEDPAXLOAD#processingTimeoutAction"/>
<ConfigurableProperty uri="ey.aodb.opsesb.EY_OPSESB_ODS_AODB_BOOKEDPAXLOAD#wlmPolicy"/>
<ConfigurableProperty uri="ey.aodb.opsesb.EY_OPSESB_ODS_AODB_BOOKEDPAXLOAD#commitCount"/>
<ConfigurableProperty uri="ey.aodb.opsesb.EY_OPSESB_ODS_AODB_BOOKEDPAXLOAD#commitInterval"/>
<ConfigurableProperty uri="ey.aodb.opsesb.EY_OPSESB_ODS_AODB_BOOKEDPAXLOAD#coordinatedTransaction"/>
<ConfigurableProperty uri="ey.aodb.opsesb.EY_OPSESB_ODS_AODB_BOOKEDPAXLOAD#consumerPolicySet"/>
<ConfigurableProperty uri="ey.aodb.opsesb.EY_OPSESB_ODS_AODB_BOOKEDPAXLOAD#providerPolicySet"/>
<ConfigurableProperty uri="ey.aodb.opsesb.EY_OPSESB_ODS_AODB_BOOKEDPAXLOAD#consumerPolicySetBindings"/>
<ConfigurableProperty uri="ey.aodb.opsesb.EY_OPSESB_ODS_AODB_BOOKEDPAXLOAD#providerPolicySetBindings"/>
<ConfigurableProperty uri="ey.aodb.opsesb.EY_OPSESB_ODS_AODB_BOOKEDPAXLOAD#securityProfileName"/>
<ConfigurableProperty uri="ey.aodb.opsesb.EY_OPSESB_ODS_AODB_BOOKEDPAXLOAD#monitoringProfile"/>
<ConfigurableProperty uri="ey.aodb.opsesb.EY_OPSESB_ODS_AODB_BOOKEDPAXLOAD#startMode"/>
<ConfigurableProperty uri="ey.aodb.opsesb.EY_OPSESB_ODS_AODB_BOOKEDPAXLOAD#startInstancesWhenFlowStarts"/>
<ConfigurableProperty override="OPSESB_TST" uri="ey.aodb.opsesb.EY_OPSESB_ODS_AODB_BOOKEDPAXLOAD#DB_Name"/>
<ConfigurableProperty override="ops_ods" uri="ey.aodb.opsesb.EY_OPSESB_ODS_AODB_BOOKEDPAXLOAD#DB_Schema"/>
<ConfigurableProperty override="true" uri="ey.aodb.opsesb.EY_OPSESB_ODS_AODB_BOOKEDPAXLOAD#LockDownFilter"/>
<ConfigurableProperty override="OPSESB_TST" uri="ey.aodb.opsesb.EY_OPSESB_ODS_AODB_BOOKEDPAXLOAD#dataSource"/>
<ConfigurableProperty override="EY_A_OPSESB_AODB_BOOKEDLOAD_IN_01" uri="ey.aodb.opsesb.EY_OPSESB_ODS_AODB_BOOKEDPAXLOAD#EY_A_OPSESB_AODB_BOOKEDLOAD_IN_01.queueName"/>
<ConfigurableProperty uri="ey.aodb.opsesb.EY_OPSESB_ODS_AODB_BOOKEDPAXLOAD#EY_A_OPSESB_AODB_BOOKEDLOAD_IN_01.connection"/>
<ConfigurableProperty uri="ey.aodb.opsesb.EY_OPSESB_ODS_AODB_BOOKEDPAXLOAD#EY_A_OPSESB_AODB_BOOKEDLOAD_IN_01.destinationQueueManagerName"/>
<ConfigurableProperty uri="ey.aodb.opsesb.EY_OPSESB_ODS_AODB_BOOKEDPAXLOAD#EY_A_OPSESB_AODB_BOOKEDLOAD_IN_01.queueManagerHostname"/>
<ConfigurableProperty uri="ey.aodb.opsesb.EY_OPSESB_ODS_AODB_BOOKEDPAXLOAD#EY_A_OPSESB_AODB_BOOKEDLOAD_IN_01.listenerPortNumber"/>
<ConfigurableProperty uri="ey.aodb.opsesb.EY_OPSESB_ODS_AODB_BOOKEDPAXLOAD#EY_A_OPSESB_AODB_BOOKEDLOAD_IN_01.channelName"/>
<ConfigurableProperty uri="ey.aodb.opsesb.EY_OPSESB_ODS_AODB_BOOKEDPAXLOAD#EY_A_OPSESB_AODB_BOOKEDLOAD_IN_01.securityIdentity"/>
<ConfigurableProperty uri="ey.aodb.opsesb.EY_OPSESB_ODS_AODB_BOOKEDPAXLOAD#EY_A_OPSESB_AODB_BOOKEDLOAD_IN_01.useSSL"/>
<ConfigurableProperty uri="ey.aodb.opsesb.EY_OPSESB_ODS_AODB_BOOKEDPAXLOAD#EY_A_OPSESB_AODB_BOOKEDLOAD_IN_01.SSLPeerName"/>
<ConfigurableProperty uri="ey.aodb.opsesb.EY_OPSESB_ODS_AODB_BOOKEDPAXLOAD#EY_A_OPSESB_AODB_BOOKEDLOAD_IN_01.SSLCipherSpec"/>
<ConfigurableProperty uri="ey.aodb.opsesb.EY_OPSESB_ODS_AODB_BOOKEDPAXLOAD#EY_A_OPSESB_AODB_BOOKEDLOAD_IN_01.serializationToken"/>
<ConfigurableProperty uri="ey.aodb.opsesb.EY_OPSESB_ODS_AODB_BOOKEDPAXLOAD#EY_A_OPSESB_AODB_BOOKEDLOAD_IN_01.topicProperty"/>
<ConfigurableProperty uri="ey.aodb.opsesb.EY_OPSESB_ODS_AODB_BOOKEDPAXLOAD#EY_A_OPSESB_AODB_BOOKEDLOAD_IN_01.resetBrowseTimeout"/>
<ConfigurableProperty uri="ey.aodb.opsesb.EY_OPSESB_ODS_AODB_BOOKEDPAXLOAD#EY_A_OPSESB_AODB_BOOKEDLOAD_IN_01.validateMaster"/>
<ConfigurableProperty uri="ey.aodb.opsesb.EY_OPSESB_ODS_AODB_BOOKEDPAXLOAD#EY_A_OPSESB_AODB_BOOKEDLOAD_IN_01.securityProfileName"/>
<ConfigurableProperty uri="ey.aodb.opsesb.EY_OPSESB_ODS_AODB_BOOKEDPAXLOAD#EY_A_OPSESB_AODB_BOOKEDLOAD_IN_01.componentLevel"/>
<ConfigurableProperty uri="ey.aodb.opsesb.EY_OPSESB_ODS_AODB_BOOKEDPAXLOAD#EY_A_OPSESB_AODB_BOOKEDLOAD_IN_01.additionalInstances"/>
<ConfigurableProperty uri="ey.aodb.opsesb.EY_OPSESB_ODS_AODB_BOOKEDPAXLOAD#EY_A_OPSESB_AODB_BOOKEDLOAD_IN_01.policyUrl"/>
<ConfigurableProperty uri="ey.aodb.opsesb.EY_OPSESB_ODS_AODB_BOOKEDPAXLOAD#EY_OPSESB_ODS_AODB_BookedPaxLoad.connectDatasourceBeforeFlowStarts"/>
<ConfigurableProperty uri="ey.aodb.opsesb.EY_OPSESB_ODS_AODB_BOOKEDPAXLOAD#EY_OPSESB_ODS_AODB_BookedPaxLoad.validateMaster"/>
<ConfigurableProperty override="EY_A_OPSESB_AODB_BOOKEDLOAD_01" uri="ey.aodb.opsesb.EY_OPSESB_ODS_AODB_BOOKEDPAXLOAD#EY_A_OPSESB_AODB_BOOKEDLOAD_01.queueName"/>
<ConfigurableProperty uri="ey.aodb.opsesb.EY_OPSESB_ODS_AODB_BOOKEDPAXLOAD#EY_A_OPSESB_AODB_BOOKEDLOAD_01.connection"/>
<ConfigurableProperty uri="ey.aodb.opsesb.EY_OPSESB_ODS_AODB_BOOKEDPAXLOAD#EY_A_OPSESB_AODB_BOOKEDLOAD_01.destinationQueueManagerName"/>
<ConfigurableProperty uri="ey.aodb.opsesb.EY_OPSESB_ODS_AODB_BOOKEDPAXLOAD#EY_A_OPSESB_AODB_BOOKEDLOAD_01.queueManagerHostname"/>
<ConfigurableProperty uri="ey.aodb.opsesb.EY_OPSESB_ODS_AODB_BOOKEDPAXLOAD#EY_A_OPSESB_AODB_BOOKEDLOAD_01.listenerPortNumber"/>
<ConfigurableProperty uri="ey.aodb.opsesb.EY_OPSESB_ODS_AODB_BOOKEDPAXLOAD#EY_A_OPSESB_AODB_BOOKEDLOAD_01.channelName"/>
<ConfigurableProperty uri="ey.aodb.opsesb.EY_OPSESB_ODS_AODB_BOOKEDPAXLOAD#EY_A_OPSESB_AODB_BOOKEDLOAD_01.securityIdentity"/>
<ConfigurableProperty uri="ey.aodb.opsesb.EY_OPSESB_ODS_AODB_BOOKEDPAXLOAD#EY_A_OPSESB_AODB_BOOKEDLOAD_01.useSSL"/>
<ConfigurableProperty uri="ey.aodb.opsesb.EY_OPSESB_ODS_AODB_BOOKEDPAXLOAD#EY_A_OPSESB_AODB_BOOKEDLOAD_01.SSLPeerName"/>
<ConfigurableProperty uri="ey.aodb.opsesb.EY_OPSESB_ODS_AODB_BOOKEDPAXLOAD#EY_A_OPSESB_AODB_BOOKEDLOAD_01.SSLCipherSpec"/>
<ConfigurableProperty uri="ey.aodb.opsesb.EY_OPSESB_ODS_AODB_BOOKEDPAXLOAD#EY_A_OPSESB_AODB_BOOKEDLOAD_01.queueManagerName"/>
<ConfigurableProperty uri="ey.aodb.opsesb.EY_OPSESB_ODS_AODB_BOOKEDPAXLOAD#EY_A_OPSESB_AODB_BOOKEDLOAD_01.replyToQMgr"/>
<ConfigurableProperty uri="ey.aodb.opsesb.EY_OPSESB_ODS_AODB_BOOKEDPAXLOAD#EY_A_OPSESB_AODB_BOOKEDLOAD_01.replyToQ"/>
<ConfigurableProperty uri="ey.aodb.opsesb.EY_OPSESB_ODS_AODB_BOOKEDPAXLOAD#EY_A_OPSESB_AODB_BOOKEDLOAD_01.validateMaster"/>
<ConfigurableProperty uri="ey.aodb.opsesb.EY_OPSESB_ODS_AODB_BOOKEDPAXLOAD#EY_A_OPSESB_AODB_BOOKEDLOAD_01.securityProfileName"/>
<ConfigurableProperty uri="ey.aodb.opsesb.EY_OPSESB_ODS_AODB_BOOKEDPAXLOAD#EY_A_OPSESB_AODB_BOOKEDLOAD_01.policyUrl"/>
<ConfigurableProperty uri="ey.aodb.opsesb.EY_OPSESB_ODS_AODB_BOOKEDPAXLOAD#EY_A_OPSESB_AODB_BOOKEDLOAD_01.AddRequestToGroup"/>
<ConfigurableProperty uri="ey.aodb.opsesb.EY_OPSESB_ODS_AODB_BOOKEDPAXLOAD#EY_A_OPSESB_AODB_BOOKEDLOAD_01.GroupRequestFolderName"/>
<ConfigurableProperty uri="ey.aodb.opsesb.EY_OPSESB_ODS_AODB_BOOKEDPAXLOAD#EY_A_OPSESB_AODB_BOOKEDLOAD_01.GroupRequestTimeout"/>
<ConfigurableProperty override="contentAndValue" uri="ey.aodb.opsesb.EY_OPSESB_ODS_AODB_BOOKEDPAXLOAD#Validate.validateMaster"/>
<ConfigurableProperty uri="ey.aodb.opsesb.EY_OPSESB_ODS_AODB_BOOKEDPAXLOAD#SplitRecord.connectDatasourceBeforeFlowStarts"/>
<ConfigurableProperty uri="ey.aodb.opsesb.EY_OPSESB_ODS_AODB_BOOKEDPAXLOAD#SplitRecord.validateMaster"/>
<ConfigurableProperty override="EY_OPSESB_ODS_AODB_BOOKEDLOAD" uri="ey.aodb.opsesb.EY_OPSESB_ODS_AODB_BOOKEDPAXLOAD#AuditLogger.InterfaceID"/>
<ConfigurableProperty uri="ey.aodb.opsesb.EY_OPSESB_ODS_AODB_BOOKEDPAXLOAD#AuditLogger.MsgType"/>
<ConfigurableProperty override="true" uri="ey.aodb.opsesb.EY_OPSESB_ODS_AODB_BOOKEDPAXLOAD#AuditLogger.IsAuditLogRequired"/>
<ConfigurableProperty uri="ey.aodb.opsesb.EY_OPSESB_ODS_AODB_BOOKEDPAXLOAD#AuditLogger.IsParentChildRelationRequired"/>
<ConfigurableProperty override="true" uri="ey.aodb.opsesb.EY_OPSESB_ODS_AODB_BOOKEDPAXLOAD#AuditLogger.IsInprogress"/>
<ConfigurableProperty uri="ey.aodb.opsesb.EY_OPSESB_ODS_AODB_BOOKEDPAXLOAD#AuditLogger.AuditFileRequired"/>
<ConfigurableProperty uri="ey.aodb.opsesb.EY_OPSESB_ODS_AODB_BOOKEDPAXLOAD#AuditLogger.CharacterSet"/>
<ConfigurableProperty uri="ey.aodb.opsesb.EY_OPSESB_ODS_AODB_BOOKEDPAXLOAD#AuditLogger.DataDirection"/>
<ConfigurableProperty uri="ey.aodb.opsesb.EY_OPSESB_ODS_AODB_BOOKEDPAXLOAD#AuditLogger.MessageSizeInMB"/>
<ConfigurableProperty uri="ey.aodb.opsesb.EY_OPSESB_ODS_AODB_BOOKEDPAXLOAD#AuditLogger.MsgFormat"/>
<ConfigurableProperty override="true" uri="ey.aodb.opsesb.EY_OPSESB_ODS_AODB_BOOKEDPAXLOAD#AuditLogger.FirstMsg"/>
<ConfigurableProperty uri="ey.aodb.opsesb.EY_OPSESB_ODS_AODB_BOOKEDPAXLOAD#AuditLogger.IsMsgDetailsRequired"/>
<ConfigurableProperty uri="ey.aodb.opsesb.EY_OPSESB_ODS_AODB_BOOKEDPAXLOAD#AuditLogger.IsPayloadRequired"/>
<ConfigurableProperty override="1a" uri="ey.aodb.opsesb.EY_OPSESB_ODS_AODB_BOOKEDPAXLOAD#AuditLogger.ProcessStep"/>
<ConfigurableProperty override="Message Received from CronJob" uri="ey.aodb.opsesb.EY_OPSESB_ODS_AODB_BOOKEDPAXLOAD#AuditLogger.StatusText"/>
<ConfigurableProperty uri="ey.aodb.opsesb.EY_OPSESB_ODS_AODB_BOOKEDPAXLOAD#CheckRetry.RetryIntervalInSec"/>
<ConfigurableProperty uri="ey.aodb.opsesb.EY_OPSESB_ODS_AODB_BOOKEDPAXLOAD#CheckRetry.MaxRetryCount"/>
<ConfigurableProperty uri="ey.aodb.opsesb.EY_OPSESB_ODS_AODB_BOOKEDPAXLOAD#CheckRetry.ErrorCodes"/>
<ConfigurableProperty uri="ey.aodb.opsesb.EY_OPSESB_ODS_AODB_BOOKEDPAXLOAD#CheckRetry1.RetryIntervalInSec"/>
<ConfigurableProperty uri="ey.aodb.opsesb.EY_OPSESB_ODS_AODB_BOOKEDPAXLOAD#CheckRetry1.MaxRetryCount"/>
<ConfigurableProperty uri="ey.aodb.opsesb.EY_OPSESB_ODS_AODB_BOOKEDPAXLOAD#CheckRetry1.ErrorCodes"/>
<ConfigurableProperty override="AODB BookedLoad details have been shared to Consumer Queue" uri="ey.aodb.opsesb.EY_OPSESB_ODS_AODB_BOOKEDPAXLOAD#CaptureLog1.StatusText"/>
<ConfigurableProperty uri="ey.aodb.opsesb.EY_OPSESB_ODS_AODB_BOOKEDPAXLOAD#CaptureLog1.IsMsgDetailsRequired"/>
<ConfigurableProperty uri="ey.aodb.opsesb.EY_OPSESB_ODS_AODB_BOOKEDPAXLOAD#CaptureLog1.IsPayloadRequired"/>
<ConfigurableProperty uri="ey.aodb.opsesb.EY_OPSESB_ODS_AODB_BOOKEDPAXLOAD#CaptureLog1.MsgFormat"/>
<ConfigurableProperty override="O" uri="ey.aodb.opsesb.EY_OPSESB_ODS_AODB_BOOKEDPAXLOAD#CaptureLog1.DataDirection"/>
<ConfigurableProperty uri="ey.aodb.opsesb.EY_OPSESB_ODS_AODB_BOOKEDPAXLOAD#CaptureLog1.CharacterSet"/>
<ConfigurableProperty uri="ey.aodb.opsesb.EY_OPSESB_ODS_AODB_BOOKEDPAXLOAD#CaptureLog1.MessageSizeInMB"/>
<ConfigurableProperty override="1c" uri="ey.aodb.opsesb.EY_OPSESB_ODS_AODB_BOOKEDPAXLOAD#CaptureLog1.ProcessStep"/>
<ConfigurableProperty uri="ey.aodb.opsesb.EY_OPSESB_ODS_AODB_BOOKEDPAXLOAD#CaptureLog1.IsParentChildRelationRequired"/>
<ConfigurableProperty uri="ey.aodb.opsesb.EY_OPSESB_ODS_AODB_BOOKEDPAXLOAD#CaptureLog1.AuditFileRequired"/>
<ConfigurableProperty uri="ey.aodb.opsesb.EY_OPSESB_ODS_AODB_BOOKEDPAXLOAD#CaptureLog1.FirstMsg"/>
<ConfigurableProperty override="AODB Consumer Output XML is generated" uri="ey.aodb.opsesb.EY_OPSESB_ODS_AODB_BOOKEDPAXLOAD#CaptureLog.StatusText"/>
<ConfigurableProperty uri="ey.aodb.opsesb.EY_OPSESB_ODS_AODB_BOOKEDPAXLOAD#CaptureLog.IsMsgDetailsRequired"/>
<ConfigurableProperty uri="ey.aodb.opsesb.EY_OPSESB_ODS_AODB_BOOKEDPAXLOAD#CaptureLog.IsPayloadRequired"/>
<ConfigurableProperty uri="ey.aodb.opsesb.EY_OPSESB_ODS_AODB_BOOKEDPAXLOAD#CaptureLog.MsgFormat"/>
<ConfigurableProperty override="O" uri="ey.aodb.opsesb.EY_OPSESB_ODS_AODB_BOOKEDPAXLOAD#CaptureLog.DataDirection"/>
<ConfigurableProperty uri="ey.aodb.opsesb.EY_OPSESB_ODS_AODB_BOOKEDPAXLOAD#CaptureLog.CharacterSet"/>
<ConfigurableProperty uri="ey.aodb.opsesb.EY_OPSESB_ODS_AODB_BOOKEDPAXLOAD#CaptureLog.MessageSizeInMB"/>
<ConfigurableProperty override="1b" uri="ey.aodb.opsesb.EY_OPSESB_ODS_AODB_BOOKEDPAXLOAD#CaptureLog.ProcessStep"/>
<ConfigurableProperty uri="ey.aodb.opsesb.EY_OPSESB_ODS_AODB_BOOKEDPAXLOAD#CaptureLog.IsParentChildRelationRequired"/>
<ConfigurableProperty uri="ey.aodb.opsesb.EY_OPSESB_ODS_AODB_BOOKEDPAXLOAD#CaptureLog.AuditFileRequired"/>
<ConfigurableProperty uri="ey.aodb.opsesb.EY_OPSESB_ODS_AODB_BOOKEDPAXLOAD#CaptureLog.FirstMsg"/>
<ConfigurableProperty uri="ey.aodb.opsesb.EY_OPSESB_ODS_AODB_BOOKEDPAXLOAD#ExceptionHandler.ApplicationName"/>
<ConfigurableProperty uri="ey.aodb.opsesb.EY_OPSESB_ODS_AODB_BOOKEDPAXLOAD#ExceptionHandler.ExceptionFileRequired"/>
</CompiledMessageFlow>
</Broker>