<?xml version="1.0" encoding="UTF-8"?><Broker>
<CompiledApplication>
<ConfigurableProperty uri="startMode"/>
</CompiledApplication>
<CompiledMessageFlow name="com.ey.soa.si.auditfile.EY_SI_AUDIT_EXCEPTION_FILE">
<ConfigurableProperty uri="com.ey.soa.si.auditfile.EY_SI_AUDIT_EXCEPTION_FILE#additionalInstances"/>
<ConfigurableProperty uri="com.ey.soa.si.auditfile.EY_SI_AUDIT_EXCEPTION_FILE#notificationThresholdMsgsPerSec"/>
<ConfigurableProperty uri="com.ey.soa.si.auditfile.EY_SI_AUDIT_EXCEPTION_FILE#maximumRateMsgsPerSec"/>
<ConfigurableProperty uri="com.ey.soa.si.auditfile.EY_SI_AUDIT_EXCEPTION_FILE#processingTimeoutSec"/>
<ConfigurableProperty uri="com.ey.soa.si.auditfile.EY_SI_AUDIT_EXCEPTION_FILE#processingTimeoutAction"/>
<ConfigurableProperty uri="com.ey.soa.si.auditfile.EY_SI_AUDIT_EXCEPTION_FILE#wlmPolicy"/>
<ConfigurableProperty uri="com.ey.soa.si.auditfile.EY_SI_AUDIT_EXCEPTION_FILE#commitCount"/>
<ConfigurableProperty uri="com.ey.soa.si.auditfile.EY_SI_AUDIT_EXCEPTION_FILE#commitInterval"/>
<ConfigurableProperty uri="com.ey.soa.si.auditfile.EY_SI_AUDIT_EXCEPTION_FILE#coordinatedTransaction"/>
<ConfigurableProperty uri="com.ey.soa.si.auditfile.EY_SI_AUDIT_EXCEPTION_FILE#consumerPolicySet"/>
<ConfigurableProperty uri="com.ey.soa.si.auditfile.EY_SI_AUDIT_EXCEPTION_FILE#providerPolicySet"/>
<ConfigurableProperty uri="com.ey.soa.si.auditfile.EY_SI_AUDIT_EXCEPTION_FILE#consumerPolicySetBindings"/>
<ConfigurableProperty uri="com.ey.soa.si.auditfile.EY_SI_AUDIT_EXCEPTION_FILE#providerPolicySetBindings"/>
<ConfigurableProperty uri="com.ey.soa.si.auditfile.EY_SI_AUDIT_EXCEPTION_FILE#securityProfileName"/>
<ConfigurableProperty uri="com.ey.soa.si.auditfile.EY_SI_AUDIT_EXCEPTION_FILE#monitoringProfile"/>
<ConfigurableProperty uri="com.ey.soa.si.auditfile.EY_SI_AUDIT_EXCEPTION_FILE#startMode"/>
<ConfigurableProperty uri="com.ey.soa.si.auditfile.EY_SI_AUDIT_EXCEPTION_FILE#startInstancesWhenFlowStarts"/>
<ConfigurableProperty override="S_SI_AUDIT_LOGGER_FILE_01" uri="com.ey.soa.si.auditfile.EY_SI_AUDIT_EXCEPTION_FILE#AuditFile_Queue"/>
<ConfigurableProperty override="S_SI_EXCEPTION_LOGGER_FILE_01" uri="com.ey.soa.si.auditfile.EY_SI_AUDIT_EXCEPTION_FILE#ExceptionFile_Queue"/>
<ConfigurableProperty override="S_SI_AUDIT_LOGGER_FILE_01" uri="com.ey.soa.si.auditfile.EY_SI_AUDIT_EXCEPTION_FILE#S_SI_AUDIT_LOGGER_FILE_01.queueName"/>
<ConfigurableProperty uri="com.ey.soa.si.auditfile.EY_SI_AUDIT_EXCEPTION_FILE#S_SI_AUDIT_LOGGER_FILE_01.connection"/>
<ConfigurableProperty uri="com.ey.soa.si.auditfile.EY_SI_AUDIT_EXCEPTION_FILE#S_SI_AUDIT_LOGGER_FILE_01.destinationQueueManagerName"/>
<ConfigurableProperty uri="com.ey.soa.si.auditfile.EY_SI_AUDIT_EXCEPTION_FILE#S_SI_AUDIT_LOGGER_FILE_01.queueManagerHostname"/>
<ConfigurableProperty uri="com.ey.soa.si.auditfile.EY_SI_AUDIT_EXCEPTION_FILE#S_SI_AUDIT_LOGGER_FILE_01.listenerPortNumber"/>
<ConfigurableProperty uri="com.ey.soa.si.auditfile.EY_SI_AUDIT_EXCEPTION_FILE#S_SI_AUDIT_LOGGER_FILE_01.channelName"/>
<ConfigurableProperty uri="com.ey.soa.si.auditfile.EY_SI_AUDIT_EXCEPTION_FILE#S_SI_AUDIT_LOGGER_FILE_01.securityIdentity"/>
<ConfigurableProperty uri="com.ey.soa.si.auditfile.EY_SI_AUDIT_EXCEPTION_FILE#S_SI_AUDIT_LOGGER_FILE_01.useSSL"/>
<ConfigurableProperty uri="com.ey.soa.si.auditfile.EY_SI_AUDIT_EXCEPTION_FILE#S_SI_AUDIT_LOGGER_FILE_01.SSLPeerName"/>
<ConfigurableProperty uri="com.ey.soa.si.auditfile.EY_SI_AUDIT_EXCEPTION_FILE#S_SI_AUDIT_LOGGER_FILE_01.SSLCipherSpec"/>
<ConfigurableProperty uri="com.ey.soa.si.auditfile.EY_SI_AUDIT_EXCEPTION_FILE#S_SI_AUDIT_LOGGER_FILE_01.serializationToken"/>
<ConfigurableProperty uri="com.ey.soa.si.auditfile.EY_SI_AUDIT_EXCEPTION_FILE#S_SI_AUDIT_LOGGER_FILE_01.topicProperty"/>
<ConfigurableProperty uri="com.ey.soa.si.auditfile.EY_SI_AUDIT_EXCEPTION_FILE#S_SI_AUDIT_LOGGER_FILE_01.resetBrowseTimeout"/>
<ConfigurableProperty uri="com.ey.soa.si.auditfile.EY_SI_AUDIT_EXCEPTION_FILE#S_SI_AUDIT_LOGGER_FILE_01.validateMaster"/>
<ConfigurableProperty uri="com.ey.soa.si.auditfile.EY_SI_AUDIT_EXCEPTION_FILE#S_SI_AUDIT_LOGGER_FILE_01.securityProfileName"/>
<ConfigurableProperty uri="com.ey.soa.si.auditfile.EY_SI_AUDIT_EXCEPTION_FILE#S_SI_AUDIT_LOGGER_FILE_01.componentLevel"/>
<ConfigurableProperty uri="com.ey.soa.si.auditfile.EY_SI_AUDIT_EXCEPTION_FILE#S_SI_AUDIT_LOGGER_FILE_01.additionalInstances"/>
<ConfigurableProperty uri="com.ey.soa.si.auditfile.EY_SI_AUDIT_EXCEPTION_FILE#S_SI_AUDIT_LOGGER_FILE_01.policyUrl"/>
<ConfigurableProperty override="S_SI_EXCEPTION_LOGGER_FILE_01" uri="com.ey.soa.si.auditfile.EY_SI_AUDIT_EXCEPTION_FILE#S_SI_EXCEPTION_LOGGER_FILE_01.queueName"/>
<ConfigurableProperty uri="com.ey.soa.si.auditfile.EY_SI_AUDIT_EXCEPTION_FILE#S_SI_EXCEPTION_LOGGER_FILE_01.connection"/>
<ConfigurableProperty uri="com.ey.soa.si.auditfile.EY_SI_AUDIT_EXCEPTION_FILE#S_SI_EXCEPTION_LOGGER_FILE_01.destinationQueueManagerName"/>
<ConfigurableProperty uri="com.ey.soa.si.auditfile.EY_SI_AUDIT_EXCEPTION_FILE#S_SI_EXCEPTION_LOGGER_FILE_01.queueManagerHostname"/>
<ConfigurableProperty uri="com.ey.soa.si.auditfile.EY_SI_AUDIT_EXCEPTION_FILE#S_SI_EXCEPTION_LOGGER_FILE_01.listenerPortNumber"/>
<ConfigurableProperty uri="com.ey.soa.si.auditfile.EY_SI_AUDIT_EXCEPTION_FILE#S_SI_EXCEPTION_LOGGER_FILE_01.channelName"/>
<ConfigurableProperty uri="com.ey.soa.si.auditfile.EY_SI_AUDIT_EXCEPTION_FILE#S_SI_EXCEPTION_LOGGER_FILE_01.securityIdentity"/>
<ConfigurableProperty uri="com.ey.soa.si.auditfile.EY_SI_AUDIT_EXCEPTION_FILE#S_SI_EXCEPTION_LOGGER_FILE_01.useSSL"/>
<ConfigurableProperty uri="com.ey.soa.si.auditfile.EY_SI_AUDIT_EXCEPTION_FILE#S_SI_EXCEPTION_LOGGER_FILE_01.SSLPeerName"/>
<ConfigurableProperty uri="com.ey.soa.si.auditfile.EY_SI_AUDIT_EXCEPTION_FILE#S_SI_EXCEPTION_LOGGER_FILE_01.SSLCipherSpec"/>
<ConfigurableProperty uri="com.ey.soa.si.auditfile.EY_SI_AUDIT_EXCEPTION_FILE#S_SI_EXCEPTION_LOGGER_FILE_01.serializationToken"/>
<ConfigurableProperty uri="com.ey.soa.si.auditfile.EY_SI_AUDIT_EXCEPTION_FILE#S_SI_EXCEPTION_LOGGER_FILE_01.topicProperty"/>
<ConfigurableProperty uri="com.ey.soa.si.auditfile.EY_SI_AUDIT_EXCEPTION_FILE#S_SI_EXCEPTION_LOGGER_FILE_01.resetBrowseTimeout"/>
<ConfigurableProperty uri="com.ey.soa.si.auditfile.EY_SI_AUDIT_EXCEPTION_FILE#S_SI_EXCEPTION_LOGGER_FILE_01.validateMaster"/>
<ConfigurableProperty uri="com.ey.soa.si.auditfile.EY_SI_AUDIT_EXCEPTION_FILE#S_SI_EXCEPTION_LOGGER_FILE_01.securityProfileName"/>
<ConfigurableProperty uri="com.ey.soa.si.auditfile.EY_SI_AUDIT_EXCEPTION_FILE#S_SI_EXCEPTION_LOGGER_FILE_01.componentLevel"/>
<ConfigurableProperty uri="com.ey.soa.si.auditfile.EY_SI_AUDIT_EXCEPTION_FILE#S_SI_EXCEPTION_LOGGER_FILE_01.additionalInstances"/>
<ConfigurableProperty uri="com.ey.soa.si.auditfile.EY_SI_AUDIT_EXCEPTION_FILE#S_SI_EXCEPTION_LOGGER_FILE_01.policyUrl"/>
<ConfigurableProperty override="/var/APM/Audit" uri="com.ey.soa.si.auditfile.EY_SI_AUDIT_EXCEPTION_FILE#AuditFileOut.outputDirectory"/>
<ConfigurableProperty override="*.log" uri="com.ey.soa.si.auditfile.EY_SI_AUDIT_EXCEPTION_FILE#AuditFileOut.outputFilename"/>
<ConfigurableProperty uri="com.ey.soa.si.auditfile.EY_SI_AUDIT_EXCEPTION_FILE#AuditFileOut.requestDirectoryLocation"/>
<ConfigurableProperty uri="com.ey.soa.si.auditfile.EY_SI_AUDIT_EXCEPTION_FILE#AuditFileOut.requestNameLocation"/>
<ConfigurableProperty uri="com.ey.soa.si.auditfile.EY_SI_AUDIT_EXCEPTION_FILE#AuditFileOut.recordDelimiter"/>
<ConfigurableProperty uri="com.ey.soa.si.auditfile.EY_SI_AUDIT_EXCEPTION_FILE#AuditFileOut.customDelimiter"/>
<ConfigurableProperty uri="com.ey.soa.si.auditfile.EY_SI_AUDIT_EXCEPTION_FILE#AuditFileOut.validateMaster"/>
<ConfigurableProperty uri="com.ey.soa.si.auditfile.EY_SI_AUDIT_EXCEPTION_FILE#AuditFileOut.fileFtp"/>
<ConfigurableProperty uri="com.ey.soa.si.auditfile.EY_SI_AUDIT_EXCEPTION_FILE#AuditFileOut.remoteTransferType"/>
<ConfigurableProperty uri="com.ey.soa.si.auditfile.EY_SI_AUDIT_EXCEPTION_FILE#AuditFileOut.fileFtpServer"/>
<ConfigurableProperty uri="com.ey.soa.si.auditfile.EY_SI_AUDIT_EXCEPTION_FILE#AuditFileOut.fileFtpUser"/>
<ConfigurableProperty uri="com.ey.soa.si.auditfile.EY_SI_AUDIT_EXCEPTION_FILE#AuditFileOut.fileFtpDirectory"/>
<ConfigurableProperty override="/var/APM/Exception" uri="com.ey.soa.si.auditfile.EY_SI_AUDIT_EXCEPTION_FILE#ExcetionFileOut.outputDirectory"/>
<ConfigurableProperty override="*.log" uri="com.ey.soa.si.auditfile.EY_SI_AUDIT_EXCEPTION_FILE#ExcetionFileOut.outputFilename"/>
<ConfigurableProperty uri="com.ey.soa.si.auditfile.EY_SI_AUDIT_EXCEPTION_FILE#ExcetionFileOut.requestDirectoryLocation"/>
<ConfigurableProperty uri="com.ey.soa.si.auditfile.EY_SI_AUDIT_EXCEPTION_FILE#ExcetionFileOut.requestNameLocation"/>
<ConfigurableProperty uri="com.ey.soa.si.auditfile.EY_SI_AUDIT_EXCEPTION_FILE#ExcetionFileOut.recordDelimiter"/>
<ConfigurableProperty uri="com.ey.soa.si.auditfile.EY_SI_AUDIT_EXCEPTION_FILE#ExcetionFileOut.customDelimiter"/>
<ConfigurableProperty uri="com.ey.soa.si.auditfile.EY_SI_AUDIT_EXCEPTION_FILE#ExcetionFileOut.validateMaster"/>
<ConfigurableProperty uri="com.ey.soa.si.auditfile.EY_SI_AUDIT_EXCEPTION_FILE#ExcetionFileOut.fileFtp"/>
<ConfigurableProperty uri="com.ey.soa.si.auditfile.EY_SI_AUDIT_EXCEPTION_FILE#ExcetionFileOut.remoteTransferType"/>
<ConfigurableProperty uri="com.ey.soa.si.auditfile.EY_SI_AUDIT_EXCEPTION_FILE#ExcetionFileOut.fileFtpServer"/>
<ConfigurableProperty uri="com.ey.soa.si.auditfile.EY_SI_AUDIT_EXCEPTION_FILE#ExcetionFileOut.fileFtpUser"/>
<ConfigurableProperty uri="com.ey.soa.si.auditfile.EY_SI_AUDIT_EXCEPTION_FILE#ExcetionFileOut.fileFtpDirectory"/>
<ConfigurableProperty uri="com.ey.soa.si.auditfile.EY_SI_AUDIT_EXCEPTION_FILE#AuditException_FileCompute.dataSource"/>
<ConfigurableProperty uri="com.ey.soa.si.auditfile.EY_SI_AUDIT_EXCEPTION_FILE#AuditException_FileCompute.connectDatasourceBeforeFlowStarts"/>
<ConfigurableProperty uri="com.ey.soa.si.auditfile.EY_SI_AUDIT_EXCEPTION_FILE#AuditException_FileCompute.validateMaster"/>
<ConfigurableProperty override="S_SI_AUDIT_LOGGER_FILE_01_BO" uri="com.ey.soa.si.auditfile.EY_SI_AUDIT_EXCEPTION_FILE#S_SI_AUDIT_LOGGER_FILE_01_BO.queueName"/>
<ConfigurableProperty uri="com.ey.soa.si.auditfile.EY_SI_AUDIT_EXCEPTION_FILE#S_SI_AUDIT_LOGGER_FILE_01_BO.connection"/>
<ConfigurableProperty uri="com.ey.soa.si.auditfile.EY_SI_AUDIT_EXCEPTION_FILE#S_SI_AUDIT_LOGGER_FILE_01_BO.destinationQueueManagerName"/>
<ConfigurableProperty uri="com.ey.soa.si.auditfile.EY_SI_AUDIT_EXCEPTION_FILE#S_SI_AUDIT_LOGGER_FILE_01_BO.queueManagerHostname"/>
<ConfigurableProperty uri="com.ey.soa.si.auditfile.EY_SI_AUDIT_EXCEPTION_FILE#S_SI_AUDIT_LOGGER_FILE_01_BO.listenerPortNumber"/>
<ConfigurableProperty uri="com.ey.soa.si.auditfile.EY_SI_AUDIT_EXCEPTION_FILE#S_SI_AUDIT_LOGGER_FILE_01_BO.channelName"/>
<ConfigurableProperty uri="com.ey.soa.si.auditfile.EY_SI_AUDIT_EXCEPTION_FILE#S_SI_AUDIT_LOGGER_FILE_01_BO.securityIdentity"/>
<ConfigurableProperty uri="com.ey.soa.si.auditfile.EY_SI_AUDIT_EXCEPTION_FILE#S_SI_AUDIT_LOGGER_FILE_01_BO.useSSL"/>
<ConfigurableProperty uri="com.ey.soa.si.auditfile.EY_SI_AUDIT_EXCEPTION_FILE#S_SI_AUDIT_LOGGER_FILE_01_BO.SSLPeerName"/>
<ConfigurableProperty uri="com.ey.soa.si.auditfile.EY_SI_AUDIT_EXCEPTION_FILE#S_SI_AUDIT_LOGGER_FILE_01_BO.SSLCipherSpec"/>
<ConfigurableProperty uri="com.ey.soa.si.auditfile.EY_SI_AUDIT_EXCEPTION_FILE#S_SI_AUDIT_LOGGER_FILE_01_BO.queueManagerName"/>
<ConfigurableProperty uri="com.ey.soa.si.auditfile.EY_SI_AUDIT_EXCEPTION_FILE#S_SI_AUDIT_LOGGER_FILE_01_BO.replyToQMgr"/>
<ConfigurableProperty uri="com.ey.soa.si.auditfile.EY_SI_AUDIT_EXCEPTION_FILE#S_SI_AUDIT_LOGGER_FILE_01_BO.replyToQ"/>
<ConfigurableProperty uri="com.ey.soa.si.auditfile.EY_SI_AUDIT_EXCEPTION_FILE#S_SI_AUDIT_LOGGER_FILE_01_BO.validateMaster"/>
<ConfigurableProperty uri="com.ey.soa.si.auditfile.EY_SI_AUDIT_EXCEPTION_FILE#S_SI_AUDIT_LOGGER_FILE_01_BO.securityProfileName"/>
<ConfigurableProperty uri="com.ey.soa.si.auditfile.EY_SI_AUDIT_EXCEPTION_FILE#S_SI_AUDIT_LOGGER_FILE_01_BO.policyUrl"/>
<ConfigurableProperty uri="com.ey.soa.si.auditfile.EY_SI_AUDIT_EXCEPTION_FILE#S_SI_AUDIT_LOGGER_FILE_01_BO.AddRequestToGroup"/>
<ConfigurableProperty uri="com.ey.soa.si.auditfile.EY_SI_AUDIT_EXCEPTION_FILE#S_SI_AUDIT_LOGGER_FILE_01_BO.GroupRequestFolderName"/>
<ConfigurableProperty uri="com.ey.soa.si.auditfile.EY_SI_AUDIT_EXCEPTION_FILE#S_SI_AUDIT_LOGGER_FILE_01_BO.GroupRequestTimeout"/>
<ConfigurableProperty override="S_SI_EXCEPTION_LOGGER_FILE_01_BO" uri="com.ey.soa.si.auditfile.EY_SI_AUDIT_EXCEPTION_FILE#S_SI_EXCEPTION_LOGGER_FILE_01_BO.queueName"/>
<ConfigurableProperty uri="com.ey.soa.si.auditfile.EY_SI_AUDIT_EXCEPTION_FILE#S_SI_EXCEPTION_LOGGER_FILE_01_BO.connection"/>
<ConfigurableProperty uri="com.ey.soa.si.auditfile.EY_SI_AUDIT_EXCEPTION_FILE#S_SI_EXCEPTION_LOGGER_FILE_01_BO.destinationQueueManagerName"/>
<ConfigurableProperty uri="com.ey.soa.si.auditfile.EY_SI_AUDIT_EXCEPTION_FILE#S_SI_EXCEPTION_LOGGER_FILE_01_BO.queueManagerHostname"/>
<ConfigurableProperty uri="com.ey.soa.si.auditfile.EY_SI_AUDIT_EXCEPTION_FILE#S_SI_EXCEPTION_LOGGER_FILE_01_BO.listenerPortNumber"/>
<ConfigurableProperty uri="com.ey.soa.si.auditfile.EY_SI_AUDIT_EXCEPTION_FILE#S_SI_EXCEPTION_LOGGER_FILE_01_BO.channelName"/>
<ConfigurableProperty uri="com.ey.soa.si.auditfile.EY_SI_AUDIT_EXCEPTION_FILE#S_SI_EXCEPTION_LOGGER_FILE_01_BO.securityIdentity"/>
<ConfigurableProperty uri="com.ey.soa.si.auditfile.EY_SI_AUDIT_EXCEPTION_FILE#S_SI_EXCEPTION_LOGGER_FILE_01_BO.useSSL"/>
<ConfigurableProperty uri="com.ey.soa.si.auditfile.EY_SI_AUDIT_EXCEPTION_FILE#S_SI_EXCEPTION_LOGGER_FILE_01_BO.SSLPeerName"/>
<ConfigurableProperty uri="com.ey.soa.si.auditfile.EY_SI_AUDIT_EXCEPTION_FILE#S_SI_EXCEPTION_LOGGER_FILE_01_BO.SSLCipherSpec"/>
<ConfigurableProperty uri="com.ey.soa.si.auditfile.EY_SI_AUDIT_EXCEPTION_FILE#S_SI_EXCEPTION_LOGGER_FILE_01_BO.queueManagerName"/>
<ConfigurableProperty uri="com.ey.soa.si.auditfile.EY_SI_AUDIT_EXCEPTION_FILE#S_SI_EXCEPTION_LOGGER_FILE_01_BO.replyToQMgr"/>
<ConfigurableProperty uri="com.ey.soa.si.auditfile.EY_SI_AUDIT_EXCEPTION_FILE#S_SI_EXCEPTION_LOGGER_FILE_01_BO.replyToQ"/>
<ConfigurableProperty uri="com.ey.soa.si.auditfile.EY_SI_AUDIT_EXCEPTION_FILE#S_SI_EXCEPTION_LOGGER_FILE_01_BO.validateMaster"/>
<ConfigurableProperty uri="com.ey.soa.si.auditfile.EY_SI_AUDIT_EXCEPTION_FILE#S_SI_EXCEPTION_LOGGER_FILE_01_BO.securityProfileName"/>
<ConfigurableProperty uri="com.ey.soa.si.auditfile.EY_SI_AUDIT_EXCEPTION_FILE#S_SI_EXCEPTION_LOGGER_FILE_01_BO.policyUrl"/>
<ConfigurableProperty uri="com.ey.soa.si.auditfile.EY_SI_AUDIT_EXCEPTION_FILE#S_SI_EXCEPTION_LOGGER_FILE_01_BO.AddRequestToGroup"/>
<ConfigurableProperty uri="com.ey.soa.si.auditfile.EY_SI_AUDIT_EXCEPTION_FILE#S_SI_EXCEPTION_LOGGER_FILE_01_BO.GroupRequestFolderName"/>
<ConfigurableProperty uri="com.ey.soa.si.auditfile.EY_SI_AUDIT_EXCEPTION_FILE#S_SI_EXCEPTION_LOGGER_FILE_01_BO.GroupRequestTimeout"/>
</CompiledMessageFlow>
</Broker>