<?xml version="1.0" encoding="UTF-8"?><Broker>
<CompiledApplication>
<ConfigurableProperty uri="startMode"/>
</CompiledApplication>
<CompiledMessageFlow name="ey.opsesb.bms.transfermatrix.EY_OPSESB_BMS_ODS_TRANSFER_MATRIX">
<ConfigurableProperty uri="ey.opsesb.bms.transfermatrix.EY_OPSESB_BMS_ODS_TRANSFER_MATRIX#additionalInstances"/>
<ConfigurableProperty uri="ey.opsesb.bms.transfermatrix.EY_OPSESB_BMS_ODS_TRANSFER_MATRIX#notificationThresholdMsgsPerSec"/>
<ConfigurableProperty uri="ey.opsesb.bms.transfermatrix.EY_OPSESB_BMS_ODS_TRANSFER_MATRIX#maximumRateMsgsPerSec"/>
<ConfigurableProperty uri="ey.opsesb.bms.transfermatrix.EY_OPSESB_BMS_ODS_TRANSFER_MATRIX#processingTimeoutSec"/>
<ConfigurableProperty uri="ey.opsesb.bms.transfermatrix.EY_OPSESB_BMS_ODS_TRANSFER_MATRIX#processingTimeoutAction"/>
<ConfigurableProperty uri="ey.opsesb.bms.transfermatrix.EY_OPSESB_BMS_ODS_TRANSFER_MATRIX#wlmPolicy"/>
<ConfigurableProperty uri="ey.opsesb.bms.transfermatrix.EY_OPSESB_BMS_ODS_TRANSFER_MATRIX#commitCount"/>
<ConfigurableProperty uri="ey.opsesb.bms.transfermatrix.EY_OPSESB_BMS_ODS_TRANSFER_MATRIX#commitInterval"/>
<ConfigurableProperty uri="ey.opsesb.bms.transfermatrix.EY_OPSESB_BMS_ODS_TRANSFER_MATRIX#coordinatedTransaction"/>
<ConfigurableProperty uri="ey.opsesb.bms.transfermatrix.EY_OPSESB_BMS_ODS_TRANSFER_MATRIX#consumerPolicySet"/>
<ConfigurableProperty uri="ey.opsesb.bms.transfermatrix.EY_OPSESB_BMS_ODS_TRANSFER_MATRIX#providerPolicySet"/>
<ConfigurableProperty uri="ey.opsesb.bms.transfermatrix.EY_OPSESB_BMS_ODS_TRANSFER_MATRIX#consumerPolicySetBindings"/>
<ConfigurableProperty uri="ey.opsesb.bms.transfermatrix.EY_OPSESB_BMS_ODS_TRANSFER_MATRIX#providerPolicySetBindings"/>
<ConfigurableProperty uri="ey.opsesb.bms.transfermatrix.EY_OPSESB_BMS_ODS_TRANSFER_MATRIX#securityProfileName"/>
<ConfigurableProperty uri="ey.opsesb.bms.transfermatrix.EY_OPSESB_BMS_ODS_TRANSFER_MATRIX#monitoringProfile"/>
<ConfigurableProperty uri="ey.opsesb.bms.transfermatrix.EY_OPSESB_BMS_ODS_TRANSFER_MATRIX#startMode"/>
<ConfigurableProperty uri="ey.opsesb.bms.transfermatrix.EY_OPSESB_BMS_ODS_TRANSFER_MATRIX#startInstancesWhenFlowStarts"/>
<ConfigurableProperty override="OPSESB" uri="ey.opsesb.bms.transfermatrix.EY_OPSESB_BMS_ODS_TRANSFER_MATRIX#ODS_USER_NM"/>
<ConfigurableProperty override="ops_ods" uri="ey.opsesb.bms.transfermatrix.EY_OPSESB_BMS_ODS_TRANSFER_MATRIX#DB_Schema"/>
<ConfigurableProperty override="OPSESB_TST" uri="ey.opsesb.bms.transfermatrix.EY_OPSESB_BMS_ODS_TRANSFER_MATRIX#DB_Name"/>
<ConfigurableProperty override="EY_A_OPSESB_FLIGHTTRANSFERMATRIXBAG_AQ_01" uri="ey.opsesb.bms.transfermatrix.EY_OPSESB_BMS_ODS_TRANSFER_MATRIX#PublishQueue"/>
<ConfigurableProperty override="OPSESB_TST" uri="ey.opsesb.bms.transfermatrix.EY_OPSESB_BMS_ODS_TRANSFER_MATRIX#dataSource"/>
<ConfigurableProperty override="200" uri="ey.opsesb.bms.transfermatrix.EY_OPSESB_BMS_ODS_TRANSFER_MATRIX#SleepIntervalInMilliSec"/>
<ConfigurableProperty override="'CAN','NOP','CX'" uri="ey.opsesb.bms.transfermatrix.EY_OPSESB_BMS_ODS_TRANSFER_MATRIX#NonOpeFlightStatusCodes"/>
<ConfigurableProperty override="Movement Control System" uri="ey.opsesb.bms.transfermatrix.EY_OPSESB_BMS_ODS_TRANSFER_MATRIX#PrioritySourceSystem"/>
<ConfigurableProperty override="true" uri="ey.opsesb.bms.transfermatrix.EY_OPSESB_BMS_ODS_TRANSFER_MATRIX#RelaxationRequired"/>
<ConfigurableProperty override="EY_A_BMS_OPSESB_TRANSMATRIX_01" uri="ey.opsesb.bms.transfermatrix.EY_OPSESB_BMS_ODS_TRANSFER_MATRIX#EY_A_BMS_OPSESB_TRANSMATRIX_01.queueName"/>
<ConfigurableProperty uri="ey.opsesb.bms.transfermatrix.EY_OPSESB_BMS_ODS_TRANSFER_MATRIX#EY_A_BMS_OPSESB_TRANSMATRIX_01.connection"/>
<ConfigurableProperty uri="ey.opsesb.bms.transfermatrix.EY_OPSESB_BMS_ODS_TRANSFER_MATRIX#EY_A_BMS_OPSESB_TRANSMATRIX_01.destinationQueueManagerName"/>
<ConfigurableProperty uri="ey.opsesb.bms.transfermatrix.EY_OPSESB_BMS_ODS_TRANSFER_MATRIX#EY_A_BMS_OPSESB_TRANSMATRIX_01.queueManagerHostname"/>
<ConfigurableProperty uri="ey.opsesb.bms.transfermatrix.EY_OPSESB_BMS_ODS_TRANSFER_MATRIX#EY_A_BMS_OPSESB_TRANSMATRIX_01.listenerPortNumber"/>
<ConfigurableProperty uri="ey.opsesb.bms.transfermatrix.EY_OPSESB_BMS_ODS_TRANSFER_MATRIX#EY_A_BMS_OPSESB_TRANSMATRIX_01.channelName"/>
<ConfigurableProperty uri="ey.opsesb.bms.transfermatrix.EY_OPSESB_BMS_ODS_TRANSFER_MATRIX#EY_A_BMS_OPSESB_TRANSMATRIX_01.securityIdentity"/>
<ConfigurableProperty uri="ey.opsesb.bms.transfermatrix.EY_OPSESB_BMS_ODS_TRANSFER_MATRIX#EY_A_BMS_OPSESB_TRANSMATRIX_01.useSSL"/>
<ConfigurableProperty uri="ey.opsesb.bms.transfermatrix.EY_OPSESB_BMS_ODS_TRANSFER_MATRIX#EY_A_BMS_OPSESB_TRANSMATRIX_01.SSLPeerName"/>
<ConfigurableProperty uri="ey.opsesb.bms.transfermatrix.EY_OPSESB_BMS_ODS_TRANSFER_MATRIX#EY_A_BMS_OPSESB_TRANSMATRIX_01.SSLCipherSpec"/>
<ConfigurableProperty uri="ey.opsesb.bms.transfermatrix.EY_OPSESB_BMS_ODS_TRANSFER_MATRIX#EY_A_BMS_OPSESB_TRANSMATRIX_01.serializationToken"/>
<ConfigurableProperty uri="ey.opsesb.bms.transfermatrix.EY_OPSESB_BMS_ODS_TRANSFER_MATRIX#EY_A_BMS_OPSESB_TRANSMATRIX_01.topicProperty"/>
<ConfigurableProperty uri="ey.opsesb.bms.transfermatrix.EY_OPSESB_BMS_ODS_TRANSFER_MATRIX#EY_A_BMS_OPSESB_TRANSMATRIX_01.resetBrowseTimeout"/>
<ConfigurableProperty override="contentAndValue" uri="ey.opsesb.bms.transfermatrix.EY_OPSESB_BMS_ODS_TRANSFER_MATRIX#EY_A_BMS_OPSESB_TRANSMATRIX_01.validateMaster"/>
<ConfigurableProperty uri="ey.opsesb.bms.transfermatrix.EY_OPSESB_BMS_ODS_TRANSFER_MATRIX#EY_A_BMS_OPSESB_TRANSMATRIX_01.securityProfileName"/>
<ConfigurableProperty uri="ey.opsesb.bms.transfermatrix.EY_OPSESB_BMS_ODS_TRANSFER_MATRIX#EY_A_BMS_OPSESB_TRANSMATRIX_01.componentLevel"/>
<ConfigurableProperty uri="ey.opsesb.bms.transfermatrix.EY_OPSESB_BMS_ODS_TRANSFER_MATRIX#EY_A_BMS_OPSESB_TRANSMATRIX_01.additionalInstances"/>
<ConfigurableProperty uri="ey.opsesb.bms.transfermatrix.EY_OPSESB_BMS_ODS_TRANSFER_MATRIX#EY_A_BMS_OPSESB_TRANSMATRIX_01.policyUrl"/>
<ConfigurableProperty uri="ey.opsesb.bms.transfermatrix.EY_OPSESB_BMS_ODS_TRANSFER_MATRIX#PublishToTopic.queueName"/>
<ConfigurableProperty uri="ey.opsesb.bms.transfermatrix.EY_OPSESB_BMS_ODS_TRANSFER_MATRIX#PublishToTopic.connection"/>
<ConfigurableProperty uri="ey.opsesb.bms.transfermatrix.EY_OPSESB_BMS_ODS_TRANSFER_MATRIX#PublishToTopic.destinationQueueManagerName"/>
<ConfigurableProperty uri="ey.opsesb.bms.transfermatrix.EY_OPSESB_BMS_ODS_TRANSFER_MATRIX#PublishToTopic.queueManagerHostname"/>
<ConfigurableProperty uri="ey.opsesb.bms.transfermatrix.EY_OPSESB_BMS_ODS_TRANSFER_MATRIX#PublishToTopic.listenerPortNumber"/>
<ConfigurableProperty uri="ey.opsesb.bms.transfermatrix.EY_OPSESB_BMS_ODS_TRANSFER_MATRIX#PublishToTopic.channelName"/>
<ConfigurableProperty uri="ey.opsesb.bms.transfermatrix.EY_OPSESB_BMS_ODS_TRANSFER_MATRIX#PublishToTopic.securityIdentity"/>
<ConfigurableProperty uri="ey.opsesb.bms.transfermatrix.EY_OPSESB_BMS_ODS_TRANSFER_MATRIX#PublishToTopic.useSSL"/>
<ConfigurableProperty uri="ey.opsesb.bms.transfermatrix.EY_OPSESB_BMS_ODS_TRANSFER_MATRIX#PublishToTopic.SSLPeerName"/>
<ConfigurableProperty uri="ey.opsesb.bms.transfermatrix.EY_OPSESB_BMS_ODS_TRANSFER_MATRIX#PublishToTopic.SSLCipherSpec"/>
<ConfigurableProperty uri="ey.opsesb.bms.transfermatrix.EY_OPSESB_BMS_ODS_TRANSFER_MATRIX#PublishToTopic.queueManagerName"/>
<ConfigurableProperty uri="ey.opsesb.bms.transfermatrix.EY_OPSESB_BMS_ODS_TRANSFER_MATRIX#PublishToTopic.replyToQMgr"/>
<ConfigurableProperty uri="ey.opsesb.bms.transfermatrix.EY_OPSESB_BMS_ODS_TRANSFER_MATRIX#PublishToTopic.replyToQ"/>
<ConfigurableProperty uri="ey.opsesb.bms.transfermatrix.EY_OPSESB_BMS_ODS_TRANSFER_MATRIX#PublishToTopic.validateMaster"/>
<ConfigurableProperty uri="ey.opsesb.bms.transfermatrix.EY_OPSESB_BMS_ODS_TRANSFER_MATRIX#PublishToTopic.securityProfileName"/>
<ConfigurableProperty uri="ey.opsesb.bms.transfermatrix.EY_OPSESB_BMS_ODS_TRANSFER_MATRIX#PublishToTopic.policyUrl"/>
<ConfigurableProperty uri="ey.opsesb.bms.transfermatrix.EY_OPSESB_BMS_ODS_TRANSFER_MATRIX#PublishToTopic.AddRequestToGroup"/>
<ConfigurableProperty uri="ey.opsesb.bms.transfermatrix.EY_OPSESB_BMS_ODS_TRANSFER_MATRIX#PublishToTopic.GroupRequestFolderName"/>
<ConfigurableProperty uri="ey.opsesb.bms.transfermatrix.EY_OPSESB_BMS_ODS_TRANSFER_MATRIX#PublishToTopic.GroupRequestTimeout"/>
<ConfigurableProperty uri="ey.opsesb.bms.transfermatrix.EY_OPSESB_BMS_ODS_TRANSFER_MATRIX#EY_OPSESB_BMS_ODS_InsertTransferMatrixData.connectDatasourceBeforeFlowStarts"/>
<ConfigurableProperty uri="ey.opsesb.bms.transfermatrix.EY_OPSESB_BMS_ODS_TRANSFER_MATRIX#EY_OPSESB_BMS_ODS_InsertTransferMatrixData.validateMaster"/>
<ConfigurableProperty override="BMS_OPSESB_ODS_TRANSFER_MATRIX" uri="ey.opsesb.bms.transfermatrix.EY_OPSESB_BMS_ODS_TRANSFER_MATRIX#AuditLogger.InterfaceID"/>
<ConfigurableProperty override="TransferMatrix received from BMS" uri="ey.opsesb.bms.transfermatrix.EY_OPSESB_BMS_ODS_TRANSFER_MATRIX#AuditLogger.StatusText"/>
<ConfigurableProperty override="1a" uri="ey.opsesb.bms.transfermatrix.EY_OPSESB_BMS_ODS_TRANSFER_MATRIX#AuditLogger.ProcessStep"/>
<ConfigurableProperty uri="ey.opsesb.bms.transfermatrix.EY_OPSESB_BMS_ODS_TRANSFER_MATRIX#AuditLogger.IsMsgDetailsRequired"/>
<ConfigurableProperty uri="ey.opsesb.bms.transfermatrix.EY_OPSESB_BMS_ODS_TRANSFER_MATRIX#AuditLogger.IsPayloadRequired"/>
<ConfigurableProperty uri="ey.opsesb.bms.transfermatrix.EY_OPSESB_BMS_ODS_TRANSFER_MATRIX#AuditLogger.MsgFormat"/>
<ConfigurableProperty override="I" uri="ey.opsesb.bms.transfermatrix.EY_OPSESB_BMS_ODS_TRANSFER_MATRIX#AuditLogger.DataDirection"/>
<ConfigurableProperty uri="ey.opsesb.bms.transfermatrix.EY_OPSESB_BMS_ODS_TRANSFER_MATRIX#AuditLogger.CharacterSet"/>
<ConfigurableProperty uri="ey.opsesb.bms.transfermatrix.EY_OPSESB_BMS_ODS_TRANSFER_MATRIX#AuditLogger.MessageSizeInMB"/>
<ConfigurableProperty uri="ey.opsesb.bms.transfermatrix.EY_OPSESB_BMS_ODS_TRANSFER_MATRIX#AuditLogger.MsgType"/>
<ConfigurableProperty override="true" uri="ey.opsesb.bms.transfermatrix.EY_OPSESB_BMS_ODS_TRANSFER_MATRIX#AuditLogger.IsAuditLogRequired"/>
<ConfigurableProperty uri="ey.opsesb.bms.transfermatrix.EY_OPSESB_BMS_ODS_TRANSFER_MATRIX#AuditLogger.IsParentChildRelationRequired"/>
<ConfigurableProperty uri="ey.opsesb.bms.transfermatrix.EY_OPSESB_BMS_ODS_TRANSFER_MATRIX#AuditLogger.AuditFileRequired"/>
<ConfigurableProperty override="Published the notification to topic" uri="ey.opsesb.bms.transfermatrix.EY_OPSESB_BMS_ODS_TRANSFER_MATRIX#CaptureLog.StatusText"/>
<ConfigurableProperty uri="ey.opsesb.bms.transfermatrix.EY_OPSESB_BMS_ODS_TRANSFER_MATRIX#CaptureLog.IsMsgDetailsRequired"/>
<ConfigurableProperty uri="ey.opsesb.bms.transfermatrix.EY_OPSESB_BMS_ODS_TRANSFER_MATRIX#CaptureLog.IsPayloadRequired"/>
<ConfigurableProperty uri="ey.opsesb.bms.transfermatrix.EY_OPSESB_BMS_ODS_TRANSFER_MATRIX#CaptureLog.MsgFormat"/>
<ConfigurableProperty uri="ey.opsesb.bms.transfermatrix.EY_OPSESB_BMS_ODS_TRANSFER_MATRIX#CaptureLog.DataDirection"/>
<ConfigurableProperty uri="ey.opsesb.bms.transfermatrix.EY_OPSESB_BMS_ODS_TRANSFER_MATRIX#CaptureLog.CharacterSet"/>
<ConfigurableProperty uri="ey.opsesb.bms.transfermatrix.EY_OPSESB_BMS_ODS_TRANSFER_MATRIX#CaptureLog.MessageSizeInMB"/>
<ConfigurableProperty override="1c" uri="ey.opsesb.bms.transfermatrix.EY_OPSESB_BMS_ODS_TRANSFER_MATRIX#CaptureLog.ProcessStep"/>
<ConfigurableProperty uri="ey.opsesb.bms.transfermatrix.EY_OPSESB_BMS_ODS_TRANSFER_MATRIX#CaptureLog.IsParentChildRelationRequired"/>
<ConfigurableProperty override="TransferMatrix data inserted to ODS" uri="ey.opsesb.bms.transfermatrix.EY_OPSESB_BMS_ODS_TRANSFER_MATRIX#CaptureLog1.StatusText"/>
<ConfigurableProperty uri="ey.opsesb.bms.transfermatrix.EY_OPSESB_BMS_ODS_TRANSFER_MATRIX#CaptureLog1.IsMsgDetailsRequired"/>
<ConfigurableProperty uri="ey.opsesb.bms.transfermatrix.EY_OPSESB_BMS_ODS_TRANSFER_MATRIX#CaptureLog1.IsPayloadRequired"/>
<ConfigurableProperty uri="ey.opsesb.bms.transfermatrix.EY_OPSESB_BMS_ODS_TRANSFER_MATRIX#CaptureLog1.MsgFormat"/>
<ConfigurableProperty uri="ey.opsesb.bms.transfermatrix.EY_OPSESB_BMS_ODS_TRANSFER_MATRIX#CaptureLog1.DataDirection"/>
<ConfigurableProperty uri="ey.opsesb.bms.transfermatrix.EY_OPSESB_BMS_ODS_TRANSFER_MATRIX#CaptureLog1.CharacterSet"/>
<ConfigurableProperty uri="ey.opsesb.bms.transfermatrix.EY_OPSESB_BMS_ODS_TRANSFER_MATRIX#CaptureLog1.MessageSizeInMB"/>
<ConfigurableProperty override="1b" uri="ey.opsesb.bms.transfermatrix.EY_OPSESB_BMS_ODS_TRANSFER_MATRIX#CaptureLog1.ProcessStep"/>
<ConfigurableProperty uri="ey.opsesb.bms.transfermatrix.EY_OPSESB_BMS_ODS_TRANSFER_MATRIX#CaptureLog1.IsParentChildRelationRequired"/>
<ConfigurableProperty uri="ey.opsesb.bms.transfermatrix.EY_OPSESB_BMS_ODS_TRANSFER_MATRIX#CheckRetry.RetryIntervalInSec"/>
<ConfigurableProperty uri="ey.opsesb.bms.transfermatrix.EY_OPSESB_BMS_ODS_TRANSFER_MATRIX#CheckRetry.MaxRetryCount"/>
<ConfigurableProperty uri="ey.opsesb.bms.transfermatrix.EY_OPSESB_BMS_ODS_TRANSFER_MATRIX#CheckRetry.ErrorCodes"/>
</CompiledMessageFlow>
</Broker>