<?xml version="1.0" encoding="UTF-8"?><Broker>
<CompiledApplication>
<ConfigurableProperty uri="startMode"/>
</CompiledApplication>
<CompiledMessageFlow name="ey.opsesb.sharedservice.EY_OPSESB_SS_TRANSFERMATRIX_PAX">
<ConfigurableProperty uri="ey.opsesb.sharedservice.EY_OPSESB_SS_TRANSFERMATRIX_PAX#additionalInstances"/>
<ConfigurableProperty uri="ey.opsesb.sharedservice.EY_OPSESB_SS_TRANSFERMATRIX_PAX#notificationThresholdMsgsPerSec"/>
<ConfigurableProperty uri="ey.opsesb.sharedservice.EY_OPSESB_SS_TRANSFERMATRIX_PAX#maximumRateMsgsPerSec"/>
<ConfigurableProperty uri="ey.opsesb.sharedservice.EY_OPSESB_SS_TRANSFERMATRIX_PAX#processingTimeoutSec"/>
<ConfigurableProperty uri="ey.opsesb.sharedservice.EY_OPSESB_SS_TRANSFERMATRIX_PAX#processingTimeoutAction"/>
<ConfigurableProperty uri="ey.opsesb.sharedservice.EY_OPSESB_SS_TRANSFERMATRIX_PAX#wlmPolicy"/>
<ConfigurableProperty uri="ey.opsesb.sharedservice.EY_OPSESB_SS_TRANSFERMATRIX_PAX#commitCount"/>
<ConfigurableProperty uri="ey.opsesb.sharedservice.EY_OPSESB_SS_TRANSFERMATRIX_PAX#commitInterval"/>
<ConfigurableProperty uri="ey.opsesb.sharedservice.EY_OPSESB_SS_TRANSFERMATRIX_PAX#coordinatedTransaction"/>
<ConfigurableProperty uri="ey.opsesb.sharedservice.EY_OPSESB_SS_TRANSFERMATRIX_PAX#consumerPolicySet"/>
<ConfigurableProperty uri="ey.opsesb.sharedservice.EY_OPSESB_SS_TRANSFERMATRIX_PAX#providerPolicySet"/>
<ConfigurableProperty uri="ey.opsesb.sharedservice.EY_OPSESB_SS_TRANSFERMATRIX_PAX#consumerPolicySetBindings"/>
<ConfigurableProperty uri="ey.opsesb.sharedservice.EY_OPSESB_SS_TRANSFERMATRIX_PAX#providerPolicySetBindings"/>
<ConfigurableProperty uri="ey.opsesb.sharedservice.EY_OPSESB_SS_TRANSFERMATRIX_PAX#securityProfileName"/>
<ConfigurableProperty uri="ey.opsesb.sharedservice.EY_OPSESB_SS_TRANSFERMATRIX_PAX#monitoringProfile"/>
<ConfigurableProperty uri="ey.opsesb.sharedservice.EY_OPSESB_SS_TRANSFERMATRIX_PAX#startMode"/>
<ConfigurableProperty uri="ey.opsesb.sharedservice.EY_OPSESB_SS_TRANSFERMATRIX_PAX#startInstancesWhenFlowStarts"/>
<ConfigurableProperty override="OPSESB" uri="ey.opsesb.sharedservice.EY_OPSESB_SS_TRANSFERMATRIX_PAX#ODS_USER_NM"/>
<ConfigurableProperty override="OPSESB_TST" uri="ey.opsesb.sharedservice.EY_OPSESB_SS_TRANSFERMATRIX_PAX#DB_Name"/>
<ConfigurableProperty override="ops_ods" uri="ey.opsesb.sharedservice.EY_OPSESB_SS_TRANSFERMATRIX_PAX#DB_Schema"/>
<ConfigurableProperty override="-6" uri="ey.opsesb.sharedservice.EY_OPSESB_SS_TRANSFERMATRIX_PAX#START_TIME_REALTIME"/>
<ConfigurableProperty override="42" uri="ey.opsesb.sharedservice.EY_OPSESB_SS_TRANSFERMATRIX_PAX#END_TIME_REALTIME"/>
<ConfigurableProperty override="EY.OPSESB.SS.TRANSFERMATRIX.PAX.AQ.01" uri="ey.opsesb.sharedservice.EY_OPSESB_SS_TRANSFERMATRIX_PAX#REALTIME_TOPIC_QALIAS"/>
<ConfigurableProperty override="true" uri="ey.opsesb.sharedservice.EY_OPSESB_SS_TRANSFERMATRIX_PAX#LockDownFilter"/>
<ConfigurableProperty override="EY.OPSESB.SS.TRANSFERMATRIX.PAX.REALTM.IN.01" uri="ey.opsesb.sharedservice.EY_OPSESB_SS_TRANSFERMATRIX_PAX#Realtime_Queue"/>
<ConfigurableProperty override="EY.OPSESB.SS.TRANSFERMATRIX.PAX.BATCH.IN.01" uri="ey.opsesb.sharedservice.EY_OPSESB_SS_TRANSFERMATRIX_PAX#Batch_Queue"/>
<ConfigurableProperty override="24" uri="ey.opsesb.sharedservice.EY_OPSESB_SS_TRANSFERMATRIX_PAX#DEF_START_TIME_BATCH"/>
<ConfigurableProperty override="48" uri="ey.opsesb.sharedservice.EY_OPSESB_SS_TRANSFERMATRIX_PAX#DEF_END_TIME_BATCH"/>
<ConfigurableProperty override="OPSESB_TST" uri="ey.opsesb.sharedservice.EY_OPSESB_SS_TRANSFERMATRIX_PAX#dataSource"/>
<ConfigurableProperty override="OPSESB_TST" uri="ey.opsesb.sharedservice.EY_OPSESB_SS_TRANSFERMATRIX_PAX#dataSource1"/>
<ConfigurableProperty override="EY.OPSESB.SS.TRANSFERMATRIX.PAX.REALTM.IN.01" uri="ey.opsesb.sharedservice.EY_OPSESB_SS_TRANSFERMATRIX_PAX#EY.OPSESB.SS.TRANSFERMATRIX.PAX.REALTM.IN.01.queueName"/>
<ConfigurableProperty uri="ey.opsesb.sharedservice.EY_OPSESB_SS_TRANSFERMATRIX_PAX#EY.OPSESB.SS.TRANSFERMATRIX.PAX.REALTM.IN.01.connection"/>
<ConfigurableProperty uri="ey.opsesb.sharedservice.EY_OPSESB_SS_TRANSFERMATRIX_PAX#EY.OPSESB.SS.TRANSFERMATRIX.PAX.REALTM.IN.01.destinationQueueManagerName"/>
<ConfigurableProperty uri="ey.opsesb.sharedservice.EY_OPSESB_SS_TRANSFERMATRIX_PAX#EY.OPSESB.SS.TRANSFERMATRIX.PAX.REALTM.IN.01.queueManagerHostname"/>
<ConfigurableProperty uri="ey.opsesb.sharedservice.EY_OPSESB_SS_TRANSFERMATRIX_PAX#EY.OPSESB.SS.TRANSFERMATRIX.PAX.REALTM.IN.01.listenerPortNumber"/>
<ConfigurableProperty uri="ey.opsesb.sharedservice.EY_OPSESB_SS_TRANSFERMATRIX_PAX#EY.OPSESB.SS.TRANSFERMATRIX.PAX.REALTM.IN.01.channelName"/>
<ConfigurableProperty uri="ey.opsesb.sharedservice.EY_OPSESB_SS_TRANSFERMATRIX_PAX#EY.OPSESB.SS.TRANSFERMATRIX.PAX.REALTM.IN.01.securityIdentity"/>
<ConfigurableProperty uri="ey.opsesb.sharedservice.EY_OPSESB_SS_TRANSFERMATRIX_PAX#EY.OPSESB.SS.TRANSFERMATRIX.PAX.REALTM.IN.01.useSSL"/>
<ConfigurableProperty uri="ey.opsesb.sharedservice.EY_OPSESB_SS_TRANSFERMATRIX_PAX#EY.OPSESB.SS.TRANSFERMATRIX.PAX.REALTM.IN.01.SSLPeerName"/>
<ConfigurableProperty uri="ey.opsesb.sharedservice.EY_OPSESB_SS_TRANSFERMATRIX_PAX#EY.OPSESB.SS.TRANSFERMATRIX.PAX.REALTM.IN.01.SSLCipherSpec"/>
<ConfigurableProperty uri="ey.opsesb.sharedservice.EY_OPSESB_SS_TRANSFERMATRIX_PAX#EY.OPSESB.SS.TRANSFERMATRIX.PAX.REALTM.IN.01.serializationToken"/>
<ConfigurableProperty uri="ey.opsesb.sharedservice.EY_OPSESB_SS_TRANSFERMATRIX_PAX#EY.OPSESB.SS.TRANSFERMATRIX.PAX.REALTM.IN.01.topicProperty"/>
<ConfigurableProperty uri="ey.opsesb.sharedservice.EY_OPSESB_SS_TRANSFERMATRIX_PAX#EY.OPSESB.SS.TRANSFERMATRIX.PAX.REALTM.IN.01.resetBrowseTimeout"/>
<ConfigurableProperty uri="ey.opsesb.sharedservice.EY_OPSESB_SS_TRANSFERMATRIX_PAX#EY.OPSESB.SS.TRANSFERMATRIX.PAX.REALTM.IN.01.validateMaster"/>
<ConfigurableProperty uri="ey.opsesb.sharedservice.EY_OPSESB_SS_TRANSFERMATRIX_PAX#EY.OPSESB.SS.TRANSFERMATRIX.PAX.REALTM.IN.01.securityProfileName"/>
<ConfigurableProperty uri="ey.opsesb.sharedservice.EY_OPSESB_SS_TRANSFERMATRIX_PAX#EY.OPSESB.SS.TRANSFERMATRIX.PAX.REALTM.IN.01.componentLevel"/>
<ConfigurableProperty uri="ey.opsesb.sharedservice.EY_OPSESB_SS_TRANSFERMATRIX_PAX#EY.OPSESB.SS.TRANSFERMATRIX.PAX.REALTM.IN.01.additionalInstances"/>
<ConfigurableProperty uri="ey.opsesb.sharedservice.EY_OPSESB_SS_TRANSFERMATRIX_PAX#EY.OPSESB.SS.TRANSFERMATRIX.PAX.REALTM.IN.01.policyUrl"/>
<ConfigurableProperty uri="ey.opsesb.sharedservice.EY_OPSESB_SS_TRANSFERMATRIX_PAX#PublishPaxTransferMatrix.queueName"/>
<ConfigurableProperty uri="ey.opsesb.sharedservice.EY_OPSESB_SS_TRANSFERMATRIX_PAX#PublishPaxTransferMatrix.connection"/>
<ConfigurableProperty uri="ey.opsesb.sharedservice.EY_OPSESB_SS_TRANSFERMATRIX_PAX#PublishPaxTransferMatrix.destinationQueueManagerName"/>
<ConfigurableProperty uri="ey.opsesb.sharedservice.EY_OPSESB_SS_TRANSFERMATRIX_PAX#PublishPaxTransferMatrix.queueManagerHostname"/>
<ConfigurableProperty uri="ey.opsesb.sharedservice.EY_OPSESB_SS_TRANSFERMATRIX_PAX#PublishPaxTransferMatrix.listenerPortNumber"/>
<ConfigurableProperty uri="ey.opsesb.sharedservice.EY_OPSESB_SS_TRANSFERMATRIX_PAX#PublishPaxTransferMatrix.channelName"/>
<ConfigurableProperty uri="ey.opsesb.sharedservice.EY_OPSESB_SS_TRANSFERMATRIX_PAX#PublishPaxTransferMatrix.securityIdentity"/>
<ConfigurableProperty uri="ey.opsesb.sharedservice.EY_OPSESB_SS_TRANSFERMATRIX_PAX#PublishPaxTransferMatrix.useSSL"/>
<ConfigurableProperty uri="ey.opsesb.sharedservice.EY_OPSESB_SS_TRANSFERMATRIX_PAX#PublishPaxTransferMatrix.SSLPeerName"/>
<ConfigurableProperty uri="ey.opsesb.sharedservice.EY_OPSESB_SS_TRANSFERMATRIX_PAX#PublishPaxTransferMatrix.SSLCipherSpec"/>
<ConfigurableProperty uri="ey.opsesb.sharedservice.EY_OPSESB_SS_TRANSFERMATRIX_PAX#PublishPaxTransferMatrix.queueManagerName"/>
<ConfigurableProperty uri="ey.opsesb.sharedservice.EY_OPSESB_SS_TRANSFERMATRIX_PAX#PublishPaxTransferMatrix.replyToQMgr"/>
<ConfigurableProperty uri="ey.opsesb.sharedservice.EY_OPSESB_SS_TRANSFERMATRIX_PAX#PublishPaxTransferMatrix.replyToQ"/>
<ConfigurableProperty uri="ey.opsesb.sharedservice.EY_OPSESB_SS_TRANSFERMATRIX_PAX#PublishPaxTransferMatrix.validateMaster"/>
<ConfigurableProperty uri="ey.opsesb.sharedservice.EY_OPSESB_SS_TRANSFERMATRIX_PAX#PublishPaxTransferMatrix.securityProfileName"/>
<ConfigurableProperty uri="ey.opsesb.sharedservice.EY_OPSESB_SS_TRANSFERMATRIX_PAX#PublishPaxTransferMatrix.policyUrl"/>
<ConfigurableProperty uri="ey.opsesb.sharedservice.EY_OPSESB_SS_TRANSFERMATRIX_PAX#PublishPaxTransferMatrix.AddRequestToGroup"/>
<ConfigurableProperty uri="ey.opsesb.sharedservice.EY_OPSESB_SS_TRANSFERMATRIX_PAX#PublishPaxTransferMatrix.GroupRequestFolderName"/>
<ConfigurableProperty uri="ey.opsesb.sharedservice.EY_OPSESB_SS_TRANSFERMATRIX_PAX#PublishPaxTransferMatrix.GroupRequestTimeout"/>
<ConfigurableProperty override="EY.OPSESB.SS.TRANSFERMATRIX.PAX.BATCH.IN.01" uri="ey.opsesb.sharedservice.EY_OPSESB_SS_TRANSFERMATRIX_PAX#EY.OPSESB.SS.TRANSFERMATRIX.PAX.BATCH.IN.01.queueName"/>
<ConfigurableProperty uri="ey.opsesb.sharedservice.EY_OPSESB_SS_TRANSFERMATRIX_PAX#EY.OPSESB.SS.TRANSFERMATRIX.PAX.BATCH.IN.01.connection"/>
<ConfigurableProperty uri="ey.opsesb.sharedservice.EY_OPSESB_SS_TRANSFERMATRIX_PAX#EY.OPSESB.SS.TRANSFERMATRIX.PAX.BATCH.IN.01.destinationQueueManagerName"/>
<ConfigurableProperty uri="ey.opsesb.sharedservice.EY_OPSESB_SS_TRANSFERMATRIX_PAX#EY.OPSESB.SS.TRANSFERMATRIX.PAX.BATCH.IN.01.queueManagerHostname"/>
<ConfigurableProperty uri="ey.opsesb.sharedservice.EY_OPSESB_SS_TRANSFERMATRIX_PAX#EY.OPSESB.SS.TRANSFERMATRIX.PAX.BATCH.IN.01.listenerPortNumber"/>
<ConfigurableProperty uri="ey.opsesb.sharedservice.EY_OPSESB_SS_TRANSFERMATRIX_PAX#EY.OPSESB.SS.TRANSFERMATRIX.PAX.BATCH.IN.01.channelName"/>
<ConfigurableProperty uri="ey.opsesb.sharedservice.EY_OPSESB_SS_TRANSFERMATRIX_PAX#EY.OPSESB.SS.TRANSFERMATRIX.PAX.BATCH.IN.01.securityIdentity"/>
<ConfigurableProperty uri="ey.opsesb.sharedservice.EY_OPSESB_SS_TRANSFERMATRIX_PAX#EY.OPSESB.SS.TRANSFERMATRIX.PAX.BATCH.IN.01.useSSL"/>
<ConfigurableProperty uri="ey.opsesb.sharedservice.EY_OPSESB_SS_TRANSFERMATRIX_PAX#EY.OPSESB.SS.TRANSFERMATRIX.PAX.BATCH.IN.01.SSLPeerName"/>
<ConfigurableProperty uri="ey.opsesb.sharedservice.EY_OPSESB_SS_TRANSFERMATRIX_PAX#EY.OPSESB.SS.TRANSFERMATRIX.PAX.BATCH.IN.01.SSLCipherSpec"/>
<ConfigurableProperty uri="ey.opsesb.sharedservice.EY_OPSESB_SS_TRANSFERMATRIX_PAX#EY.OPSESB.SS.TRANSFERMATRIX.PAX.BATCH.IN.01.serializationToken"/>
<ConfigurableProperty uri="ey.opsesb.sharedservice.EY_OPSESB_SS_TRANSFERMATRIX_PAX#EY.OPSESB.SS.TRANSFERMATRIX.PAX.BATCH.IN.01.topicProperty"/>
<ConfigurableProperty uri="ey.opsesb.sharedservice.EY_OPSESB_SS_TRANSFERMATRIX_PAX#EY.OPSESB.SS.TRANSFERMATRIX.PAX.BATCH.IN.01.resetBrowseTimeout"/>
<ConfigurableProperty override="contentAndValue" uri="ey.opsesb.sharedservice.EY_OPSESB_SS_TRANSFERMATRIX_PAX#EY.OPSESB.SS.TRANSFERMATRIX.PAX.BATCH.IN.01.validateMaster"/>
<ConfigurableProperty uri="ey.opsesb.sharedservice.EY_OPSESB_SS_TRANSFERMATRIX_PAX#EY.OPSESB.SS.TRANSFERMATRIX.PAX.BATCH.IN.01.securityProfileName"/>
<ConfigurableProperty uri="ey.opsesb.sharedservice.EY_OPSESB_SS_TRANSFERMATRIX_PAX#EY.OPSESB.SS.TRANSFERMATRIX.PAX.BATCH.IN.01.componentLevel"/>
<ConfigurableProperty uri="ey.opsesb.sharedservice.EY_OPSESB_SS_TRANSFERMATRIX_PAX#EY.OPSESB.SS.TRANSFERMATRIX.PAX.BATCH.IN.01.additionalInstances"/>
<ConfigurableProperty uri="ey.opsesb.sharedservice.EY_OPSESB_SS_TRANSFERMATRIX_PAX#EY.OPSESB.SS.TRANSFERMATRIX.PAX.BATCH.IN.01.policyUrl"/>
<ConfigurableProperty override="contentAndValue" uri="ey.opsesb.sharedservice.EY_OPSESB_SS_TRANSFERMATRIX_PAX#Validate.validateMaster"/>
<ConfigurableProperty override="EY_OPSESB_SS_TRANSFERMATRIX_PAX_BATCH" uri="ey.opsesb.sharedservice.EY_OPSESB_SS_TRANSFERMATRIX_PAX#AuditLogger_Batch.InterfaceID"/>
<ConfigurableProperty override="XML" uri="ey.opsesb.sharedservice.EY_OPSESB_SS_TRANSFERMATRIX_PAX#AuditLogger_Batch.MsgType"/>
<ConfigurableProperty override="true" uri="ey.opsesb.sharedservice.EY_OPSESB_SS_TRANSFERMATRIX_PAX#AuditLogger_Batch.IsAuditLogRequired"/>
<ConfigurableProperty uri="ey.opsesb.sharedservice.EY_OPSESB_SS_TRANSFERMATRIX_PAX#AuditLogger_Batch.IsParentChildRelationRequired"/>
<ConfigurableProperty override="true" uri="ey.opsesb.sharedservice.EY_OPSESB_SS_TRANSFERMATRIX_PAX#AuditLogger_Batch.IsInprogress"/>
<ConfigurableProperty uri="ey.opsesb.sharedservice.EY_OPSESB_SS_TRANSFERMATRIX_PAX#AuditLogger_Batch.AuditFileRequired"/>
<ConfigurableProperty uri="ey.opsesb.sharedservice.EY_OPSESB_SS_TRANSFERMATRIX_PAX#AuditLogger_Batch.CharacterSet"/>
<ConfigurableProperty override="I" uri="ey.opsesb.sharedservice.EY_OPSESB_SS_TRANSFERMATRIX_PAX#AuditLogger_Batch.DataDirection"/>
<ConfigurableProperty uri="ey.opsesb.sharedservice.EY_OPSESB_SS_TRANSFERMATRIX_PAX#AuditLogger_Batch.MessageSizeInMB"/>
<ConfigurableProperty uri="ey.opsesb.sharedservice.EY_OPSESB_SS_TRANSFERMATRIX_PAX#AuditLogger_Batch.MsgFormat"/>
<ConfigurableProperty override="true" uri="ey.opsesb.sharedservice.EY_OPSESB_SS_TRANSFERMATRIX_PAX#AuditLogger_Batch.FirstMsg"/>
<ConfigurableProperty uri="ey.opsesb.sharedservice.EY_OPSESB_SS_TRANSFERMATRIX_PAX#AuditLogger_Batch.IsMsgDetailsRequired"/>
<ConfigurableProperty uri="ey.opsesb.sharedservice.EY_OPSESB_SS_TRANSFERMATRIX_PAX#AuditLogger_Batch.IsPayloadRequired"/>
<ConfigurableProperty override="2a" uri="ey.opsesb.sharedservice.EY_OPSESB_SS_TRANSFERMATRIX_PAX#AuditLogger_Batch.ProcessStep"/>
<ConfigurableProperty override="Batch Job Request Received" uri="ey.opsesb.sharedservice.EY_OPSESB_SS_TRANSFERMATRIX_PAX#AuditLogger_Batch.StatusText"/>
<ConfigurableProperty override="Pax TransferMatrix Output XML is successfully posted to Consumer Queue" uri="ey.opsesb.sharedservice.EY_OPSESB_SS_TRANSFERMATRIX_PAX#CaptureLog1.StatusText"/>
<ConfigurableProperty uri="ey.opsesb.sharedservice.EY_OPSESB_SS_TRANSFERMATRIX_PAX#CaptureLog1.IsMsgDetailsRequired"/>
<ConfigurableProperty uri="ey.opsesb.sharedservice.EY_OPSESB_SS_TRANSFERMATRIX_PAX#CaptureLog1.IsPayloadRequired"/>
<ConfigurableProperty uri="ey.opsesb.sharedservice.EY_OPSESB_SS_TRANSFERMATRIX_PAX#CaptureLog1.MsgFormat"/>
<ConfigurableProperty override="O" uri="ey.opsesb.sharedservice.EY_OPSESB_SS_TRANSFERMATRIX_PAX#CaptureLog1.DataDirection"/>
<ConfigurableProperty uri="ey.opsesb.sharedservice.EY_OPSESB_SS_TRANSFERMATRIX_PAX#CaptureLog1.CharacterSet"/>
<ConfigurableProperty uri="ey.opsesb.sharedservice.EY_OPSESB_SS_TRANSFERMATRIX_PAX#CaptureLog1.MessageSizeInMB"/>
<ConfigurableProperty override="2c" uri="ey.opsesb.sharedservice.EY_OPSESB_SS_TRANSFERMATRIX_PAX#CaptureLog1.ProcessStep"/>
<ConfigurableProperty uri="ey.opsesb.sharedservice.EY_OPSESB_SS_TRANSFERMATRIX_PAX#CaptureLog1.IsParentChildRelationRequired"/>
<ConfigurableProperty uri="ey.opsesb.sharedservice.EY_OPSESB_SS_TRANSFERMATRIX_PAX#CaptureLog1.AuditFileRequired"/>
<ConfigurableProperty uri="ey.opsesb.sharedservice.EY_OPSESB_SS_TRANSFERMATRIX_PAX#CaptureLog1.FirstMsg"/>
<ConfigurableProperty override="EY_OPSESB_SS_TRANSFERMATRIX_PAX_REALTIME" uri="ey.opsesb.sharedservice.EY_OPSESB_SS_TRANSFERMATRIX_PAX#AuditLogger_Realtime.InterfaceID"/>
<ConfigurableProperty override="XML" uri="ey.opsesb.sharedservice.EY_OPSESB_SS_TRANSFERMATRIX_PAX#AuditLogger_Realtime.MsgType"/>
<ConfigurableProperty override="true" uri="ey.opsesb.sharedservice.EY_OPSESB_SS_TRANSFERMATRIX_PAX#AuditLogger_Realtime.IsAuditLogRequired"/>
<ConfigurableProperty uri="ey.opsesb.sharedservice.EY_OPSESB_SS_TRANSFERMATRIX_PAX#AuditLogger_Realtime.IsParentChildRelationRequired"/>
<ConfigurableProperty override="true" uri="ey.opsesb.sharedservice.EY_OPSESB_SS_TRANSFERMATRIX_PAX#AuditLogger_Realtime.IsInprogress"/>
<ConfigurableProperty uri="ey.opsesb.sharedservice.EY_OPSESB_SS_TRANSFERMATRIX_PAX#AuditLogger_Realtime.AuditFileRequired"/>
<ConfigurableProperty uri="ey.opsesb.sharedservice.EY_OPSESB_SS_TRANSFERMATRIX_PAX#AuditLogger_Realtime.CharacterSet"/>
<ConfigurableProperty override="I" uri="ey.opsesb.sharedservice.EY_OPSESB_SS_TRANSFERMATRIX_PAX#AuditLogger_Realtime.DataDirection"/>
<ConfigurableProperty uri="ey.opsesb.sharedservice.EY_OPSESB_SS_TRANSFERMATRIX_PAX#AuditLogger_Realtime.MessageSizeInMB"/>
<ConfigurableProperty uri="ey.opsesb.sharedservice.EY_OPSESB_SS_TRANSFERMATRIX_PAX#AuditLogger_Realtime.MsgFormat"/>
<ConfigurableProperty override="true" uri="ey.opsesb.sharedservice.EY_OPSESB_SS_TRANSFERMATRIX_PAX#AuditLogger_Realtime.FirstMsg"/>
<ConfigurableProperty uri="ey.opsesb.sharedservice.EY_OPSESB_SS_TRANSFERMATRIX_PAX#AuditLogger_Realtime.IsMsgDetailsRequired"/>
<ConfigurableProperty uri="ey.opsesb.sharedservice.EY_OPSESB_SS_TRANSFERMATRIX_PAX#AuditLogger_Realtime.IsPayloadRequired"/>
<ConfigurableProperty override="2a" uri="ey.opsesb.sharedservice.EY_OPSESB_SS_TRANSFERMATRIX_PAX#AuditLogger_Realtime.ProcessStep"/>
<ConfigurableProperty override="Real Time Notification Received" uri="ey.opsesb.sharedservice.EY_OPSESB_SS_TRANSFERMATRIX_PAX#AuditLogger_Realtime.StatusText"/>
<ConfigurableProperty uri="ey.opsesb.sharedservice.EY_OPSESB_SS_TRANSFERMATRIX_PAX#FetchOdsFlightID.connectDatasourceBeforeFlowStarts"/>
<ConfigurableProperty uri="ey.opsesb.sharedservice.EY_OPSESB_SS_TRANSFERMATRIX_PAX#FetchOdsFlightID.validateMaster"/>
<ConfigurableProperty uri="ey.opsesb.sharedservice.EY_OPSESB_SS_TRANSFERMATRIX_PAX#FetchLoadsForOdsFlightID.connectDatasourceBeforeFlowStarts"/>
<ConfigurableProperty uri="ey.opsesb.sharedservice.EY_OPSESB_SS_TRANSFERMATRIX_PAX#FetchLoadsForOdsFlightID.validateMaster"/>
<ConfigurableProperty uri="ey.opsesb.sharedservice.EY_OPSESB_SS_TRANSFERMATRIX_PAX#ExceptionHandler.ApplicationName"/>
<ConfigurableProperty uri="ey.opsesb.sharedservice.EY_OPSESB_SS_TRANSFERMATRIX_PAX#ExceptionHandler.ExceptionFileRequired"/>
<ConfigurableProperty uri="ey.opsesb.sharedservice.EY_OPSESB_SS_TRANSFERMATRIX_PAX#CheckRetry.RetryIntervalInSec"/>
<ConfigurableProperty uri="ey.opsesb.sharedservice.EY_OPSESB_SS_TRANSFERMATRIX_PAX#CheckRetry.MaxRetryCount"/>
<ConfigurableProperty uri="ey.opsesb.sharedservice.EY_OPSESB_SS_TRANSFERMATRIX_PAX#CheckRetry.ErrorCodes"/>
<ConfigurableProperty uri="ey.opsesb.sharedservice.EY_OPSESB_SS_TRANSFERMATRIX_PAX#CheckRetry1.RetryIntervalInSec"/>
<ConfigurableProperty uri="ey.opsesb.sharedservice.EY_OPSESB_SS_TRANSFERMATRIX_PAX#CheckRetry1.MaxRetryCount"/>
<ConfigurableProperty uri="ey.opsesb.sharedservice.EY_OPSESB_SS_TRANSFERMATRIX_PAX#CheckRetry1.ErrorCodes"/>
<ConfigurableProperty override="Pax TransferMatrix Output XML is Generated" uri="ey.opsesb.sharedservice.EY_OPSESB_SS_TRANSFERMATRIX_PAX#CaptureLog.StatusText"/>
<ConfigurableProperty uri="ey.opsesb.sharedservice.EY_OPSESB_SS_TRANSFERMATRIX_PAX#CaptureLog.IsMsgDetailsRequired"/>
<ConfigurableProperty uri="ey.opsesb.sharedservice.EY_OPSESB_SS_TRANSFERMATRIX_PAX#CaptureLog.IsPayloadRequired"/>
<ConfigurableProperty uri="ey.opsesb.sharedservice.EY_OPSESB_SS_TRANSFERMATRIX_PAX#CaptureLog.MsgFormat"/>
<ConfigurableProperty override="O" uri="ey.opsesb.sharedservice.EY_OPSESB_SS_TRANSFERMATRIX_PAX#CaptureLog.DataDirection"/>
<ConfigurableProperty uri="ey.opsesb.sharedservice.EY_OPSESB_SS_TRANSFERMATRIX_PAX#CaptureLog.CharacterSet"/>
<ConfigurableProperty uri="ey.opsesb.sharedservice.EY_OPSESB_SS_TRANSFERMATRIX_PAX#CaptureLog.MessageSizeInMB"/>
<ConfigurableProperty override="2b" uri="ey.opsesb.sharedservice.EY_OPSESB_SS_TRANSFERMATRIX_PAX#CaptureLog.ProcessStep"/>
<ConfigurableProperty uri="ey.opsesb.sharedservice.EY_OPSESB_SS_TRANSFERMATRIX_PAX#CaptureLog.IsParentChildRelationRequired"/>
<ConfigurableProperty uri="ey.opsesb.sharedservice.EY_OPSESB_SS_TRANSFERMATRIX_PAX#CaptureLog.AuditFileRequired"/>
<ConfigurableProperty uri="ey.opsesb.sharedservice.EY_OPSESB_SS_TRANSFERMATRIX_PAX#CaptureLog.FirstMsg"/>
</CompiledMessageFlow>
</Broker>