<?xml version="1.0" encoding="UTF-8"?><Broker>
<CompiledApplication>
<ConfigurableProperty uri="startMode"/>
</CompiledApplication>
<CompiledMessageFlow name="ey.opsesb.sharedservice.EY_OPSESB_SS_BOOKEDPAXLOAD">
<ConfigurableProperty uri="ey.opsesb.sharedservice.EY_OPSESB_SS_BOOKEDPAXLOAD#additionalInstances"/>
<ConfigurableProperty uri="ey.opsesb.sharedservice.EY_OPSESB_SS_BOOKEDPAXLOAD#notificationThresholdMsgsPerSec"/>
<ConfigurableProperty uri="ey.opsesb.sharedservice.EY_OPSESB_SS_BOOKEDPAXLOAD#maximumRateMsgsPerSec"/>
<ConfigurableProperty uri="ey.opsesb.sharedservice.EY_OPSESB_SS_BOOKEDPAXLOAD#processingTimeoutSec"/>
<ConfigurableProperty uri="ey.opsesb.sharedservice.EY_OPSESB_SS_BOOKEDPAXLOAD#processingTimeoutAction"/>
<ConfigurableProperty uri="ey.opsesb.sharedservice.EY_OPSESB_SS_BOOKEDPAXLOAD#wlmPolicy"/>
<ConfigurableProperty uri="ey.opsesb.sharedservice.EY_OPSESB_SS_BOOKEDPAXLOAD#commitCount"/>
<ConfigurableProperty uri="ey.opsesb.sharedservice.EY_OPSESB_SS_BOOKEDPAXLOAD#commitInterval"/>
<ConfigurableProperty uri="ey.opsesb.sharedservice.EY_OPSESB_SS_BOOKEDPAXLOAD#coordinatedTransaction"/>
<ConfigurableProperty uri="ey.opsesb.sharedservice.EY_OPSESB_SS_BOOKEDPAXLOAD#consumerPolicySet"/>
<ConfigurableProperty uri="ey.opsesb.sharedservice.EY_OPSESB_SS_BOOKEDPAXLOAD#providerPolicySet"/>
<ConfigurableProperty uri="ey.opsesb.sharedservice.EY_OPSESB_SS_BOOKEDPAXLOAD#consumerPolicySetBindings"/>
<ConfigurableProperty uri="ey.opsesb.sharedservice.EY_OPSESB_SS_BOOKEDPAXLOAD#providerPolicySetBindings"/>
<ConfigurableProperty uri="ey.opsesb.sharedservice.EY_OPSESB_SS_BOOKEDPAXLOAD#securityProfileName"/>
<ConfigurableProperty uri="ey.opsesb.sharedservice.EY_OPSESB_SS_BOOKEDPAXLOAD#monitoringProfile"/>
<ConfigurableProperty uri="ey.opsesb.sharedservice.EY_OPSESB_SS_BOOKEDPAXLOAD#startMode"/>
<ConfigurableProperty uri="ey.opsesb.sharedservice.EY_OPSESB_SS_BOOKEDPAXLOAD#startInstancesWhenFlowStarts"/>
<ConfigurableProperty override="ops_ods" uri="ey.opsesb.sharedservice.EY_OPSESB_SS_BOOKEDPAXLOAD#DB_Schema"/>
<ConfigurableProperty override="OPSESB_TST" uri="ey.opsesb.sharedservice.EY_OPSESB_SS_BOOKEDPAXLOAD#DB_Name"/>
<ConfigurableProperty override="true" uri="ey.opsesb.sharedservice.EY_OPSESB_SS_BOOKEDPAXLOAD#FilterOfLockDownFlights"/>
<ConfigurableProperty override="-24" uri="ey.opsesb.sharedservice.EY_OPSESB_SS_BOOKEDPAXLOAD#RangeFrom"/>
<ConfigurableProperty override="24" uri="ey.opsesb.sharedservice.EY_OPSESB_SS_BOOKEDPAXLOAD#RangeTo"/>
<ConfigurableProperty override="OPSESB_TST" uri="ey.opsesb.sharedservice.EY_OPSESB_SS_BOOKEDPAXLOAD#dataSource1"/>
<ConfigurableProperty override="OPSESB_TST" uri="ey.opsesb.sharedservice.EY_OPSESB_SS_BOOKEDPAXLOAD#dataSource"/>
<ConfigurableProperty uri="ey.opsesb.sharedservice.EY_OPSESB_SS_BOOKEDPAXLOAD#FetchLoadsForEachID.connectDatasourceBeforeFlowStarts"/>
<ConfigurableProperty uri="ey.opsesb.sharedservice.EY_OPSESB_SS_BOOKEDPAXLOAD#FetchLoadsForEachID.validateMaster"/>
<ConfigurableProperty override="EY_A_OPSESB_SS_BOOKEDPAXLOAD_IN_01" uri="ey.opsesb.sharedservice.EY_OPSESB_SS_BOOKEDPAXLOAD#EY_OPSESB_SS_BOOKEDPAXLOAD_IN_01.queueName"/>
<ConfigurableProperty uri="ey.opsesb.sharedservice.EY_OPSESB_SS_BOOKEDPAXLOAD#EY_OPSESB_SS_BOOKEDPAXLOAD_IN_01.connection"/>
<ConfigurableProperty uri="ey.opsesb.sharedservice.EY_OPSESB_SS_BOOKEDPAXLOAD#EY_OPSESB_SS_BOOKEDPAXLOAD_IN_01.destinationQueueManagerName"/>
<ConfigurableProperty uri="ey.opsesb.sharedservice.EY_OPSESB_SS_BOOKEDPAXLOAD#EY_OPSESB_SS_BOOKEDPAXLOAD_IN_01.queueManagerHostname"/>
<ConfigurableProperty uri="ey.opsesb.sharedservice.EY_OPSESB_SS_BOOKEDPAXLOAD#EY_OPSESB_SS_BOOKEDPAXLOAD_IN_01.listenerPortNumber"/>
<ConfigurableProperty uri="ey.opsesb.sharedservice.EY_OPSESB_SS_BOOKEDPAXLOAD#EY_OPSESB_SS_BOOKEDPAXLOAD_IN_01.channelName"/>
<ConfigurableProperty uri="ey.opsesb.sharedservice.EY_OPSESB_SS_BOOKEDPAXLOAD#EY_OPSESB_SS_BOOKEDPAXLOAD_IN_01.securityIdentity"/>
<ConfigurableProperty uri="ey.opsesb.sharedservice.EY_OPSESB_SS_BOOKEDPAXLOAD#EY_OPSESB_SS_BOOKEDPAXLOAD_IN_01.useSSL"/>
<ConfigurableProperty uri="ey.opsesb.sharedservice.EY_OPSESB_SS_BOOKEDPAXLOAD#EY_OPSESB_SS_BOOKEDPAXLOAD_IN_01.SSLPeerName"/>
<ConfigurableProperty uri="ey.opsesb.sharedservice.EY_OPSESB_SS_BOOKEDPAXLOAD#EY_OPSESB_SS_BOOKEDPAXLOAD_IN_01.SSLCipherSpec"/>
<ConfigurableProperty uri="ey.opsesb.sharedservice.EY_OPSESB_SS_BOOKEDPAXLOAD#EY_OPSESB_SS_BOOKEDPAXLOAD_IN_01.serializationToken"/>
<ConfigurableProperty uri="ey.opsesb.sharedservice.EY_OPSESB_SS_BOOKEDPAXLOAD#EY_OPSESB_SS_BOOKEDPAXLOAD_IN_01.topicProperty"/>
<ConfigurableProperty uri="ey.opsesb.sharedservice.EY_OPSESB_SS_BOOKEDPAXLOAD#EY_OPSESB_SS_BOOKEDPAXLOAD_IN_01.resetBrowseTimeout"/>
<ConfigurableProperty override="contentAndValue" uri="ey.opsesb.sharedservice.EY_OPSESB_SS_BOOKEDPAXLOAD#EY_OPSESB_SS_BOOKEDPAXLOAD_IN_01.validateMaster"/>
<ConfigurableProperty uri="ey.opsesb.sharedservice.EY_OPSESB_SS_BOOKEDPAXLOAD#EY_OPSESB_SS_BOOKEDPAXLOAD_IN_01.securityProfileName"/>
<ConfigurableProperty uri="ey.opsesb.sharedservice.EY_OPSESB_SS_BOOKEDPAXLOAD#EY_OPSESB_SS_BOOKEDPAXLOAD_IN_01.componentLevel"/>
<ConfigurableProperty uri="ey.opsesb.sharedservice.EY_OPSESB_SS_BOOKEDPAXLOAD#EY_OPSESB_SS_BOOKEDPAXLOAD_IN_01.additionalInstances"/>
<ConfigurableProperty uri="ey.opsesb.sharedservice.EY_OPSESB_SS_BOOKEDPAXLOAD#EY_OPSESB_SS_BOOKEDPAXLOAD_IN_01.policyUrl"/>
<ConfigurableProperty uri="ey.opsesb.sharedservice.EY_OPSESB_SS_BOOKEDPAXLOAD#MQOutput.queueName"/>
<ConfigurableProperty uri="ey.opsesb.sharedservice.EY_OPSESB_SS_BOOKEDPAXLOAD#MQOutput.connection"/>
<ConfigurableProperty uri="ey.opsesb.sharedservice.EY_OPSESB_SS_BOOKEDPAXLOAD#MQOutput.destinationQueueManagerName"/>
<ConfigurableProperty uri="ey.opsesb.sharedservice.EY_OPSESB_SS_BOOKEDPAXLOAD#MQOutput.queueManagerHostname"/>
<ConfigurableProperty uri="ey.opsesb.sharedservice.EY_OPSESB_SS_BOOKEDPAXLOAD#MQOutput.listenerPortNumber"/>
<ConfigurableProperty uri="ey.opsesb.sharedservice.EY_OPSESB_SS_BOOKEDPAXLOAD#MQOutput.channelName"/>
<ConfigurableProperty uri="ey.opsesb.sharedservice.EY_OPSESB_SS_BOOKEDPAXLOAD#MQOutput.securityIdentity"/>
<ConfigurableProperty uri="ey.opsesb.sharedservice.EY_OPSESB_SS_BOOKEDPAXLOAD#MQOutput.useSSL"/>
<ConfigurableProperty uri="ey.opsesb.sharedservice.EY_OPSESB_SS_BOOKEDPAXLOAD#MQOutput.SSLPeerName"/>
<ConfigurableProperty uri="ey.opsesb.sharedservice.EY_OPSESB_SS_BOOKEDPAXLOAD#MQOutput.SSLCipherSpec"/>
<ConfigurableProperty uri="ey.opsesb.sharedservice.EY_OPSESB_SS_BOOKEDPAXLOAD#MQOutput.queueManagerName"/>
<ConfigurableProperty uri="ey.opsesb.sharedservice.EY_OPSESB_SS_BOOKEDPAXLOAD#MQOutput.replyToQMgr"/>
<ConfigurableProperty uri="ey.opsesb.sharedservice.EY_OPSESB_SS_BOOKEDPAXLOAD#MQOutput.replyToQ"/>
<ConfigurableProperty uri="ey.opsesb.sharedservice.EY_OPSESB_SS_BOOKEDPAXLOAD#MQOutput.validateMaster"/>
<ConfigurableProperty uri="ey.opsesb.sharedservice.EY_OPSESB_SS_BOOKEDPAXLOAD#MQOutput.securityProfileName"/>
<ConfigurableProperty uri="ey.opsesb.sharedservice.EY_OPSESB_SS_BOOKEDPAXLOAD#MQOutput.policyUrl"/>
<ConfigurableProperty uri="ey.opsesb.sharedservice.EY_OPSESB_SS_BOOKEDPAXLOAD#MQOutput.AddRequestToGroup"/>
<ConfigurableProperty uri="ey.opsesb.sharedservice.EY_OPSESB_SS_BOOKEDPAXLOAD#MQOutput.GroupRequestFolderName"/>
<ConfigurableProperty uri="ey.opsesb.sharedservice.EY_OPSESB_SS_BOOKEDPAXLOAD#MQOutput.GroupRequestTimeout"/>
<ConfigurableProperty override="contentAndValue" uri="ey.opsesb.sharedservice.EY_OPSESB_SS_BOOKEDPAXLOAD#Validate.validateMaster"/>
<ConfigurableProperty override="Messages Posted To Respective Consumer Queue" uri="ey.opsesb.sharedservice.EY_OPSESB_SS_BOOKEDPAXLOAD#CaptureLog.StatusText"/>
<ConfigurableProperty uri="ey.opsesb.sharedservice.EY_OPSESB_SS_BOOKEDPAXLOAD#CaptureLog.IsMsgDetailsRequired"/>
<ConfigurableProperty uri="ey.opsesb.sharedservice.EY_OPSESB_SS_BOOKEDPAXLOAD#CaptureLog.IsPayloadRequired"/>
<ConfigurableProperty uri="ey.opsesb.sharedservice.EY_OPSESB_SS_BOOKEDPAXLOAD#CaptureLog.MsgFormat"/>
<ConfigurableProperty override="O" uri="ey.opsesb.sharedservice.EY_OPSESB_SS_BOOKEDPAXLOAD#CaptureLog.DataDirection"/>
<ConfigurableProperty uri="ey.opsesb.sharedservice.EY_OPSESB_SS_BOOKEDPAXLOAD#CaptureLog.CharacterSet"/>
<ConfigurableProperty uri="ey.opsesb.sharedservice.EY_OPSESB_SS_BOOKEDPAXLOAD#CaptureLog.MessageSizeInMB"/>
<ConfigurableProperty override="1c" uri="ey.opsesb.sharedservice.EY_OPSESB_SS_BOOKEDPAXLOAD#CaptureLog.ProcessStep"/>
<ConfigurableProperty uri="ey.opsesb.sharedservice.EY_OPSESB_SS_BOOKEDPAXLOAD#CaptureLog.IsParentChildRelationRequired"/>
<ConfigurableProperty uri="ey.opsesb.sharedservice.EY_OPSESB_SS_BOOKEDPAXLOAD#CaptureLog.AuditFileRequired"/>
<ConfigurableProperty uri="ey.opsesb.sharedservice.EY_OPSESB_SS_BOOKEDPAXLOAD#CaptureLog.FirstMsg"/>
<ConfigurableProperty override="Booked Load Output Message is generated" uri="ey.opsesb.sharedservice.EY_OPSESB_SS_BOOKEDPAXLOAD#CaptureLog1.StatusText"/>
<ConfigurableProperty uri="ey.opsesb.sharedservice.EY_OPSESB_SS_BOOKEDPAXLOAD#CaptureLog1.IsMsgDetailsRequired"/>
<ConfigurableProperty uri="ey.opsesb.sharedservice.EY_OPSESB_SS_BOOKEDPAXLOAD#CaptureLog1.IsPayloadRequired"/>
<ConfigurableProperty uri="ey.opsesb.sharedservice.EY_OPSESB_SS_BOOKEDPAXLOAD#CaptureLog1.MsgFormat"/>
<ConfigurableProperty override="O" uri="ey.opsesb.sharedservice.EY_OPSESB_SS_BOOKEDPAXLOAD#CaptureLog1.DataDirection"/>
<ConfigurableProperty uri="ey.opsesb.sharedservice.EY_OPSESB_SS_BOOKEDPAXLOAD#CaptureLog1.CharacterSet"/>
<ConfigurableProperty uri="ey.opsesb.sharedservice.EY_OPSESB_SS_BOOKEDPAXLOAD#CaptureLog1.MessageSizeInMB"/>
<ConfigurableProperty override="1b" uri="ey.opsesb.sharedservice.EY_OPSESB_SS_BOOKEDPAXLOAD#CaptureLog1.ProcessStep"/>
<ConfigurableProperty uri="ey.opsesb.sharedservice.EY_OPSESB_SS_BOOKEDPAXLOAD#CaptureLog1.IsParentChildRelationRequired"/>
<ConfigurableProperty uri="ey.opsesb.sharedservice.EY_OPSESB_SS_BOOKEDPAXLOAD#CaptureLog1.AuditFileRequired"/>
<ConfigurableProperty uri="ey.opsesb.sharedservice.EY_OPSESB_SS_BOOKEDPAXLOAD#CaptureLog1.FirstMsg"/>
<ConfigurableProperty uri="ey.opsesb.sharedservice.EY_OPSESB_SS_BOOKEDPAXLOAD#FetchOdsFlightID.connectDatasourceBeforeFlowStarts"/>
<ConfigurableProperty uri="ey.opsesb.sharedservice.EY_OPSESB_SS_BOOKEDPAXLOAD#FetchOdsFlightID.validateMaster"/>
<ConfigurableProperty override="EY_ODS_SS_BOOKEDPAXLOAD" uri="ey.opsesb.sharedservice.EY_OPSESB_SS_BOOKEDPAXLOAD#AuditLogger.InterfaceID"/>
<ConfigurableProperty uri="ey.opsesb.sharedservice.EY_OPSESB_SS_BOOKEDPAXLOAD#AuditLogger.MsgType"/>
<ConfigurableProperty override="true" uri="ey.opsesb.sharedservice.EY_OPSESB_SS_BOOKEDPAXLOAD#AuditLogger.IsAuditLogRequired"/>
<ConfigurableProperty uri="ey.opsesb.sharedservice.EY_OPSESB_SS_BOOKEDPAXLOAD#AuditLogger.IsParentChildRelationRequired"/>
<ConfigurableProperty override="true" uri="ey.opsesb.sharedservice.EY_OPSESB_SS_BOOKEDPAXLOAD#AuditLogger.IsInprogress"/>
<ConfigurableProperty override="true" uri="ey.opsesb.sharedservice.EY_OPSESB_SS_BOOKEDPAXLOAD#AuditLogger.AuditFileRequired"/>
<ConfigurableProperty uri="ey.opsesb.sharedservice.EY_OPSESB_SS_BOOKEDPAXLOAD#AuditLogger.CharacterSet"/>
<ConfigurableProperty uri="ey.opsesb.sharedservice.EY_OPSESB_SS_BOOKEDPAXLOAD#AuditLogger.DataDirection"/>
<ConfigurableProperty uri="ey.opsesb.sharedservice.EY_OPSESB_SS_BOOKEDPAXLOAD#AuditLogger.MessageSizeInMB"/>
<ConfigurableProperty uri="ey.opsesb.sharedservice.EY_OPSESB_SS_BOOKEDPAXLOAD#AuditLogger.MsgFormat"/>
<ConfigurableProperty override="true" uri="ey.opsesb.sharedservice.EY_OPSESB_SS_BOOKEDPAXLOAD#AuditLogger.FirstMsg"/>
<ConfigurableProperty uri="ey.opsesb.sharedservice.EY_OPSESB_SS_BOOKEDPAXLOAD#AuditLogger.IsMsgDetailsRequired"/>
<ConfigurableProperty uri="ey.opsesb.sharedservice.EY_OPSESB_SS_BOOKEDPAXLOAD#AuditLogger.IsPayloadRequired"/>
<ConfigurableProperty override="1a" uri="ey.opsesb.sharedservice.EY_OPSESB_SS_BOOKEDPAXLOAD#AuditLogger.ProcessStep"/>
<ConfigurableProperty override="Received a Request From Cron Job" uri="ey.opsesb.sharedservice.EY_OPSESB_SS_BOOKEDPAXLOAD#AuditLogger.StatusText"/>
<ConfigurableProperty uri="ey.opsesb.sharedservice.EY_OPSESB_SS_BOOKEDPAXLOAD#CheckRetry.RetryIntervalInSec"/>
<ConfigurableProperty uri="ey.opsesb.sharedservice.EY_OPSESB_SS_BOOKEDPAXLOAD#CheckRetry.MaxRetryCount"/>
<ConfigurableProperty uri="ey.opsesb.sharedservice.EY_OPSESB_SS_BOOKEDPAXLOAD#CheckRetry.ErrorCodes"/>
<ConfigurableProperty uri="ey.opsesb.sharedservice.EY_OPSESB_SS_BOOKEDPAXLOAD#CheckRetry1.RetryIntervalInSec"/>
<ConfigurableProperty uri="ey.opsesb.sharedservice.EY_OPSESB_SS_BOOKEDPAXLOAD#CheckRetry1.MaxRetryCount"/>
<ConfigurableProperty uri="ey.opsesb.sharedservice.EY_OPSESB_SS_BOOKEDPAXLOAD#CheckRetry1.ErrorCodes"/>
<ConfigurableProperty uri="ey.opsesb.sharedservice.EY_OPSESB_SS_BOOKEDPAXLOAD#ExceptionHandler.ApplicationName"/>
<ConfigurableProperty uri="ey.opsesb.sharedservice.EY_OPSESB_SS_BOOKEDPAXLOAD#ExceptionHandler.ExceptionFileRequired"/>
</CompiledMessageFlow>
</Broker>