<?xml version="1.0" encoding="UTF-8"?><Broker>
<CompiledApplication>
<ConfigurableProperty uri="startMode"/>
</CompiledApplication>
<CompiledMessageFlow name="ey.opsesb.aodb.EY_OPSESB_AODB_ODS_FLIGHTDATA">
<ConfigurableProperty uri="ey.opsesb.aodb.EY_OPSESB_AODB_ODS_FLIGHTDATA#additionalInstances"/>
<ConfigurableProperty uri="ey.opsesb.aodb.EY_OPSESB_AODB_ODS_FLIGHTDATA#notificationThresholdMsgsPerSec"/>
<ConfigurableProperty uri="ey.opsesb.aodb.EY_OPSESB_AODB_ODS_FLIGHTDATA#maximumRateMsgsPerSec"/>
<ConfigurableProperty uri="ey.opsesb.aodb.EY_OPSESB_AODB_ODS_FLIGHTDATA#processingTimeoutSec"/>
<ConfigurableProperty uri="ey.opsesb.aodb.EY_OPSESB_AODB_ODS_FLIGHTDATA#processingTimeoutAction"/>
<ConfigurableProperty uri="ey.opsesb.aodb.EY_OPSESB_AODB_ODS_FLIGHTDATA#wlmPolicy"/>
<ConfigurableProperty uri="ey.opsesb.aodb.EY_OPSESB_AODB_ODS_FLIGHTDATA#commitCount"/>
<ConfigurableProperty uri="ey.opsesb.aodb.EY_OPSESB_AODB_ODS_FLIGHTDATA#commitInterval"/>
<ConfigurableProperty uri="ey.opsesb.aodb.EY_OPSESB_AODB_ODS_FLIGHTDATA#coordinatedTransaction"/>
<ConfigurableProperty uri="ey.opsesb.aodb.EY_OPSESB_AODB_ODS_FLIGHTDATA#consumerPolicySet"/>
<ConfigurableProperty uri="ey.opsesb.aodb.EY_OPSESB_AODB_ODS_FLIGHTDATA#providerPolicySet"/>
<ConfigurableProperty uri="ey.opsesb.aodb.EY_OPSESB_AODB_ODS_FLIGHTDATA#consumerPolicySetBindings"/>
<ConfigurableProperty uri="ey.opsesb.aodb.EY_OPSESB_AODB_ODS_FLIGHTDATA#providerPolicySetBindings"/>
<ConfigurableProperty uri="ey.opsesb.aodb.EY_OPSESB_AODB_ODS_FLIGHTDATA#securityProfileName"/>
<ConfigurableProperty uri="ey.opsesb.aodb.EY_OPSESB_AODB_ODS_FLIGHTDATA#monitoringProfile"/>
<ConfigurableProperty uri="ey.opsesb.aodb.EY_OPSESB_AODB_ODS_FLIGHTDATA#startMode"/>
<ConfigurableProperty uri="ey.opsesb.aodb.EY_OPSESB_AODB_ODS_FLIGHTDATA#startInstancesWhenFlowStarts"/>
<ConfigurableProperty override="OPSESB" uri="ey.opsesb.aodb.EY_OPSESB_AODB_ODS_FLIGHTDATA#ODS_USER_NM"/>
<ConfigurableProperty override="ops_ods" uri="ey.opsesb.aodb.EY_OPSESB_AODB_ODS_FLIGHTDATA#DB_Schema"/>
<ConfigurableProperty override="OPSESB_TST" uri="ey.opsesb.aodb.EY_OPSESB_AODB_ODS_FLIGHTDATA#DB_Name"/>
<ConfigurableProperty override="OPSESB_TST" uri="ey.opsesb.aodb.EY_OPSESB_AODB_ODS_FLIGHTDATA#dataSource"/>
<ConfigurableProperty override="EY_A_OPSESB_FLIGHTSCHEDULE_AQ_01" uri="ey.opsesb.aodb.EY_OPSESB_AODB_ODS_FLIGHTDATA#Queue_FLIGHTSCHEDULE"/>
<ConfigurableProperty override="EY_A_OPSESB_FLIGHTBOOKEDPAXLOAD_AQ_01" uri="ey.opsesb.aodb.EY_OPSESB_AODB_ODS_FLIGHTDATA#Queue_FLIGHTBOOKEDPAXLOAD"/>
<ConfigurableProperty override="EY_A_OPSESB_FLIGHTACTUALPAXLOAD_AQ_01" uri="ey.opsesb.aodb.EY_OPSESB_AODB_ODS_FLIGHTDATA#Queue_FLIGHTACTUALPAXLOAD"/>
<ConfigurableProperty override="EY_A_OPSESB_FLIGHTACTUALCARGOLOAD_AQ_01" uri="ey.opsesb.aodb.EY_OPSESB_AODB_ODS_FLIGHTDATA#Queue_FLIGHTACTUALCARGOLOAD"/>
<ConfigurableProperty override="EY_A_OPSESB_FLIGHTTURNAROUND_AQ_01" uri="ey.opsesb.aodb.EY_OPSESB_AODB_ODS_FLIGHTDATA#Queue_FLIGHTTURNAROUND"/>
<ConfigurableProperty override="EY_A_OPSESB_FLIGHTACTUALCREWLOAD_AQ_01" uri="ey.opsesb.aodb.EY_OPSESB_AODB_ODS_FLIGHTDATA#Queue_FLIGHTACTUALCREWLOAD"/>
<ConfigurableProperty override="EY_A_OPSESB_FLIGHTACTUALBAGGAGELOAD_AQ_01" uri="ey.opsesb.aodb.EY_OPSESB_AODB_ODS_FLIGHTDATA#Queue_FLIGHTACTUALBAGGAGELOAD"/>
<ConfigurableProperty override="EY_A_OPSESB_FLIGHTTRANSFERMATRIXPAX_AQ_01" uri="ey.opsesb.aodb.EY_OPSESB_AODB_ODS_FLIGHTDATA#Queue_TRANSFERMATRIXPAX"/>
<ConfigurableProperty override="EY_A_OPSESB_FLIGHTTRANSFERMATRIXBAG_AQ_01" uri="ey.opsesb.aodb.EY_OPSESB_AODB_ODS_FLIGHTDATA#Queue_TRANSFERMATRIXBAG"/>
<ConfigurableProperty override="EY_A_OPSESB_FLIGHTTOWING_AQ_01" uri="ey.opsesb.aodb.EY_OPSESB_AODB_ODS_FLIGHTDATA#Queue_TOWING"/>
<ConfigurableProperty override="24" uri="ey.opsesb.aodb.EY_OPSESB_AODB_ODS_FLIGHTDATA#SS_TOWING_START_TIME"/>
<ConfigurableProperty override="72" uri="ey.opsesb.aodb.EY_OPSESB_AODB_ODS_FLIGHTDATA#SS_TOWING_END_TIME"/>
<ConfigurableProperty override="'GateOpen','GateClose','PCAConnectTime','GPUConnectTime','FirstPBBConnected','PCADisconnectTime','GPUDisconnectTime','LastPBBDisconnected'" uri="ey.opsesb.aodb.EY_OPSESB_AODB_ODS_FLIGHTDATA#Allowed_Events"/>
<ConfigurableProperty override="600" uri="ey.opsesb.aodb.EY_OPSESB_AODB_ODS_FLIGHTDATA#SleepIntervalInMilliSec"/>
<ConfigurableProperty override="10" uri="ey.opsesb.aodb.EY_OPSESB_AODB_ODS_FLIGHTDATA#No_of_Days_Restricted"/>
<ConfigurableProperty override="EY_A_AODB_OPSESB_FLIGHTDATA_01" uri="ey.opsesb.aodb.EY_OPSESB_AODB_ODS_FLIGHTDATA#EY_A_AODB_OPSESB_FLIGHTDATA_01.queueName"/>
<ConfigurableProperty uri="ey.opsesb.aodb.EY_OPSESB_AODB_ODS_FLIGHTDATA#EY_A_AODB_OPSESB_FLIGHTDATA_01.connection"/>
<ConfigurableProperty uri="ey.opsesb.aodb.EY_OPSESB_AODB_ODS_FLIGHTDATA#EY_A_AODB_OPSESB_FLIGHTDATA_01.destinationQueueManagerName"/>
<ConfigurableProperty uri="ey.opsesb.aodb.EY_OPSESB_AODB_ODS_FLIGHTDATA#EY_A_AODB_OPSESB_FLIGHTDATA_01.queueManagerHostname"/>
<ConfigurableProperty uri="ey.opsesb.aodb.EY_OPSESB_AODB_ODS_FLIGHTDATA#EY_A_AODB_OPSESB_FLIGHTDATA_01.listenerPortNumber"/>
<ConfigurableProperty uri="ey.opsesb.aodb.EY_OPSESB_AODB_ODS_FLIGHTDATA#EY_A_AODB_OPSESB_FLIGHTDATA_01.channelName"/>
<ConfigurableProperty uri="ey.opsesb.aodb.EY_OPSESB_AODB_ODS_FLIGHTDATA#EY_A_AODB_OPSESB_FLIGHTDATA_01.securityIdentity"/>
<ConfigurableProperty uri="ey.opsesb.aodb.EY_OPSESB_AODB_ODS_FLIGHTDATA#EY_A_AODB_OPSESB_FLIGHTDATA_01.useSSL"/>
<ConfigurableProperty uri="ey.opsesb.aodb.EY_OPSESB_AODB_ODS_FLIGHTDATA#EY_A_AODB_OPSESB_FLIGHTDATA_01.SSLPeerName"/>
<ConfigurableProperty uri="ey.opsesb.aodb.EY_OPSESB_AODB_ODS_FLIGHTDATA#EY_A_AODB_OPSESB_FLIGHTDATA_01.SSLCipherSpec"/>
<ConfigurableProperty uri="ey.opsesb.aodb.EY_OPSESB_AODB_ODS_FLIGHTDATA#EY_A_AODB_OPSESB_FLIGHTDATA_01.serializationToken"/>
<ConfigurableProperty uri="ey.opsesb.aodb.EY_OPSESB_AODB_ODS_FLIGHTDATA#EY_A_AODB_OPSESB_FLIGHTDATA_01.topicProperty"/>
<ConfigurableProperty uri="ey.opsesb.aodb.EY_OPSESB_AODB_ODS_FLIGHTDATA#EY_A_AODB_OPSESB_FLIGHTDATA_01.resetBrowseTimeout"/>
<ConfigurableProperty override="contentAndValue" uri="ey.opsesb.aodb.EY_OPSESB_AODB_ODS_FLIGHTDATA#EY_A_AODB_OPSESB_FLIGHTDATA_01.validateMaster"/>
<ConfigurableProperty uri="ey.opsesb.aodb.EY_OPSESB_AODB_ODS_FLIGHTDATA#EY_A_AODB_OPSESB_FLIGHTDATA_01.securityProfileName"/>
<ConfigurableProperty uri="ey.opsesb.aodb.EY_OPSESB_AODB_ODS_FLIGHTDATA#EY_A_AODB_OPSESB_FLIGHTDATA_01.componentLevel"/>
<ConfigurableProperty uri="ey.opsesb.aodb.EY_OPSESB_AODB_ODS_FLIGHTDATA#EY_A_AODB_OPSESB_FLIGHTDATA_01.additionalInstances"/>
<ConfigurableProperty uri="ey.opsesb.aodb.EY_OPSESB_AODB_ODS_FLIGHTDATA#EY_A_AODB_OPSESB_FLIGHTDATA_01.policyUrl"/>
<ConfigurableProperty override="AODB_OPSESB_ODS_FLIGHTDATA" uri="ey.opsesb.aodb.EY_OPSESB_AODB_ODS_FLIGHTDATA#AuditLogger.InterfaceID"/>
<ConfigurableProperty override="Message Received in ESB" uri="ey.opsesb.aodb.EY_OPSESB_AODB_ODS_FLIGHTDATA#AuditLogger.StatusText"/>
<ConfigurableProperty override="1a" uri="ey.opsesb.aodb.EY_OPSESB_AODB_ODS_FLIGHTDATA#AuditLogger.ProcessStep"/>
<ConfigurableProperty uri="ey.opsesb.aodb.EY_OPSESB_AODB_ODS_FLIGHTDATA#AuditLogger.IsMsgDetailsRequired"/>
<ConfigurableProperty uri="ey.opsesb.aodb.EY_OPSESB_AODB_ODS_FLIGHTDATA#AuditLogger.IsPayloadRequired"/>
<ConfigurableProperty uri="ey.opsesb.aodb.EY_OPSESB_AODB_ODS_FLIGHTDATA#AuditLogger.MsgFormat"/>
<ConfigurableProperty override="I" uri="ey.opsesb.aodb.EY_OPSESB_AODB_ODS_FLIGHTDATA#AuditLogger.DataDirection"/>
<ConfigurableProperty uri="ey.opsesb.aodb.EY_OPSESB_AODB_ODS_FLIGHTDATA#AuditLogger.CharacterSet"/>
<ConfigurableProperty uri="ey.opsesb.aodb.EY_OPSESB_AODB_ODS_FLIGHTDATA#AuditLogger.MessageSizeInMB"/>
<ConfigurableProperty uri="ey.opsesb.aodb.EY_OPSESB_AODB_ODS_FLIGHTDATA#AuditLogger.MsgType"/>
<ConfigurableProperty override="true" uri="ey.opsesb.aodb.EY_OPSESB_AODB_ODS_FLIGHTDATA#AuditLogger.IsAuditLogRequired"/>
<ConfigurableProperty uri="ey.opsesb.aodb.EY_OPSESB_AODB_ODS_FLIGHTDATA#AuditLogger.IsParentChildRelationRequired"/>
<ConfigurableProperty uri="ey.opsesb.aodb.EY_OPSESB_AODB_ODS_FLIGHTDATA#AuditLogger.AuditFileRequired"/>
<ConfigurableProperty uri="ey.opsesb.aodb.EY_OPSESB_AODB_ODS_FLIGHTDATA#FlightData_Compute.connectDatasourceBeforeFlowStarts"/>
<ConfigurableProperty uri="ey.opsesb.aodb.EY_OPSESB_AODB_ODS_FLIGHTDATA#FlightData_Compute.validateMaster"/>
<ConfigurableProperty override="Data Inserted into ODS" uri="ey.opsesb.aodb.EY_OPSESB_AODB_ODS_FLIGHTDATA#CaptureLog.StatusText"/>
<ConfigurableProperty uri="ey.opsesb.aodb.EY_OPSESB_AODB_ODS_FLIGHTDATA#CaptureLog.IsMsgDetailsRequired"/>
<ConfigurableProperty override="false" uri="ey.opsesb.aodb.EY_OPSESB_AODB_ODS_FLIGHTDATA#CaptureLog.IsPayloadRequired"/>
<ConfigurableProperty uri="ey.opsesb.aodb.EY_OPSESB_AODB_ODS_FLIGHTDATA#CaptureLog.MsgFormat"/>
<ConfigurableProperty uri="ey.opsesb.aodb.EY_OPSESB_AODB_ODS_FLIGHTDATA#CaptureLog.DataDirection"/>
<ConfigurableProperty uri="ey.opsesb.aodb.EY_OPSESB_AODB_ODS_FLIGHTDATA#CaptureLog.CharacterSet"/>
<ConfigurableProperty uri="ey.opsesb.aodb.EY_OPSESB_AODB_ODS_FLIGHTDATA#CaptureLog.MessageSizeInMB"/>
<ConfigurableProperty override="1b" uri="ey.opsesb.aodb.EY_OPSESB_AODB_ODS_FLIGHTDATA#CaptureLog.ProcessStep"/>
<ConfigurableProperty uri="ey.opsesb.aodb.EY_OPSESB_AODB_ODS_FLIGHTDATA#CaptureLog.IsParentChildRelationRequired"/>
<ConfigurableProperty uri="ey.opsesb.aodb.EY_OPSESB_AODB_ODS_FLIGHTDATA#MQOutput.queueName"/>
<ConfigurableProperty uri="ey.opsesb.aodb.EY_OPSESB_AODB_ODS_FLIGHTDATA#MQOutput.connection"/>
<ConfigurableProperty uri="ey.opsesb.aodb.EY_OPSESB_AODB_ODS_FLIGHTDATA#MQOutput.destinationQueueManagerName"/>
<ConfigurableProperty uri="ey.opsesb.aodb.EY_OPSESB_AODB_ODS_FLIGHTDATA#MQOutput.queueManagerHostname"/>
<ConfigurableProperty uri="ey.opsesb.aodb.EY_OPSESB_AODB_ODS_FLIGHTDATA#MQOutput.listenerPortNumber"/>
<ConfigurableProperty uri="ey.opsesb.aodb.EY_OPSESB_AODB_ODS_FLIGHTDATA#MQOutput.channelName"/>
<ConfigurableProperty uri="ey.opsesb.aodb.EY_OPSESB_AODB_ODS_FLIGHTDATA#MQOutput.securityIdentity"/>
<ConfigurableProperty uri="ey.opsesb.aodb.EY_OPSESB_AODB_ODS_FLIGHTDATA#MQOutput.useSSL"/>
<ConfigurableProperty uri="ey.opsesb.aodb.EY_OPSESB_AODB_ODS_FLIGHTDATA#MQOutput.SSLPeerName"/>
<ConfigurableProperty uri="ey.opsesb.aodb.EY_OPSESB_AODB_ODS_FLIGHTDATA#MQOutput.SSLCipherSpec"/>
<ConfigurableProperty uri="ey.opsesb.aodb.EY_OPSESB_AODB_ODS_FLIGHTDATA#MQOutput.queueManagerName"/>
<ConfigurableProperty uri="ey.opsesb.aodb.EY_OPSESB_AODB_ODS_FLIGHTDATA#MQOutput.replyToQMgr"/>
<ConfigurableProperty uri="ey.opsesb.aodb.EY_OPSESB_AODB_ODS_FLIGHTDATA#MQOutput.replyToQ"/>
<ConfigurableProperty uri="ey.opsesb.aodb.EY_OPSESB_AODB_ODS_FLIGHTDATA#MQOutput.validateMaster"/>
<ConfigurableProperty uri="ey.opsesb.aodb.EY_OPSESB_AODB_ODS_FLIGHTDATA#MQOutput.securityProfileName"/>
<ConfigurableProperty uri="ey.opsesb.aodb.EY_OPSESB_AODB_ODS_FLIGHTDATA#MQOutput.policyUrl"/>
<ConfigurableProperty uri="ey.opsesb.aodb.EY_OPSESB_AODB_ODS_FLIGHTDATA#MQOutput.AddRequestToGroup"/>
<ConfigurableProperty uri="ey.opsesb.aodb.EY_OPSESB_AODB_ODS_FLIGHTDATA#MQOutput.GroupRequestFolderName"/>
<ConfigurableProperty uri="ey.opsesb.aodb.EY_OPSESB_AODB_ODS_FLIGHTDATA#MQOutput.GroupRequestTimeout"/>
<ConfigurableProperty override="/var/mqm/config/AODB/DailySync" uri="ey.opsesb.aodb.EY_OPSESB_AODB_ODS_FLIGHTDATA#File Input.inputDirectory"/>
<ConfigurableProperty uri="ey.opsesb.aodb.EY_OPSESB_AODB_ODS_FLIGHTDATA#File Input.recursiveDirectories"/>
<ConfigurableProperty override="AODB_FLIGHT_DAILY_SYNC*.xml" uri="ey.opsesb.aodb.EY_OPSESB_AODB_ODS_FLIGHTDATA#File Input.filenamePattern"/>
<ConfigurableProperty uri="ey.opsesb.aodb.EY_OPSESB_AODB_ODS_FLIGHTDATA#File Input.excludePattern"/>
<ConfigurableProperty uri="ey.opsesb.aodb.EY_OPSESB_AODB_ODS_FLIGHTDATA#File Input.messageCodedCharSetIdProperty"/>
<ConfigurableProperty uri="ey.opsesb.aodb.EY_OPSESB_AODB_ODS_FLIGHTDATA#File Input.messageEncodingProperty"/>
<ConfigurableProperty uri="ey.opsesb.aodb.EY_OPSESB_AODB_ODS_FLIGHTDATA#File Input.waitInterval"/>
<ConfigurableProperty uri="ey.opsesb.aodb.EY_OPSESB_AODB_ODS_FLIGHTDATA#File Input.retryThreshold"/>
<ConfigurableProperty uri="ey.opsesb.aodb.EY_OPSESB_AODB_ODS_FLIGHTDATA#File Input.shortRetryInterval"/>
<ConfigurableProperty uri="ey.opsesb.aodb.EY_OPSESB_AODB_ODS_FLIGHTDATA#File Input.longRetryInterval"/>
<ConfigurableProperty uri="ey.opsesb.aodb.EY_OPSESB_AODB_ODS_FLIGHTDATA#File Input.customDelimiter"/>
<ConfigurableProperty override="contentAndValue" uri="ey.opsesb.aodb.EY_OPSESB_AODB_ODS_FLIGHTDATA#File Input.validateMaster"/>
<ConfigurableProperty uri="ey.opsesb.aodb.EY_OPSESB_AODB_ODS_FLIGHTDATA#File Input.fileFtp"/>
<ConfigurableProperty override="SFTP" uri="ey.opsesb.aodb.EY_OPSESB_AODB_ODS_FLIGHTDATA#File Input.remoteTransferType"/>
<ConfigurableProperty uri="ey.opsesb.aodb.EY_OPSESB_AODB_ODS_FLIGHTDATA#File Input.fileFtpServer"/>
<ConfigurableProperty uri="ey.opsesb.aodb.EY_OPSESB_AODB_ODS_FLIGHTDATA#File Input.fileFtpUser"/>
<ConfigurableProperty override="" uri="ey.opsesb.aodb.EY_OPSESB_AODB_ODS_FLIGHTDATA#File Input.fileFtpDirectory"/>
<ConfigurableProperty uri="ey.opsesb.aodb.EY_OPSESB_AODB_ODS_FLIGHTDATA#File Input.componentLevel"/>
<ConfigurableProperty uri="ey.opsesb.aodb.EY_OPSESB_AODB_ODS_FLIGHTDATA#File Input.additionalInstances"/>
<ConfigurableProperty override="AODB_OPSESB_ODS_FLIGHTDAILYSYNC" uri="ey.opsesb.aodb.EY_OPSESB_AODB_ODS_FLIGHTDATA#AuditLogger_DailySync.InterfaceID"/>
<ConfigurableProperty override="File Received in ESB" uri="ey.opsesb.aodb.EY_OPSESB_AODB_ODS_FLIGHTDATA#AuditLogger_DailySync.StatusText"/>
<ConfigurableProperty override="1a" uri="ey.opsesb.aodb.EY_OPSESB_AODB_ODS_FLIGHTDATA#AuditLogger_DailySync.ProcessStep"/>
<ConfigurableProperty uri="ey.opsesb.aodb.EY_OPSESB_AODB_ODS_FLIGHTDATA#AuditLogger_DailySync.IsMsgDetailsRequired"/>
<ConfigurableProperty override="false" uri="ey.opsesb.aodb.EY_OPSESB_AODB_ODS_FLIGHTDATA#AuditLogger_DailySync.IsPayloadRequired"/>
<ConfigurableProperty uri="ey.opsesb.aodb.EY_OPSESB_AODB_ODS_FLIGHTDATA#AuditLogger_DailySync.MsgFormat"/>
<ConfigurableProperty override="I" uri="ey.opsesb.aodb.EY_OPSESB_AODB_ODS_FLIGHTDATA#AuditLogger_DailySync.DataDirection"/>
<ConfigurableProperty uri="ey.opsesb.aodb.EY_OPSESB_AODB_ODS_FLIGHTDATA#AuditLogger_DailySync.CharacterSet"/>
<ConfigurableProperty uri="ey.opsesb.aodb.EY_OPSESB_AODB_ODS_FLIGHTDATA#AuditLogger_DailySync.MessageSizeInMB"/>
<ConfigurableProperty uri="ey.opsesb.aodb.EY_OPSESB_AODB_ODS_FLIGHTDATA#AuditLogger_DailySync.MsgType"/>
<ConfigurableProperty override="true" uri="ey.opsesb.aodb.EY_OPSESB_AODB_ODS_FLIGHTDATA#AuditLogger_DailySync.IsAuditLogRequired"/>
<ConfigurableProperty uri="ey.opsesb.aodb.EY_OPSESB_AODB_ODS_FLIGHTDATA#AuditLogger_DailySync.IsParentChildRelationRequired"/>
<ConfigurableProperty uri="ey.opsesb.aodb.EY_OPSESB_AODB_ODS_FLIGHTDATA#AuditLogger_DailySync.AuditFileRequired"/>
<ConfigurableProperty uri="ey.opsesb.aodb.EY_OPSESB_AODB_ODS_FLIGHTDATA#ErrorMsgThrow.dataSource"/>
<ConfigurableProperty uri="ey.opsesb.aodb.EY_OPSESB_AODB_ODS_FLIGHTDATA#ErrorMsgThrow.connectDatasourceBeforeFlowStarts"/>
<ConfigurableProperty uri="ey.opsesb.aodb.EY_OPSESB_AODB_ODS_FLIGHTDATA#ErrorMsgThrow.validateMaster"/>
<ConfigurableProperty override="Published the notification to topic" uri="ey.opsesb.aodb.EY_OPSESB_AODB_ODS_FLIGHTDATA#CaptureLog_Topic.StatusText"/>
<ConfigurableProperty uri="ey.opsesb.aodb.EY_OPSESB_AODB_ODS_FLIGHTDATA#CaptureLog_Topic.IsMsgDetailsRequired"/>
<ConfigurableProperty uri="ey.opsesb.aodb.EY_OPSESB_AODB_ODS_FLIGHTDATA#CaptureLog_Topic.IsPayloadRequired"/>
<ConfigurableProperty uri="ey.opsesb.aodb.EY_OPSESB_AODB_ODS_FLIGHTDATA#CaptureLog_Topic.MsgFormat"/>
<ConfigurableProperty uri="ey.opsesb.aodb.EY_OPSESB_AODB_ODS_FLIGHTDATA#CaptureLog_Topic.DataDirection"/>
<ConfigurableProperty uri="ey.opsesb.aodb.EY_OPSESB_AODB_ODS_FLIGHTDATA#CaptureLog_Topic.CharacterSet"/>
<ConfigurableProperty uri="ey.opsesb.aodb.EY_OPSESB_AODB_ODS_FLIGHTDATA#CaptureLog_Topic.MessageSizeInMB"/>
<ConfigurableProperty override="1c" uri="ey.opsesb.aodb.EY_OPSESB_AODB_ODS_FLIGHTDATA#CaptureLog_Topic.ProcessStep"/>
<ConfigurableProperty uri="ey.opsesb.aodb.EY_OPSESB_AODB_ODS_FLIGHTDATA#CaptureLog_Topic.IsParentChildRelationRequired"/>
<ConfigurableProperty uri="ey.opsesb.aodb.EY_OPSESB_AODB_ODS_FLIGHTDATA#CheckRetry.RetryIntervalInSec"/>
<ConfigurableProperty uri="ey.opsesb.aodb.EY_OPSESB_AODB_ODS_FLIGHTDATA#CheckRetry.MaxRetryCount"/>
<ConfigurableProperty override="1205,deadlocked on lock resources with another process,53,Could not open a connection to SQL Server,08001,Connection refused,3621" uri="ey.opsesb.aodb.EY_OPSESB_AODB_ODS_FLIGHTDATA#CheckRetry.ErrorCodes"/>
<ConfigurableProperty uri="ey.opsesb.aodb.EY_OPSESB_AODB_ODS_FLIGHTDATA#DailySync_Compute.dataSource"/>
<ConfigurableProperty uri="ey.opsesb.aodb.EY_OPSESB_AODB_ODS_FLIGHTDATA#DailySync_Compute.connectDatasourceBeforeFlowStarts"/>
<ConfigurableProperty uri="ey.opsesb.aodb.EY_OPSESB_AODB_ODS_FLIGHTDATA#DailySync_Compute.validateMaster"/>
<ConfigurableProperty uri="ey.opsesb.aodb.EY_OPSESB_AODB_ODS_FLIGHTDATA#Catch_Compute.dataSource"/>
<ConfigurableProperty uri="ey.opsesb.aodb.EY_OPSESB_AODB_ODS_FLIGHTDATA#Catch_Compute.connectDatasourceBeforeFlowStarts"/>
<ConfigurableProperty uri="ey.opsesb.aodb.EY_OPSESB_AODB_ODS_FLIGHTDATA#Catch_Compute.validateMaster"/>
</CompiledMessageFlow>
</Broker>