<?xml version="1.0" encoding="UTF-8"?><Broker>
<CompiledApplication>
<ConfigurableProperty uri="startMode"/>
</CompiledApplication>
<CompiledMessageFlow name="ey.opsesb.rms.EY_OPSESB_RMS_ODS_TURNAROUND_SPLIT">
<ConfigurableProperty uri="ey.opsesb.rms.EY_OPSESB_RMS_ODS_TURNAROUND_SPLIT#additionalInstances"/>
<ConfigurableProperty uri="ey.opsesb.rms.EY_OPSESB_RMS_ODS_TURNAROUND_SPLIT#notificationThresholdMsgsPerSec"/>
<ConfigurableProperty uri="ey.opsesb.rms.EY_OPSESB_RMS_ODS_TURNAROUND_SPLIT#maximumRateMsgsPerSec"/>
<ConfigurableProperty uri="ey.opsesb.rms.EY_OPSESB_RMS_ODS_TURNAROUND_SPLIT#processingTimeoutSec"/>
<ConfigurableProperty uri="ey.opsesb.rms.EY_OPSESB_RMS_ODS_TURNAROUND_SPLIT#processingTimeoutAction"/>
<ConfigurableProperty uri="ey.opsesb.rms.EY_OPSESB_RMS_ODS_TURNAROUND_SPLIT#wlmPolicy"/>
<ConfigurableProperty uri="ey.opsesb.rms.EY_OPSESB_RMS_ODS_TURNAROUND_SPLIT#commitCount"/>
<ConfigurableProperty uri="ey.opsesb.rms.EY_OPSESB_RMS_ODS_TURNAROUND_SPLIT#commitInterval"/>
<ConfigurableProperty uri="ey.opsesb.rms.EY_OPSESB_RMS_ODS_TURNAROUND_SPLIT#coordinatedTransaction"/>
<ConfigurableProperty uri="ey.opsesb.rms.EY_OPSESB_RMS_ODS_TURNAROUND_SPLIT#consumerPolicySet"/>
<ConfigurableProperty uri="ey.opsesb.rms.EY_OPSESB_RMS_ODS_TURNAROUND_SPLIT#providerPolicySet"/>
<ConfigurableProperty uri="ey.opsesb.rms.EY_OPSESB_RMS_ODS_TURNAROUND_SPLIT#consumerPolicySetBindings"/>
<ConfigurableProperty uri="ey.opsesb.rms.EY_OPSESB_RMS_ODS_TURNAROUND_SPLIT#providerPolicySetBindings"/>
<ConfigurableProperty uri="ey.opsesb.rms.EY_OPSESB_RMS_ODS_TURNAROUND_SPLIT#securityProfileName"/>
<ConfigurableProperty uri="ey.opsesb.rms.EY_OPSESB_RMS_ODS_TURNAROUND_SPLIT#monitoringProfile"/>
<ConfigurableProperty uri="ey.opsesb.rms.EY_OPSESB_RMS_ODS_TURNAROUND_SPLIT#startMode"/>
<ConfigurableProperty uri="ey.opsesb.rms.EY_OPSESB_RMS_ODS_TURNAROUND_SPLIT#startInstancesWhenFlowStarts"/>
<ConfigurableProperty override="EY_A_RMS_OPSESB_TURNAROUND_01" uri="ey.opsesb.rms.EY_OPSESB_RMS_ODS_TURNAROUND_SPLIT#RMSTurnaroundMQInput.queueName"/>
<ConfigurableProperty uri="ey.opsesb.rms.EY_OPSESB_RMS_ODS_TURNAROUND_SPLIT#RMSTurnaroundMQInput.connection"/>
<ConfigurableProperty uri="ey.opsesb.rms.EY_OPSESB_RMS_ODS_TURNAROUND_SPLIT#RMSTurnaroundMQInput.destinationQueueManagerName"/>
<ConfigurableProperty uri="ey.opsesb.rms.EY_OPSESB_RMS_ODS_TURNAROUND_SPLIT#RMSTurnaroundMQInput.queueManagerHostname"/>
<ConfigurableProperty uri="ey.opsesb.rms.EY_OPSESB_RMS_ODS_TURNAROUND_SPLIT#RMSTurnaroundMQInput.listenerPortNumber"/>
<ConfigurableProperty uri="ey.opsesb.rms.EY_OPSESB_RMS_ODS_TURNAROUND_SPLIT#RMSTurnaroundMQInput.channelName"/>
<ConfigurableProperty uri="ey.opsesb.rms.EY_OPSESB_RMS_ODS_TURNAROUND_SPLIT#RMSTurnaroundMQInput.securityIdentity"/>
<ConfigurableProperty uri="ey.opsesb.rms.EY_OPSESB_RMS_ODS_TURNAROUND_SPLIT#RMSTurnaroundMQInput.useSSL"/>
<ConfigurableProperty uri="ey.opsesb.rms.EY_OPSESB_RMS_ODS_TURNAROUND_SPLIT#RMSTurnaroundMQInput.SSLPeerName"/>
<ConfigurableProperty uri="ey.opsesb.rms.EY_OPSESB_RMS_ODS_TURNAROUND_SPLIT#RMSTurnaroundMQInput.SSLCipherSpec"/>
<ConfigurableProperty uri="ey.opsesb.rms.EY_OPSESB_RMS_ODS_TURNAROUND_SPLIT#RMSTurnaroundMQInput.serializationToken"/>
<ConfigurableProperty uri="ey.opsesb.rms.EY_OPSESB_RMS_ODS_TURNAROUND_SPLIT#RMSTurnaroundMQInput.topicProperty"/>
<ConfigurableProperty uri="ey.opsesb.rms.EY_OPSESB_RMS_ODS_TURNAROUND_SPLIT#RMSTurnaroundMQInput.resetBrowseTimeout"/>
<ConfigurableProperty override="contentAndValue" uri="ey.opsesb.rms.EY_OPSESB_RMS_ODS_TURNAROUND_SPLIT#RMSTurnaroundMQInput.validateMaster"/>
<ConfigurableProperty uri="ey.opsesb.rms.EY_OPSESB_RMS_ODS_TURNAROUND_SPLIT#RMSTurnaroundMQInput.securityProfileName"/>
<ConfigurableProperty uri="ey.opsesb.rms.EY_OPSESB_RMS_ODS_TURNAROUND_SPLIT#RMSTurnaroundMQInput.componentLevel"/>
<ConfigurableProperty uri="ey.opsesb.rms.EY_OPSESB_RMS_ODS_TURNAROUND_SPLIT#RMSTurnaroundMQInput.additionalInstances"/>
<ConfigurableProperty uri="ey.opsesb.rms.EY_OPSESB_RMS_ODS_TURNAROUND_SPLIT#RMSTurnaroundMQInput.policyUrl"/>
<ConfigurableProperty override="EY_OPSESB_RMS_ODS_TURNAROUND_BULK_IN" uri="ey.opsesb.rms.EY_OPSESB_RMS_ODS_TURNAROUND_SPLIT#MQOutputBulk.queueName"/>
<ConfigurableProperty uri="ey.opsesb.rms.EY_OPSESB_RMS_ODS_TURNAROUND_SPLIT#MQOutputBulk.connection"/>
<ConfigurableProperty uri="ey.opsesb.rms.EY_OPSESB_RMS_ODS_TURNAROUND_SPLIT#MQOutputBulk.destinationQueueManagerName"/>
<ConfigurableProperty uri="ey.opsesb.rms.EY_OPSESB_RMS_ODS_TURNAROUND_SPLIT#MQOutputBulk.queueManagerHostname"/>
<ConfigurableProperty uri="ey.opsesb.rms.EY_OPSESB_RMS_ODS_TURNAROUND_SPLIT#MQOutputBulk.listenerPortNumber"/>
<ConfigurableProperty uri="ey.opsesb.rms.EY_OPSESB_RMS_ODS_TURNAROUND_SPLIT#MQOutputBulk.channelName"/>
<ConfigurableProperty uri="ey.opsesb.rms.EY_OPSESB_RMS_ODS_TURNAROUND_SPLIT#MQOutputBulk.securityIdentity"/>
<ConfigurableProperty uri="ey.opsesb.rms.EY_OPSESB_RMS_ODS_TURNAROUND_SPLIT#MQOutputBulk.useSSL"/>
<ConfigurableProperty uri="ey.opsesb.rms.EY_OPSESB_RMS_ODS_TURNAROUND_SPLIT#MQOutputBulk.SSLPeerName"/>
<ConfigurableProperty uri="ey.opsesb.rms.EY_OPSESB_RMS_ODS_TURNAROUND_SPLIT#MQOutputBulk.SSLCipherSpec"/>
<ConfigurableProperty uri="ey.opsesb.rms.EY_OPSESB_RMS_ODS_TURNAROUND_SPLIT#MQOutputBulk.queueManagerName"/>
<ConfigurableProperty uri="ey.opsesb.rms.EY_OPSESB_RMS_ODS_TURNAROUND_SPLIT#MQOutputBulk.replyToQMgr"/>
<ConfigurableProperty uri="ey.opsesb.rms.EY_OPSESB_RMS_ODS_TURNAROUND_SPLIT#MQOutputBulk.replyToQ"/>
<ConfigurableProperty uri="ey.opsesb.rms.EY_OPSESB_RMS_ODS_TURNAROUND_SPLIT#MQOutputBulk.validateMaster"/>
<ConfigurableProperty uri="ey.opsesb.rms.EY_OPSESB_RMS_ODS_TURNAROUND_SPLIT#MQOutputBulk.securityProfileName"/>
<ConfigurableProperty uri="ey.opsesb.rms.EY_OPSESB_RMS_ODS_TURNAROUND_SPLIT#MQOutputBulk.policyUrl"/>
<ConfigurableProperty uri="ey.opsesb.rms.EY_OPSESB_RMS_ODS_TURNAROUND_SPLIT#MQOutputBulk.AddRequestToGroup"/>
<ConfigurableProperty uri="ey.opsesb.rms.EY_OPSESB_RMS_ODS_TURNAROUND_SPLIT#MQOutputBulk.GroupRequestFolderName"/>
<ConfigurableProperty uri="ey.opsesb.rms.EY_OPSESB_RMS_ODS_TURNAROUND_SPLIT#MQOutputBulk.GroupRequestTimeout"/>
<ConfigurableProperty override="EY_OPSESB_RMS_ODS_TURNAROUND_REALTIME_IN" uri="ey.opsesb.rms.EY_OPSESB_RMS_ODS_TURNAROUND_SPLIT#MQOutputRealTime.queueName"/>
<ConfigurableProperty uri="ey.opsesb.rms.EY_OPSESB_RMS_ODS_TURNAROUND_SPLIT#MQOutputRealTime.connection"/>
<ConfigurableProperty uri="ey.opsesb.rms.EY_OPSESB_RMS_ODS_TURNAROUND_SPLIT#MQOutputRealTime.destinationQueueManagerName"/>
<ConfigurableProperty uri="ey.opsesb.rms.EY_OPSESB_RMS_ODS_TURNAROUND_SPLIT#MQOutputRealTime.queueManagerHostname"/>
<ConfigurableProperty uri="ey.opsesb.rms.EY_OPSESB_RMS_ODS_TURNAROUND_SPLIT#MQOutputRealTime.listenerPortNumber"/>
<ConfigurableProperty uri="ey.opsesb.rms.EY_OPSESB_RMS_ODS_TURNAROUND_SPLIT#MQOutputRealTime.channelName"/>
<ConfigurableProperty uri="ey.opsesb.rms.EY_OPSESB_RMS_ODS_TURNAROUND_SPLIT#MQOutputRealTime.securityIdentity"/>
<ConfigurableProperty uri="ey.opsesb.rms.EY_OPSESB_RMS_ODS_TURNAROUND_SPLIT#MQOutputRealTime.useSSL"/>
<ConfigurableProperty uri="ey.opsesb.rms.EY_OPSESB_RMS_ODS_TURNAROUND_SPLIT#MQOutputRealTime.SSLPeerName"/>
<ConfigurableProperty uri="ey.opsesb.rms.EY_OPSESB_RMS_ODS_TURNAROUND_SPLIT#MQOutputRealTime.SSLCipherSpec"/>
<ConfigurableProperty uri="ey.opsesb.rms.EY_OPSESB_RMS_ODS_TURNAROUND_SPLIT#MQOutputRealTime.queueManagerName"/>
<ConfigurableProperty uri="ey.opsesb.rms.EY_OPSESB_RMS_ODS_TURNAROUND_SPLIT#MQOutputRealTime.replyToQMgr"/>
<ConfigurableProperty uri="ey.opsesb.rms.EY_OPSESB_RMS_ODS_TURNAROUND_SPLIT#MQOutputRealTime.replyToQ"/>
<ConfigurableProperty uri="ey.opsesb.rms.EY_OPSESB_RMS_ODS_TURNAROUND_SPLIT#MQOutputRealTime.validateMaster"/>
<ConfigurableProperty uri="ey.opsesb.rms.EY_OPSESB_RMS_ODS_TURNAROUND_SPLIT#MQOutputRealTime.securityProfileName"/>
<ConfigurableProperty uri="ey.opsesb.rms.EY_OPSESB_RMS_ODS_TURNAROUND_SPLIT#MQOutputRealTime.policyUrl"/>
<ConfigurableProperty uri="ey.opsesb.rms.EY_OPSESB_RMS_ODS_TURNAROUND_SPLIT#MQOutputRealTime.AddRequestToGroup"/>
<ConfigurableProperty uri="ey.opsesb.rms.EY_OPSESB_RMS_ODS_TURNAROUND_SPLIT#MQOutputRealTime.GroupRequestFolderName"/>
<ConfigurableProperty uri="ey.opsesb.rms.EY_OPSESB_RMS_ODS_TURNAROUND_SPLIT#MQOutputRealTime.GroupRequestTimeout"/>
<ConfigurableProperty override="EY_OPSESB_RMS_ODS_TURNAROUND_SPLIT" uri="ey.opsesb.rms.EY_OPSESB_RMS_ODS_TURNAROUND_SPLIT#AuditLogger.InterfaceID"/>
<ConfigurableProperty override="GS Turnaround Activity Data Received from RMS" uri="ey.opsesb.rms.EY_OPSESB_RMS_ODS_TURNAROUND_SPLIT#AuditLogger.StatusText"/>
<ConfigurableProperty override="1" uri="ey.opsesb.rms.EY_OPSESB_RMS_ODS_TURNAROUND_SPLIT#AuditLogger.ProcessStep"/>
<ConfigurableProperty uri="ey.opsesb.rms.EY_OPSESB_RMS_ODS_TURNAROUND_SPLIT#AuditLogger.IsMsgDetailsRequired"/>
<ConfigurableProperty uri="ey.opsesb.rms.EY_OPSESB_RMS_ODS_TURNAROUND_SPLIT#AuditLogger.IsPayloadRequired"/>
<ConfigurableProperty uri="ey.opsesb.rms.EY_OPSESB_RMS_ODS_TURNAROUND_SPLIT#AuditLogger.MsgFormat"/>
<ConfigurableProperty override="I" uri="ey.opsesb.rms.EY_OPSESB_RMS_ODS_TURNAROUND_SPLIT#AuditLogger.DataDirection"/>
<ConfigurableProperty uri="ey.opsesb.rms.EY_OPSESB_RMS_ODS_TURNAROUND_SPLIT#AuditLogger.CharacterSet"/>
<ConfigurableProperty uri="ey.opsesb.rms.EY_OPSESB_RMS_ODS_TURNAROUND_SPLIT#AuditLogger.MessageSizeInMB"/>
<ConfigurableProperty override="XML" uri="ey.opsesb.rms.EY_OPSESB_RMS_ODS_TURNAROUND_SPLIT#AuditLogger.MsgType"/>
<ConfigurableProperty override="true" uri="ey.opsesb.rms.EY_OPSESB_RMS_ODS_TURNAROUND_SPLIT#AuditLogger.IsAuditLogRequired"/>
<ConfigurableProperty uri="ey.opsesb.rms.EY_OPSESB_RMS_ODS_TURNAROUND_SPLIT#AuditLogger.IsParentChildRelationRequired"/>
<ConfigurableProperty uri="ey.opsesb.rms.EY_OPSESB_RMS_ODS_TURNAROUND_SPLIT#AuditLogger.AuditFileRequired"/>
<ConfigurableProperty uri="ey.opsesb.rms.EY_OPSESB_RMS_ODS_TURNAROUND_SPLIT#Bulk_RealTime_Filter.dataSource"/>
<ConfigurableProperty uri="ey.opsesb.rms.EY_OPSESB_RMS_ODS_TURNAROUND_SPLIT#Bulk_RealTime_Filter.connectDatasourceBeforeFlowStarts"/>
<ConfigurableProperty uri="ey.opsesb.rms.EY_OPSESB_RMS_ODS_TURNAROUND_SPLIT#Bulk_RealTime_Filter.validateMaster"/>
</CompiledMessageFlow>
<CompiledMessageFlow name="ey.opsesb.rms.EY_OPSESB_RMS_ODS_TURNAROUND">
<ConfigurableProperty uri="ey.opsesb.rms.EY_OPSESB_RMS_ODS_TURNAROUND#additionalInstances"/>
<ConfigurableProperty uri="ey.opsesb.rms.EY_OPSESB_RMS_ODS_TURNAROUND#notificationThresholdMsgsPerSec"/>
<ConfigurableProperty uri="ey.opsesb.rms.EY_OPSESB_RMS_ODS_TURNAROUND#maximumRateMsgsPerSec"/>
<ConfigurableProperty uri="ey.opsesb.rms.EY_OPSESB_RMS_ODS_TURNAROUND#processingTimeoutSec"/>
<ConfigurableProperty uri="ey.opsesb.rms.EY_OPSESB_RMS_ODS_TURNAROUND#processingTimeoutAction"/>
<ConfigurableProperty uri="ey.opsesb.rms.EY_OPSESB_RMS_ODS_TURNAROUND#wlmPolicy"/>
<ConfigurableProperty uri="ey.opsesb.rms.EY_OPSESB_RMS_ODS_TURNAROUND#commitCount"/>
<ConfigurableProperty uri="ey.opsesb.rms.EY_OPSESB_RMS_ODS_TURNAROUND#commitInterval"/>
<ConfigurableProperty uri="ey.opsesb.rms.EY_OPSESB_RMS_ODS_TURNAROUND#coordinatedTransaction"/>
<ConfigurableProperty uri="ey.opsesb.rms.EY_OPSESB_RMS_ODS_TURNAROUND#consumerPolicySet"/>
<ConfigurableProperty uri="ey.opsesb.rms.EY_OPSESB_RMS_ODS_TURNAROUND#providerPolicySet"/>
<ConfigurableProperty uri="ey.opsesb.rms.EY_OPSESB_RMS_ODS_TURNAROUND#consumerPolicySetBindings"/>
<ConfigurableProperty uri="ey.opsesb.rms.EY_OPSESB_RMS_ODS_TURNAROUND#providerPolicySetBindings"/>
<ConfigurableProperty uri="ey.opsesb.rms.EY_OPSESB_RMS_ODS_TURNAROUND#securityProfileName"/>
<ConfigurableProperty uri="ey.opsesb.rms.EY_OPSESB_RMS_ODS_TURNAROUND#monitoringProfile"/>
<ConfigurableProperty uri="ey.opsesb.rms.EY_OPSESB_RMS_ODS_TURNAROUND#startMode"/>
<ConfigurableProperty uri="ey.opsesb.rms.EY_OPSESB_RMS_ODS_TURNAROUND#startInstancesWhenFlowStarts"/>
<ConfigurableProperty override="OPSESB_TST" uri="ey.opsesb.rms.EY_OPSESB_RMS_ODS_TURNAROUND#dataSource"/>
<ConfigurableProperty override="OPSESB_TST" uri="ey.opsesb.rms.EY_OPSESB_RMS_ODS_TURNAROUND#DB_NAME"/>
<ConfigurableProperty override="ops_ods" uri="ey.opsesb.rms.EY_OPSESB_RMS_ODS_TURNAROUND#DB_SCHEMA"/>
<ConfigurableProperty override="OPSESB" uri="ey.opsesb.rms.EY_OPSESB_RMS_ODS_TURNAROUND#ODS_USER_NM"/>
<ConfigurableProperty override="6" uri="ey.opsesb.rms.EY_OPSESB_RMS_ODS_TURNAROUND#LEFT_TFRAME"/>
<ConfigurableProperty override="24" uri="ey.opsesb.rms.EY_OPSESB_RMS_ODS_TURNAROUND#RIGHT_TFRAME"/>
<ConfigurableProperty override="600" uri="ey.opsesb.rms.EY_OPSESB_RMS_ODS_TURNAROUND#SleepIntervalInMilliSec"/>
<ConfigurableProperty override="EY_OPSESB_RMS_ODS_TURNAROUND_REALTIME" uri="ey.opsesb.rms.EY_OPSESB_RMS_ODS_TURNAROUND#AuditLogger_RealTime.InterfaceID"/>
<ConfigurableProperty override="GS Turnaround RealTime Activity Data Received from RMS" uri="ey.opsesb.rms.EY_OPSESB_RMS_ODS_TURNAROUND#AuditLogger_RealTime.StatusText"/>
<ConfigurableProperty override="1a" uri="ey.opsesb.rms.EY_OPSESB_RMS_ODS_TURNAROUND#AuditLogger_RealTime.ProcessStep"/>
<ConfigurableProperty uri="ey.opsesb.rms.EY_OPSESB_RMS_ODS_TURNAROUND#AuditLogger_RealTime.IsMsgDetailsRequired"/>
<ConfigurableProperty uri="ey.opsesb.rms.EY_OPSESB_RMS_ODS_TURNAROUND#AuditLogger_RealTime.IsPayloadRequired"/>
<ConfigurableProperty uri="ey.opsesb.rms.EY_OPSESB_RMS_ODS_TURNAROUND#AuditLogger_RealTime.MsgFormat"/>
<ConfigurableProperty override="I" uri="ey.opsesb.rms.EY_OPSESB_RMS_ODS_TURNAROUND#AuditLogger_RealTime.DataDirection"/>
<ConfigurableProperty uri="ey.opsesb.rms.EY_OPSESB_RMS_ODS_TURNAROUND#AuditLogger_RealTime.CharacterSet"/>
<ConfigurableProperty uri="ey.opsesb.rms.EY_OPSESB_RMS_ODS_TURNAROUND#AuditLogger_RealTime.MessageSizeInMB"/>
<ConfigurableProperty override="XML" uri="ey.opsesb.rms.EY_OPSESB_RMS_ODS_TURNAROUND#AuditLogger_RealTime.MsgType"/>
<ConfigurableProperty override="true" uri="ey.opsesb.rms.EY_OPSESB_RMS_ODS_TURNAROUND#AuditLogger_RealTime.IsAuditLogRequired"/>
<ConfigurableProperty uri="ey.opsesb.rms.EY_OPSESB_RMS_ODS_TURNAROUND#AuditLogger_RealTime.IsParentChildRelationRequired"/>
<ConfigurableProperty uri="ey.opsesb.rms.EY_OPSESB_RMS_ODS_TURNAROUND#AuditLogger_RealTime.AuditFileRequired"/>
<ConfigurableProperty override="GS Activity Notification sent to Topic" uri="ey.opsesb.rms.EY_OPSESB_RMS_ODS_TURNAROUND#CaptureLogAlias.StatusText"/>
<ConfigurableProperty uri="ey.opsesb.rms.EY_OPSESB_RMS_ODS_TURNAROUND#CaptureLogAlias.IsMsgDetailsRequired"/>
<ConfigurableProperty uri="ey.opsesb.rms.EY_OPSESB_RMS_ODS_TURNAROUND#CaptureLogAlias.IsPayloadRequired"/>
<ConfigurableProperty uri="ey.opsesb.rms.EY_OPSESB_RMS_ODS_TURNAROUND#CaptureLogAlias.MsgFormat"/>
<ConfigurableProperty override="O" uri="ey.opsesb.rms.EY_OPSESB_RMS_ODS_TURNAROUND#CaptureLogAlias.DataDirection"/>
<ConfigurableProperty uri="ey.opsesb.rms.EY_OPSESB_RMS_ODS_TURNAROUND#CaptureLogAlias.CharacterSet"/>
<ConfigurableProperty uri="ey.opsesb.rms.EY_OPSESB_RMS_ODS_TURNAROUND#CaptureLogAlias.MessageSizeInMB"/>
<ConfigurableProperty override="1c" uri="ey.opsesb.rms.EY_OPSESB_RMS_ODS_TURNAROUND#CaptureLogAlias.ProcessStep"/>
<ConfigurableProperty uri="ey.opsesb.rms.EY_OPSESB_RMS_ODS_TURNAROUND#CaptureLogAlias.IsParentChildRelationRequired"/>
<ConfigurableProperty override="GS Activity Information is inserted to DB" uri="ey.opsesb.rms.EY_OPSESB_RMS_ODS_TURNAROUND#CaptureLog.StatusText"/>
<ConfigurableProperty uri="ey.opsesb.rms.EY_OPSESB_RMS_ODS_TURNAROUND#CaptureLog.IsMsgDetailsRequired"/>
<ConfigurableProperty uri="ey.opsesb.rms.EY_OPSESB_RMS_ODS_TURNAROUND#CaptureLog.IsPayloadRequired"/>
<ConfigurableProperty uri="ey.opsesb.rms.EY_OPSESB_RMS_ODS_TURNAROUND#CaptureLog.MsgFormat"/>
<ConfigurableProperty override="O" uri="ey.opsesb.rms.EY_OPSESB_RMS_ODS_TURNAROUND#CaptureLog.DataDirection"/>
<ConfigurableProperty uri="ey.opsesb.rms.EY_OPSESB_RMS_ODS_TURNAROUND#CaptureLog.CharacterSet"/>
<ConfigurableProperty uri="ey.opsesb.rms.EY_OPSESB_RMS_ODS_TURNAROUND#CaptureLog.MessageSizeInMB"/>
<ConfigurableProperty override="1b" uri="ey.opsesb.rms.EY_OPSESB_RMS_ODS_TURNAROUND#CaptureLog.ProcessStep"/>
<ConfigurableProperty uri="ey.opsesb.rms.EY_OPSESB_RMS_ODS_TURNAROUND#CaptureLog.IsParentChildRelationRequired"/>
<ConfigurableProperty override="EY_OPSESB_RMS_ODS_TURNAROUND_BULK" uri="ey.opsesb.rms.EY_OPSESB_RMS_ODS_TURNAROUND#AuditLogger_Bulk.InterfaceID"/>
<ConfigurableProperty override="GS Turnaround Bulk Activity Data Received from RMS" uri="ey.opsesb.rms.EY_OPSESB_RMS_ODS_TURNAROUND#AuditLogger_Bulk.StatusText"/>
<ConfigurableProperty override="1a" uri="ey.opsesb.rms.EY_OPSESB_RMS_ODS_TURNAROUND#AuditLogger_Bulk.ProcessStep"/>
<ConfigurableProperty uri="ey.opsesb.rms.EY_OPSESB_RMS_ODS_TURNAROUND#AuditLogger_Bulk.IsMsgDetailsRequired"/>
<ConfigurableProperty uri="ey.opsesb.rms.EY_OPSESB_RMS_ODS_TURNAROUND#AuditLogger_Bulk.IsPayloadRequired"/>
<ConfigurableProperty uri="ey.opsesb.rms.EY_OPSESB_RMS_ODS_TURNAROUND#AuditLogger_Bulk.MsgFormat"/>
<ConfigurableProperty override="I" uri="ey.opsesb.rms.EY_OPSESB_RMS_ODS_TURNAROUND#AuditLogger_Bulk.DataDirection"/>
<ConfigurableProperty uri="ey.opsesb.rms.EY_OPSESB_RMS_ODS_TURNAROUND#AuditLogger_Bulk.CharacterSet"/>
<ConfigurableProperty uri="ey.opsesb.rms.EY_OPSESB_RMS_ODS_TURNAROUND#AuditLogger_Bulk.MessageSizeInMB"/>
<ConfigurableProperty override="XML" uri="ey.opsesb.rms.EY_OPSESB_RMS_ODS_TURNAROUND#AuditLogger_Bulk.MsgType"/>
<ConfigurableProperty override="true" uri="ey.opsesb.rms.EY_OPSESB_RMS_ODS_TURNAROUND#AuditLogger_Bulk.IsAuditLogRequired"/>
<ConfigurableProperty uri="ey.opsesb.rms.EY_OPSESB_RMS_ODS_TURNAROUND#AuditLogger_Bulk.IsParentChildRelationRequired"/>
<ConfigurableProperty uri="ey.opsesb.rms.EY_OPSESB_RMS_ODS_TURNAROUND#AuditLogger_Bulk.AuditFileRequired"/>
<ConfigurableProperty uri="ey.opsesb.rms.EY_OPSESB_RMS_ODS_TURNAROUND#CheckRetry.RetryIntervalInSec"/>
<ConfigurableProperty uri="ey.opsesb.rms.EY_OPSESB_RMS_ODS_TURNAROUND#CheckRetry.MaxRetryCount"/>
<ConfigurableProperty override="1205,deadlock,53,Could not open a connection to SQL Server,08001,Connection refused,3621" uri="ey.opsesb.rms.EY_OPSESB_RMS_ODS_TURNAROUND#CheckRetry.ErrorCodes"/>
<ConfigurableProperty override="EY_A_OPSESB_FLIGHTTURNAROUND_AQ_01" uri="ey.opsesb.rms.EY_OPSESB_RMS_ODS_TURNAROUND#RMSTurnaroundAliasMQOutput.queueName"/>
<ConfigurableProperty uri="ey.opsesb.rms.EY_OPSESB_RMS_ODS_TURNAROUND#RMSTurnaroundAliasMQOutput.connection"/>
<ConfigurableProperty uri="ey.opsesb.rms.EY_OPSESB_RMS_ODS_TURNAROUND#RMSTurnaroundAliasMQOutput.destinationQueueManagerName"/>
<ConfigurableProperty uri="ey.opsesb.rms.EY_OPSESB_RMS_ODS_TURNAROUND#RMSTurnaroundAliasMQOutput.queueManagerHostname"/>
<ConfigurableProperty uri="ey.opsesb.rms.EY_OPSESB_RMS_ODS_TURNAROUND#RMSTurnaroundAliasMQOutput.listenerPortNumber"/>
<ConfigurableProperty uri="ey.opsesb.rms.EY_OPSESB_RMS_ODS_TURNAROUND#RMSTurnaroundAliasMQOutput.channelName"/>
<ConfigurableProperty uri="ey.opsesb.rms.EY_OPSESB_RMS_ODS_TURNAROUND#RMSTurnaroundAliasMQOutput.securityIdentity"/>
<ConfigurableProperty uri="ey.opsesb.rms.EY_OPSESB_RMS_ODS_TURNAROUND#RMSTurnaroundAliasMQOutput.useSSL"/>
<ConfigurableProperty uri="ey.opsesb.rms.EY_OPSESB_RMS_ODS_TURNAROUND#RMSTurnaroundAliasMQOutput.SSLPeerName"/>
<ConfigurableProperty uri="ey.opsesb.rms.EY_OPSESB_RMS_ODS_TURNAROUND#RMSTurnaroundAliasMQOutput.SSLCipherSpec"/>
<ConfigurableProperty uri="ey.opsesb.rms.EY_OPSESB_RMS_ODS_TURNAROUND#RMSTurnaroundAliasMQOutput.queueManagerName"/>
<ConfigurableProperty uri="ey.opsesb.rms.EY_OPSESB_RMS_ODS_TURNAROUND#RMSTurnaroundAliasMQOutput.replyToQMgr"/>
<ConfigurableProperty uri="ey.opsesb.rms.EY_OPSESB_RMS_ODS_TURNAROUND#RMSTurnaroundAliasMQOutput.replyToQ"/>
<ConfigurableProperty uri="ey.opsesb.rms.EY_OPSESB_RMS_ODS_TURNAROUND#RMSTurnaroundAliasMQOutput.validateMaster"/>
<ConfigurableProperty uri="ey.opsesb.rms.EY_OPSESB_RMS_ODS_TURNAROUND#RMSTurnaroundAliasMQOutput.securityProfileName"/>
<ConfigurableProperty uri="ey.opsesb.rms.EY_OPSESB_RMS_ODS_TURNAROUND#RMSTurnaroundAliasMQOutput.policyUrl"/>
<ConfigurableProperty uri="ey.opsesb.rms.EY_OPSESB_RMS_ODS_TURNAROUND#RMSTurnaroundAliasMQOutput.AddRequestToGroup"/>
<ConfigurableProperty uri="ey.opsesb.rms.EY_OPSESB_RMS_ODS_TURNAROUND#RMSTurnaroundAliasMQOutput.GroupRequestFolderName"/>
<ConfigurableProperty uri="ey.opsesb.rms.EY_OPSESB_RMS_ODS_TURNAROUND#RMSTurnaroundAliasMQOutput.GroupRequestTimeout"/>
<ConfigurableProperty uri="ey.opsesb.rms.EY_OPSESB_RMS_ODS_TURNAROUND#RMSTurnaroundCompute.connectDatasourceBeforeFlowStarts"/>
<ConfigurableProperty uri="ey.opsesb.rms.EY_OPSESB_RMS_ODS_TURNAROUND#RMSTurnaroundCompute.validateMaster"/>
<ConfigurableProperty override="EY_OPSESB_RMS_ODS_TURNAROUND_BULK_IN" uri="ey.opsesb.rms.EY_OPSESB_RMS_ODS_TURNAROUND#RMSTurnaroundBulkMQInput.queueName"/>
<ConfigurableProperty uri="ey.opsesb.rms.EY_OPSESB_RMS_ODS_TURNAROUND#RMSTurnaroundBulkMQInput.connection"/>
<ConfigurableProperty uri="ey.opsesb.rms.EY_OPSESB_RMS_ODS_TURNAROUND#RMSTurnaroundBulkMQInput.destinationQueueManagerName"/>
<ConfigurableProperty uri="ey.opsesb.rms.EY_OPSESB_RMS_ODS_TURNAROUND#RMSTurnaroundBulkMQInput.queueManagerHostname"/>
<ConfigurableProperty uri="ey.opsesb.rms.EY_OPSESB_RMS_ODS_TURNAROUND#RMSTurnaroundBulkMQInput.listenerPortNumber"/>
<ConfigurableProperty uri="ey.opsesb.rms.EY_OPSESB_RMS_ODS_TURNAROUND#RMSTurnaroundBulkMQInput.channelName"/>
<ConfigurableProperty uri="ey.opsesb.rms.EY_OPSESB_RMS_ODS_TURNAROUND#RMSTurnaroundBulkMQInput.securityIdentity"/>
<ConfigurableProperty uri="ey.opsesb.rms.EY_OPSESB_RMS_ODS_TURNAROUND#RMSTurnaroundBulkMQInput.useSSL"/>
<ConfigurableProperty uri="ey.opsesb.rms.EY_OPSESB_RMS_ODS_TURNAROUND#RMSTurnaroundBulkMQInput.SSLPeerName"/>
<ConfigurableProperty uri="ey.opsesb.rms.EY_OPSESB_RMS_ODS_TURNAROUND#RMSTurnaroundBulkMQInput.SSLCipherSpec"/>
<ConfigurableProperty uri="ey.opsesb.rms.EY_OPSESB_RMS_ODS_TURNAROUND#RMSTurnaroundBulkMQInput.serializationToken"/>
<ConfigurableProperty uri="ey.opsesb.rms.EY_OPSESB_RMS_ODS_TURNAROUND#RMSTurnaroundBulkMQInput.topicProperty"/>
<ConfigurableProperty uri="ey.opsesb.rms.EY_OPSESB_RMS_ODS_TURNAROUND#RMSTurnaroundBulkMQInput.resetBrowseTimeout"/>
<ConfigurableProperty override="contentAndValue" uri="ey.opsesb.rms.EY_OPSESB_RMS_ODS_TURNAROUND#RMSTurnaroundBulkMQInput.validateMaster"/>
<ConfigurableProperty uri="ey.opsesb.rms.EY_OPSESB_RMS_ODS_TURNAROUND#RMSTurnaroundBulkMQInput.securityProfileName"/>
<ConfigurableProperty uri="ey.opsesb.rms.EY_OPSESB_RMS_ODS_TURNAROUND#RMSTurnaroundBulkMQInput.componentLevel"/>
<ConfigurableProperty uri="ey.opsesb.rms.EY_OPSESB_RMS_ODS_TURNAROUND#RMSTurnaroundBulkMQInput.additionalInstances"/>
<ConfigurableProperty uri="ey.opsesb.rms.EY_OPSESB_RMS_ODS_TURNAROUND#RMSTurnaroundBulkMQInput.policyUrl"/>
<ConfigurableProperty override="EY_OPSESB_RMS_ODS_TURNAROUND_REALTIME_IN" uri="ey.opsesb.rms.EY_OPSESB_RMS_ODS_TURNAROUND#RMSTurnaroundRealTimeMQInput.queueName"/>
<ConfigurableProperty uri="ey.opsesb.rms.EY_OPSESB_RMS_ODS_TURNAROUND#RMSTurnaroundRealTimeMQInput.connection"/>
<ConfigurableProperty uri="ey.opsesb.rms.EY_OPSESB_RMS_ODS_TURNAROUND#RMSTurnaroundRealTimeMQInput.destinationQueueManagerName"/>
<ConfigurableProperty uri="ey.opsesb.rms.EY_OPSESB_RMS_ODS_TURNAROUND#RMSTurnaroundRealTimeMQInput.queueManagerHostname"/>
<ConfigurableProperty uri="ey.opsesb.rms.EY_OPSESB_RMS_ODS_TURNAROUND#RMSTurnaroundRealTimeMQInput.listenerPortNumber"/>
<ConfigurableProperty uri="ey.opsesb.rms.EY_OPSESB_RMS_ODS_TURNAROUND#RMSTurnaroundRealTimeMQInput.channelName"/>
<ConfigurableProperty uri="ey.opsesb.rms.EY_OPSESB_RMS_ODS_TURNAROUND#RMSTurnaroundRealTimeMQInput.securityIdentity"/>
<ConfigurableProperty uri="ey.opsesb.rms.EY_OPSESB_RMS_ODS_TURNAROUND#RMSTurnaroundRealTimeMQInput.useSSL"/>
<ConfigurableProperty uri="ey.opsesb.rms.EY_OPSESB_RMS_ODS_TURNAROUND#RMSTurnaroundRealTimeMQInput.SSLPeerName"/>
<ConfigurableProperty uri="ey.opsesb.rms.EY_OPSESB_RMS_ODS_TURNAROUND#RMSTurnaroundRealTimeMQInput.SSLCipherSpec"/>
<ConfigurableProperty uri="ey.opsesb.rms.EY_OPSESB_RMS_ODS_TURNAROUND#RMSTurnaroundRealTimeMQInput.serializationToken"/>
<ConfigurableProperty uri="ey.opsesb.rms.EY_OPSESB_RMS_ODS_TURNAROUND#RMSTurnaroundRealTimeMQInput.topicProperty"/>
<ConfigurableProperty uri="ey.opsesb.rms.EY_OPSESB_RMS_ODS_TURNAROUND#RMSTurnaroundRealTimeMQInput.resetBrowseTimeout"/>
<ConfigurableProperty override="contentAndValue" uri="ey.opsesb.rms.EY_OPSESB_RMS_ODS_TURNAROUND#RMSTurnaroundRealTimeMQInput.validateMaster"/>
<ConfigurableProperty uri="ey.opsesb.rms.EY_OPSESB_RMS_ODS_TURNAROUND#RMSTurnaroundRealTimeMQInput.securityProfileName"/>
<ConfigurableProperty uri="ey.opsesb.rms.EY_OPSESB_RMS_ODS_TURNAROUND#RMSTurnaroundRealTimeMQInput.componentLevel"/>
<ConfigurableProperty uri="ey.opsesb.rms.EY_OPSESB_RMS_ODS_TURNAROUND#RMSTurnaroundRealTimeMQInput.additionalInstances"/>
<ConfigurableProperty uri="ey.opsesb.rms.EY_OPSESB_RMS_ODS_TURNAROUND#RMSTurnaroundRealTimeMQInput.policyUrl"/>
</CompiledMessageFlow>
</Broker>