<?xml version="1.0" encoding="UTF-8"?><Broker>
<CompiledApplication>
<ConfigurableProperty uri="startMode"/>
</CompiledApplication>
<CompiledMessageFlow name="ey.opsesb.sharedservices.EY_OPSESB_SS_PUBLISH_TOWING_BATCH">
<ConfigurableProperty uri="ey.opsesb.sharedservices.EY_OPSESB_SS_PUBLISH_TOWING_BATCH#additionalInstances"/>
<ConfigurableProperty uri="ey.opsesb.sharedservices.EY_OPSESB_SS_PUBLISH_TOWING_BATCH#notificationThresholdMsgsPerSec"/>
<ConfigurableProperty uri="ey.opsesb.sharedservices.EY_OPSESB_SS_PUBLISH_TOWING_BATCH#maximumRateMsgsPerSec"/>
<ConfigurableProperty uri="ey.opsesb.sharedservices.EY_OPSESB_SS_PUBLISH_TOWING_BATCH#processingTimeoutSec"/>
<ConfigurableProperty uri="ey.opsesb.sharedservices.EY_OPSESB_SS_PUBLISH_TOWING_BATCH#processingTimeoutAction"/>
<ConfigurableProperty uri="ey.opsesb.sharedservices.EY_OPSESB_SS_PUBLISH_TOWING_BATCH#wlmPolicy"/>
<ConfigurableProperty uri="ey.opsesb.sharedservices.EY_OPSESB_SS_PUBLISH_TOWING_BATCH#commitCount"/>
<ConfigurableProperty uri="ey.opsesb.sharedservices.EY_OPSESB_SS_PUBLISH_TOWING_BATCH#commitInterval"/>
<ConfigurableProperty uri="ey.opsesb.sharedservices.EY_OPSESB_SS_PUBLISH_TOWING_BATCH#coordinatedTransaction"/>
<ConfigurableProperty uri="ey.opsesb.sharedservices.EY_OPSESB_SS_PUBLISH_TOWING_BATCH#consumerPolicySet"/>
<ConfigurableProperty uri="ey.opsesb.sharedservices.EY_OPSESB_SS_PUBLISH_TOWING_BATCH#providerPolicySet"/>
<ConfigurableProperty uri="ey.opsesb.sharedservices.EY_OPSESB_SS_PUBLISH_TOWING_BATCH#consumerPolicySetBindings"/>
<ConfigurableProperty uri="ey.opsesb.sharedservices.EY_OPSESB_SS_PUBLISH_TOWING_BATCH#providerPolicySetBindings"/>
<ConfigurableProperty uri="ey.opsesb.sharedservices.EY_OPSESB_SS_PUBLISH_TOWING_BATCH#securityProfileName"/>
<ConfigurableProperty uri="ey.opsesb.sharedservices.EY_OPSESB_SS_PUBLISH_TOWING_BATCH#monitoringProfile"/>
<ConfigurableProperty uri="ey.opsesb.sharedservices.EY_OPSESB_SS_PUBLISH_TOWING_BATCH#startMode"/>
<ConfigurableProperty uri="ey.opsesb.sharedservices.EY_OPSESB_SS_PUBLISH_TOWING_BATCH#startInstancesWhenFlowStarts"/>
<ConfigurableProperty override="OPSESB_TST" uri="ey.opsesb.sharedservices.EY_OPSESB_SS_PUBLISH_TOWING_BATCH#DB_Name"/>
<ConfigurableProperty override="ops_ods" uri="ey.opsesb.sharedservices.EY_OPSESB_SS_PUBLISH_TOWING_BATCH#DB_Schema"/>
<ConfigurableProperty override="TRUE" uri="ey.opsesb.sharedservices.EY_OPSESB_SS_PUBLISH_TOWING_BATCH#FilterOfLockDownFlights"/>
<ConfigurableProperty override="OPSESB_TST" uri="ey.opsesb.sharedservices.EY_OPSESB_SS_PUBLISH_TOWING_BATCH#dataSource"/>
<ConfigurableProperty uri="ey.opsesb.sharedservices.EY_OPSESB_SS_PUBLISH_TOWING_BATCH#PublishTowingOutput.queueName"/>
<ConfigurableProperty uri="ey.opsesb.sharedservices.EY_OPSESB_SS_PUBLISH_TOWING_BATCH#PublishTowingOutput.connection"/>
<ConfigurableProperty uri="ey.opsesb.sharedservices.EY_OPSESB_SS_PUBLISH_TOWING_BATCH#PublishTowingOutput.destinationQueueManagerName"/>
<ConfigurableProperty uri="ey.opsesb.sharedservices.EY_OPSESB_SS_PUBLISH_TOWING_BATCH#PublishTowingOutput.queueManagerHostname"/>
<ConfigurableProperty uri="ey.opsesb.sharedservices.EY_OPSESB_SS_PUBLISH_TOWING_BATCH#PublishTowingOutput.listenerPortNumber"/>
<ConfigurableProperty uri="ey.opsesb.sharedservices.EY_OPSESB_SS_PUBLISH_TOWING_BATCH#PublishTowingOutput.channelName"/>
<ConfigurableProperty uri="ey.opsesb.sharedservices.EY_OPSESB_SS_PUBLISH_TOWING_BATCH#PublishTowingOutput.securityIdentity"/>
<ConfigurableProperty uri="ey.opsesb.sharedservices.EY_OPSESB_SS_PUBLISH_TOWING_BATCH#PublishTowingOutput.useSSL"/>
<ConfigurableProperty uri="ey.opsesb.sharedservices.EY_OPSESB_SS_PUBLISH_TOWING_BATCH#PublishTowingOutput.SSLPeerName"/>
<ConfigurableProperty uri="ey.opsesb.sharedservices.EY_OPSESB_SS_PUBLISH_TOWING_BATCH#PublishTowingOutput.SSLCipherSpec"/>
<ConfigurableProperty uri="ey.opsesb.sharedservices.EY_OPSESB_SS_PUBLISH_TOWING_BATCH#PublishTowingOutput.queueManagerName"/>
<ConfigurableProperty uri="ey.opsesb.sharedservices.EY_OPSESB_SS_PUBLISH_TOWING_BATCH#PublishTowingOutput.replyToQMgr"/>
<ConfigurableProperty uri="ey.opsesb.sharedservices.EY_OPSESB_SS_PUBLISH_TOWING_BATCH#PublishTowingOutput.replyToQ"/>
<ConfigurableProperty uri="ey.opsesb.sharedservices.EY_OPSESB_SS_PUBLISH_TOWING_BATCH#PublishTowingOutput.validateMaster"/>
<ConfigurableProperty uri="ey.opsesb.sharedservices.EY_OPSESB_SS_PUBLISH_TOWING_BATCH#PublishTowingOutput.securityProfileName"/>
<ConfigurableProperty uri="ey.opsesb.sharedservices.EY_OPSESB_SS_PUBLISH_TOWING_BATCH#PublishTowingOutput.policyUrl"/>
<ConfigurableProperty uri="ey.opsesb.sharedservices.EY_OPSESB_SS_PUBLISH_TOWING_BATCH#PublishTowingOutput.AddRequestToGroup"/>
<ConfigurableProperty uri="ey.opsesb.sharedservices.EY_OPSESB_SS_PUBLISH_TOWING_BATCH#PublishTowingOutput.GroupRequestFolderName"/>
<ConfigurableProperty uri="ey.opsesb.sharedservices.EY_OPSESB_SS_PUBLISH_TOWING_BATCH#PublishTowingOutput.GroupRequestTimeout"/>
<ConfigurableProperty uri="ey.opsesb.sharedservices.EY_OPSESB_SS_PUBLISH_TOWING_BATCH#EY_OPSESB_SS_Towing.connectDatasourceBeforeFlowStarts"/>
<ConfigurableProperty uri="ey.opsesb.sharedservices.EY_OPSESB_SS_PUBLISH_TOWING_BATCH#EY_OPSESB_SS_Towing.validateMaster"/>
<ConfigurableProperty override="EY_OPSESB_SS_PUBLISH_TOWING_BATCH_IN_01" uri="ey.opsesb.sharedservices.EY_OPSESB_SS_PUBLISH_TOWING_BATCH#EY_OPSESB_SS_PUBLISH_TOWING_BATCH_IN_01.queueName"/>
<ConfigurableProperty uri="ey.opsesb.sharedservices.EY_OPSESB_SS_PUBLISH_TOWING_BATCH#EY_OPSESB_SS_PUBLISH_TOWING_BATCH_IN_01.connection"/>
<ConfigurableProperty uri="ey.opsesb.sharedservices.EY_OPSESB_SS_PUBLISH_TOWING_BATCH#EY_OPSESB_SS_PUBLISH_TOWING_BATCH_IN_01.destinationQueueManagerName"/>
<ConfigurableProperty uri="ey.opsesb.sharedservices.EY_OPSESB_SS_PUBLISH_TOWING_BATCH#EY_OPSESB_SS_PUBLISH_TOWING_BATCH_IN_01.queueManagerHostname"/>
<ConfigurableProperty uri="ey.opsesb.sharedservices.EY_OPSESB_SS_PUBLISH_TOWING_BATCH#EY_OPSESB_SS_PUBLISH_TOWING_BATCH_IN_01.listenerPortNumber"/>
<ConfigurableProperty uri="ey.opsesb.sharedservices.EY_OPSESB_SS_PUBLISH_TOWING_BATCH#EY_OPSESB_SS_PUBLISH_TOWING_BATCH_IN_01.channelName"/>
<ConfigurableProperty uri="ey.opsesb.sharedservices.EY_OPSESB_SS_PUBLISH_TOWING_BATCH#EY_OPSESB_SS_PUBLISH_TOWING_BATCH_IN_01.securityIdentity"/>
<ConfigurableProperty uri="ey.opsesb.sharedservices.EY_OPSESB_SS_PUBLISH_TOWING_BATCH#EY_OPSESB_SS_PUBLISH_TOWING_BATCH_IN_01.useSSL"/>
<ConfigurableProperty uri="ey.opsesb.sharedservices.EY_OPSESB_SS_PUBLISH_TOWING_BATCH#EY_OPSESB_SS_PUBLISH_TOWING_BATCH_IN_01.SSLPeerName"/>
<ConfigurableProperty uri="ey.opsesb.sharedservices.EY_OPSESB_SS_PUBLISH_TOWING_BATCH#EY_OPSESB_SS_PUBLISH_TOWING_BATCH_IN_01.SSLCipherSpec"/>
<ConfigurableProperty uri="ey.opsesb.sharedservices.EY_OPSESB_SS_PUBLISH_TOWING_BATCH#EY_OPSESB_SS_PUBLISH_TOWING_BATCH_IN_01.serializationToken"/>
<ConfigurableProperty uri="ey.opsesb.sharedservices.EY_OPSESB_SS_PUBLISH_TOWING_BATCH#EY_OPSESB_SS_PUBLISH_TOWING_BATCH_IN_01.topicProperty"/>
<ConfigurableProperty uri="ey.opsesb.sharedservices.EY_OPSESB_SS_PUBLISH_TOWING_BATCH#EY_OPSESB_SS_PUBLISH_TOWING_BATCH_IN_01.resetBrowseTimeout"/>
<ConfigurableProperty override="contentAndValue" uri="ey.opsesb.sharedservices.EY_OPSESB_SS_PUBLISH_TOWING_BATCH#EY_OPSESB_SS_PUBLISH_TOWING_BATCH_IN_01.validateMaster"/>
<ConfigurableProperty uri="ey.opsesb.sharedservices.EY_OPSESB_SS_PUBLISH_TOWING_BATCH#EY_OPSESB_SS_PUBLISH_TOWING_BATCH_IN_01.securityProfileName"/>
<ConfigurableProperty uri="ey.opsesb.sharedservices.EY_OPSESB_SS_PUBLISH_TOWING_BATCH#EY_OPSESB_SS_PUBLISH_TOWING_BATCH_IN_01.componentLevel"/>
<ConfigurableProperty uri="ey.opsesb.sharedservices.EY_OPSESB_SS_PUBLISH_TOWING_BATCH#EY_OPSESB_SS_PUBLISH_TOWING_BATCH_IN_01.additionalInstances"/>
<ConfigurableProperty uri="ey.opsesb.sharedservices.EY_OPSESB_SS_PUBLISH_TOWING_BATCH#EY_OPSESB_SS_PUBLISH_TOWING_BATCH_IN_01.policyUrl"/>
<ConfigurableProperty override="contentAndValue" uri="ey.opsesb.sharedservices.EY_OPSESB_SS_PUBLISH_TOWING_BATCH#Validate.validateMaster"/>
<ConfigurableProperty override="Towing Output XML Generated" uri="ey.opsesb.sharedservices.EY_OPSESB_SS_PUBLISH_TOWING_BATCH#CaptureLog.StatusText"/>
<ConfigurableProperty uri="ey.opsesb.sharedservices.EY_OPSESB_SS_PUBLISH_TOWING_BATCH#CaptureLog.IsMsgDetailsRequired"/>
<ConfigurableProperty uri="ey.opsesb.sharedservices.EY_OPSESB_SS_PUBLISH_TOWING_BATCH#CaptureLog.IsPayloadRequired"/>
<ConfigurableProperty uri="ey.opsesb.sharedservices.EY_OPSESB_SS_PUBLISH_TOWING_BATCH#CaptureLog.MsgFormat"/>
<ConfigurableProperty override="O" uri="ey.opsesb.sharedservices.EY_OPSESB_SS_PUBLISH_TOWING_BATCH#CaptureLog.DataDirection"/>
<ConfigurableProperty uri="ey.opsesb.sharedservices.EY_OPSESB_SS_PUBLISH_TOWING_BATCH#CaptureLog.CharacterSet"/>
<ConfigurableProperty uri="ey.opsesb.sharedservices.EY_OPSESB_SS_PUBLISH_TOWING_BATCH#CaptureLog.MessageSizeInMB"/>
<ConfigurableProperty override="1b" uri="ey.opsesb.sharedservices.EY_OPSESB_SS_PUBLISH_TOWING_BATCH#CaptureLog.ProcessStep"/>
<ConfigurableProperty uri="ey.opsesb.sharedservices.EY_OPSESB_SS_PUBLISH_TOWING_BATCH#CaptureLog.IsParentChildRelationRequired"/>
<ConfigurableProperty uri="ey.opsesb.sharedservices.EY_OPSESB_SS_PUBLISH_TOWING_BATCH#CaptureLog.AuditFileRequired"/>
<ConfigurableProperty uri="ey.opsesb.sharedservices.EY_OPSESB_SS_PUBLISH_TOWING_BATCH#CaptureLog.FirstMsg"/>
<ConfigurableProperty override="Towing Output XML shared to Consumer" uri="ey.opsesb.sharedservices.EY_OPSESB_SS_PUBLISH_TOWING_BATCH#CaptureLog1.StatusText"/>
<ConfigurableProperty uri="ey.opsesb.sharedservices.EY_OPSESB_SS_PUBLISH_TOWING_BATCH#CaptureLog1.IsMsgDetailsRequired"/>
<ConfigurableProperty uri="ey.opsesb.sharedservices.EY_OPSESB_SS_PUBLISH_TOWING_BATCH#CaptureLog1.IsPayloadRequired"/>
<ConfigurableProperty uri="ey.opsesb.sharedservices.EY_OPSESB_SS_PUBLISH_TOWING_BATCH#CaptureLog1.MsgFormat"/>
<ConfigurableProperty override="O" uri="ey.opsesb.sharedservices.EY_OPSESB_SS_PUBLISH_TOWING_BATCH#CaptureLog1.DataDirection"/>
<ConfigurableProperty uri="ey.opsesb.sharedservices.EY_OPSESB_SS_PUBLISH_TOWING_BATCH#CaptureLog1.CharacterSet"/>
<ConfigurableProperty uri="ey.opsesb.sharedservices.EY_OPSESB_SS_PUBLISH_TOWING_BATCH#CaptureLog1.MessageSizeInMB"/>
<ConfigurableProperty override="1c" uri="ey.opsesb.sharedservices.EY_OPSESB_SS_PUBLISH_TOWING_BATCH#CaptureLog1.ProcessStep"/>
<ConfigurableProperty uri="ey.opsesb.sharedservices.EY_OPSESB_SS_PUBLISH_TOWING_BATCH#CaptureLog1.IsParentChildRelationRequired"/>
<ConfigurableProperty uri="ey.opsesb.sharedservices.EY_OPSESB_SS_PUBLISH_TOWING_BATCH#CaptureLog1.AuditFileRequired"/>
<ConfigurableProperty uri="ey.opsesb.sharedservices.EY_OPSESB_SS_PUBLISH_TOWING_BATCH#CaptureLog1.FirstMsg"/>
<ConfigurableProperty override="EY_OPSESB_SS_PUBLISH_TOWING_BATCH" uri="ey.opsesb.sharedservices.EY_OPSESB_SS_PUBLISH_TOWING_BATCH#AuditLogger_Batch.InterfaceID"/>
<ConfigurableProperty uri="ey.opsesb.sharedservices.EY_OPSESB_SS_PUBLISH_TOWING_BATCH#AuditLogger_Batch.MsgType"/>
<ConfigurableProperty override="true" uri="ey.opsesb.sharedservices.EY_OPSESB_SS_PUBLISH_TOWING_BATCH#AuditLogger_Batch.IsAuditLogRequired"/>
<ConfigurableProperty uri="ey.opsesb.sharedservices.EY_OPSESB_SS_PUBLISH_TOWING_BATCH#AuditLogger_Batch.IsParentChildRelationRequired"/>
<ConfigurableProperty override="true" uri="ey.opsesb.sharedservices.EY_OPSESB_SS_PUBLISH_TOWING_BATCH#AuditLogger_Batch.IsInprogress"/>
<ConfigurableProperty uri="ey.opsesb.sharedservices.EY_OPSESB_SS_PUBLISH_TOWING_BATCH#AuditLogger_Batch.AuditFileRequired"/>
<ConfigurableProperty uri="ey.opsesb.sharedservices.EY_OPSESB_SS_PUBLISH_TOWING_BATCH#AuditLogger_Batch.CharacterSet"/>
<ConfigurableProperty uri="ey.opsesb.sharedservices.EY_OPSESB_SS_PUBLISH_TOWING_BATCH#AuditLogger_Batch.DataDirection"/>
<ConfigurableProperty uri="ey.opsesb.sharedservices.EY_OPSESB_SS_PUBLISH_TOWING_BATCH#AuditLogger_Batch.MessageSizeInMB"/>
<ConfigurableProperty uri="ey.opsesb.sharedservices.EY_OPSESB_SS_PUBLISH_TOWING_BATCH#AuditLogger_Batch.MsgFormat"/>
<ConfigurableProperty override="true" uri="ey.opsesb.sharedservices.EY_OPSESB_SS_PUBLISH_TOWING_BATCH#AuditLogger_Batch.FirstMsg"/>
<ConfigurableProperty uri="ey.opsesb.sharedservices.EY_OPSESB_SS_PUBLISH_TOWING_BATCH#AuditLogger_Batch.IsMsgDetailsRequired"/>
<ConfigurableProperty uri="ey.opsesb.sharedservices.EY_OPSESB_SS_PUBLISH_TOWING_BATCH#AuditLogger_Batch.IsPayloadRequired"/>
<ConfigurableProperty override="1a" uri="ey.opsesb.sharedservices.EY_OPSESB_SS_PUBLISH_TOWING_BATCH#AuditLogger_Batch.ProcessStep"/>
<ConfigurableProperty override="Batch Request triggered from Cron job" uri="ey.opsesb.sharedservices.EY_OPSESB_SS_PUBLISH_TOWING_BATCH#AuditLogger_Batch.StatusText"/>
<ConfigurableProperty uri="ey.opsesb.sharedservices.EY_OPSESB_SS_PUBLISH_TOWING_BATCH#EY_OPSESB_SS_Towing_SplitRecords.connectDatasourceBeforeFlowStarts"/>
<ConfigurableProperty uri="ey.opsesb.sharedservices.EY_OPSESB_SS_PUBLISH_TOWING_BATCH#EY_OPSESB_SS_Towing_SplitRecords.validateMaster"/>
<ConfigurableProperty uri="ey.opsesb.sharedservices.EY_OPSESB_SS_PUBLISH_TOWING_BATCH#CheckRetry.RetryIntervalInSec"/>
<ConfigurableProperty uri="ey.opsesb.sharedservices.EY_OPSESB_SS_PUBLISH_TOWING_BATCH#CheckRetry.MaxRetryCount"/>
<ConfigurableProperty uri="ey.opsesb.sharedservices.EY_OPSESB_SS_PUBLISH_TOWING_BATCH#CheckRetry.ErrorCodes"/>
<ConfigurableProperty uri="ey.opsesb.sharedservices.EY_OPSESB_SS_PUBLISH_TOWING_BATCH#CheckRetry1.RetryIntervalInSec"/>
<ConfigurableProperty uri="ey.opsesb.sharedservices.EY_OPSESB_SS_PUBLISH_TOWING_BATCH#CheckRetry1.MaxRetryCount"/>
<ConfigurableProperty uri="ey.opsesb.sharedservices.EY_OPSESB_SS_PUBLISH_TOWING_BATCH#CheckRetry1.ErrorCodes"/>
<ConfigurableProperty uri="ey.opsesb.sharedservices.EY_OPSESB_SS_PUBLISH_TOWING_BATCH#ExceptionHandler.ApplicationName"/>
<ConfigurableProperty uri="ey.opsesb.sharedservices.EY_OPSESB_SS_PUBLISH_TOWING_BATCH#ExceptionHandler.ExceptionFileRequired"/>
</CompiledMessageFlow>
</Broker>