<?xml version="1.0" encoding="UTF-8"?><Broker>
<CompiledApplication>
<ConfigurableProperty uri="startMode"/>
</CompiledApplication>
<CompiledMessageFlow name="ey.opsesb.sharedservice.EY_OPSESB_SS_TURNAROUND">
<ConfigurableProperty uri="ey.opsesb.sharedservice.EY_OPSESB_SS_TURNAROUND#additionalInstances"/>
<ConfigurableProperty uri="ey.opsesb.sharedservice.EY_OPSESB_SS_TURNAROUND#notificationThresholdMsgsPerSec"/>
<ConfigurableProperty uri="ey.opsesb.sharedservice.EY_OPSESB_SS_TURNAROUND#maximumRateMsgsPerSec"/>
<ConfigurableProperty uri="ey.opsesb.sharedservice.EY_OPSESB_SS_TURNAROUND#processingTimeoutSec"/>
<ConfigurableProperty uri="ey.opsesb.sharedservice.EY_OPSESB_SS_TURNAROUND#processingTimeoutAction"/>
<ConfigurableProperty uri="ey.opsesb.sharedservice.EY_OPSESB_SS_TURNAROUND#wlmPolicy"/>
<ConfigurableProperty uri="ey.opsesb.sharedservice.EY_OPSESB_SS_TURNAROUND#commitCount"/>
<ConfigurableProperty uri="ey.opsesb.sharedservice.EY_OPSESB_SS_TURNAROUND#commitInterval"/>
<ConfigurableProperty uri="ey.opsesb.sharedservice.EY_OPSESB_SS_TURNAROUND#coordinatedTransaction"/>
<ConfigurableProperty uri="ey.opsesb.sharedservice.EY_OPSESB_SS_TURNAROUND#consumerPolicySet"/>
<ConfigurableProperty uri="ey.opsesb.sharedservice.EY_OPSESB_SS_TURNAROUND#providerPolicySet"/>
<ConfigurableProperty uri="ey.opsesb.sharedservice.EY_OPSESB_SS_TURNAROUND#consumerPolicySetBindings"/>
<ConfigurableProperty uri="ey.opsesb.sharedservice.EY_OPSESB_SS_TURNAROUND#providerPolicySetBindings"/>
<ConfigurableProperty uri="ey.opsesb.sharedservice.EY_OPSESB_SS_TURNAROUND#securityProfileName"/>
<ConfigurableProperty uri="ey.opsesb.sharedservice.EY_OPSESB_SS_TURNAROUND#monitoringProfile"/>
<ConfigurableProperty uri="ey.opsesb.sharedservice.EY_OPSESB_SS_TURNAROUND#startMode"/>
<ConfigurableProperty uri="ey.opsesb.sharedservice.EY_OPSESB_SS_TURNAROUND#startInstancesWhenFlowStarts"/>
<ConfigurableProperty override="ops_ods" uri="ey.opsesb.sharedservice.EY_OPSESB_SS_TURNAROUND#DB_SCHEMA"/>
<ConfigurableProperty override="OPSESB_TST" uri="ey.opsesb.sharedservice.EY_OPSESB_SS_TURNAROUND#DB_NAME"/>
<ConfigurableProperty override="24" uri="ey.opsesb.sharedservice.EY_OPSESB_SS_TURNAROUND#RIGHT_TFRAME"/>
<ConfigurableProperty override="TRUE" uri="ey.opsesb.sharedservice.EY_OPSESB_SS_TURNAROUND#FilterOfLockDownFlights"/>
<ConfigurableProperty override="6" uri="ey.opsesb.sharedservice.EY_OPSESB_SS_TURNAROUND#LEFT_TFRAME"/>
<ConfigurableProperty override="OPSESB_TST" uri="ey.opsesb.sharedservice.EY_OPSESB_SS_TURNAROUND#dataSource"/>
<ConfigurableProperty override="EY_OPSESB_SS_FLIGHTTURNAROUND_AQ_01" uri="ey.opsesb.sharedservice.EY_OPSESB_SS_TURNAROUND#SS_OUTPUT_ALIASQ"/>
<ConfigurableProperty override="EY_OPSESB_SS_TURNAROUND_IN_01" uri="ey.opsesb.sharedservice.EY_OPSESB_SS_TURNAROUND#EY_OPSESB_SS_TURNAROUND_IN_01.queueName"/>
<ConfigurableProperty uri="ey.opsesb.sharedservice.EY_OPSESB_SS_TURNAROUND#EY_OPSESB_SS_TURNAROUND_IN_01.connection"/>
<ConfigurableProperty uri="ey.opsesb.sharedservice.EY_OPSESB_SS_TURNAROUND#EY_OPSESB_SS_TURNAROUND_IN_01.destinationQueueManagerName"/>
<ConfigurableProperty uri="ey.opsesb.sharedservice.EY_OPSESB_SS_TURNAROUND#EY_OPSESB_SS_TURNAROUND_IN_01.queueManagerHostname"/>
<ConfigurableProperty uri="ey.opsesb.sharedservice.EY_OPSESB_SS_TURNAROUND#EY_OPSESB_SS_TURNAROUND_IN_01.listenerPortNumber"/>
<ConfigurableProperty uri="ey.opsesb.sharedservice.EY_OPSESB_SS_TURNAROUND#EY_OPSESB_SS_TURNAROUND_IN_01.channelName"/>
<ConfigurableProperty uri="ey.opsesb.sharedservice.EY_OPSESB_SS_TURNAROUND#EY_OPSESB_SS_TURNAROUND_IN_01.securityIdentity"/>
<ConfigurableProperty uri="ey.opsesb.sharedservice.EY_OPSESB_SS_TURNAROUND#EY_OPSESB_SS_TURNAROUND_IN_01.useSSL"/>
<ConfigurableProperty uri="ey.opsesb.sharedservice.EY_OPSESB_SS_TURNAROUND#EY_OPSESB_SS_TURNAROUND_IN_01.SSLPeerName"/>
<ConfigurableProperty uri="ey.opsesb.sharedservice.EY_OPSESB_SS_TURNAROUND#EY_OPSESB_SS_TURNAROUND_IN_01.SSLCipherSpec"/>
<ConfigurableProperty uri="ey.opsesb.sharedservice.EY_OPSESB_SS_TURNAROUND#EY_OPSESB_SS_TURNAROUND_IN_01.serializationToken"/>
<ConfigurableProperty uri="ey.opsesb.sharedservice.EY_OPSESB_SS_TURNAROUND#EY_OPSESB_SS_TURNAROUND_IN_01.topicProperty"/>
<ConfigurableProperty uri="ey.opsesb.sharedservice.EY_OPSESB_SS_TURNAROUND#EY_OPSESB_SS_TURNAROUND_IN_01.resetBrowseTimeout"/>
<ConfigurableProperty uri="ey.opsesb.sharedservice.EY_OPSESB_SS_TURNAROUND#EY_OPSESB_SS_TURNAROUND_IN_01.validateMaster"/>
<ConfigurableProperty uri="ey.opsesb.sharedservice.EY_OPSESB_SS_TURNAROUND#EY_OPSESB_SS_TURNAROUND_IN_01.securityProfileName"/>
<ConfigurableProperty uri="ey.opsesb.sharedservice.EY_OPSESB_SS_TURNAROUND#EY_OPSESB_SS_TURNAROUND_IN_01.componentLevel"/>
<ConfigurableProperty uri="ey.opsesb.sharedservice.EY_OPSESB_SS_TURNAROUND#EY_OPSESB_SS_TURNAROUND_IN_01.additionalInstances"/>
<ConfigurableProperty uri="ey.opsesb.sharedservice.EY_OPSESB_SS_TURNAROUND#EY_OPSESB_SS_TURNAROUND_IN_01.policyUrl"/>
<ConfigurableProperty override="EY_OPSESB_SS_TURNAROUND" uri="ey.opsesb.sharedservice.EY_OPSESB_SS_TURNAROUND#AuditLogger.InterfaceID"/>
<ConfigurableProperty override="Received Turnaround Activity Notification" uri="ey.opsesb.sharedservice.EY_OPSESB_SS_TURNAROUND#AuditLogger.StatusText"/>
<ConfigurableProperty override="2a" uri="ey.opsesb.sharedservice.EY_OPSESB_SS_TURNAROUND#AuditLogger.ProcessStep"/>
<ConfigurableProperty uri="ey.opsesb.sharedservice.EY_OPSESB_SS_TURNAROUND#AuditLogger.IsMsgDetailsRequired"/>
<ConfigurableProperty uri="ey.opsesb.sharedservice.EY_OPSESB_SS_TURNAROUND#AuditLogger.IsPayloadRequired"/>
<ConfigurableProperty uri="ey.opsesb.sharedservice.EY_OPSESB_SS_TURNAROUND#AuditLogger.MsgFormat"/>
<ConfigurableProperty override="I" uri="ey.opsesb.sharedservice.EY_OPSESB_SS_TURNAROUND#AuditLogger.DataDirection"/>
<ConfigurableProperty uri="ey.opsesb.sharedservice.EY_OPSESB_SS_TURNAROUND#AuditLogger.CharacterSet"/>
<ConfigurableProperty uri="ey.opsesb.sharedservice.EY_OPSESB_SS_TURNAROUND#AuditLogger.MessageSizeInMB"/>
<ConfigurableProperty uri="ey.opsesb.sharedservice.EY_OPSESB_SS_TURNAROUND#AuditLogger.MsgType"/>
<ConfigurableProperty override="true" uri="ey.opsesb.sharedservice.EY_OPSESB_SS_TURNAROUND#AuditLogger.IsAuditLogRequired"/>
<ConfigurableProperty uri="ey.opsesb.sharedservice.EY_OPSESB_SS_TURNAROUND#AuditLogger.IsParentChildRelationRequired"/>
<ConfigurableProperty uri="ey.opsesb.sharedservice.EY_OPSESB_SS_TURNAROUND#AuditLogger.AuditFileRequired"/>
<ConfigurableProperty uri="ey.opsesb.sharedservice.EY_OPSESB_SS_TURNAROUND#EY_OPSESB_SS_Turnaround.connectDatasourceBeforeFlowStarts"/>
<ConfigurableProperty uri="ey.opsesb.sharedservice.EY_OPSESB_SS_TURNAROUND#EY_OPSESB_SS_Turnaround.validateMaster"/>
<ConfigurableProperty uri="ey.opsesb.sharedservice.EY_OPSESB_SS_TURNAROUND#Validate.validateMaster"/>
<ConfigurableProperty uri="ey.opsesb.sharedservice.EY_OPSESB_SS_TURNAROUND#CheckRetry.RetryIntervalInSec"/>
<ConfigurableProperty uri="ey.opsesb.sharedservice.EY_OPSESB_SS_TURNAROUND#CheckRetry.MaxRetryCount"/>
<ConfigurableProperty uri="ey.opsesb.sharedservice.EY_OPSESB_SS_TURNAROUND#CheckRetry.ErrorCodes"/>
<ConfigurableProperty override="Turnaround Activity Message has been generated" uri="ey.opsesb.sharedservice.EY_OPSESB_SS_TURNAROUND#CaptureLog.StatusText"/>
<ConfigurableProperty uri="ey.opsesb.sharedservice.EY_OPSESB_SS_TURNAROUND#CaptureLog.IsMsgDetailsRequired"/>
<ConfigurableProperty uri="ey.opsesb.sharedservice.EY_OPSESB_SS_TURNAROUND#CaptureLog.IsPayloadRequired"/>
<ConfigurableProperty uri="ey.opsesb.sharedservice.EY_OPSESB_SS_TURNAROUND#CaptureLog.MsgFormat"/>
<ConfigurableProperty uri="ey.opsesb.sharedservice.EY_OPSESB_SS_TURNAROUND#CaptureLog.DataDirection"/>
<ConfigurableProperty uri="ey.opsesb.sharedservice.EY_OPSESB_SS_TURNAROUND#CaptureLog.CharacterSet"/>
<ConfigurableProperty uri="ey.opsesb.sharedservice.EY_OPSESB_SS_TURNAROUND#CaptureLog.MessageSizeInMB"/>
<ConfigurableProperty override="2b" uri="ey.opsesb.sharedservice.EY_OPSESB_SS_TURNAROUND#CaptureLog.ProcessStep"/>
<ConfigurableProperty uri="ey.opsesb.sharedservice.EY_OPSESB_SS_TURNAROUND#CaptureLog.IsParentChildRelationRequired"/>
<ConfigurableProperty override="Turnaround Activity Message has been Published to Consumers" uri="ey.opsesb.sharedservice.EY_OPSESB_SS_TURNAROUND#CaptureLog_Topic.StatusText"/>
<ConfigurableProperty uri="ey.opsesb.sharedservice.EY_OPSESB_SS_TURNAROUND#CaptureLog_Topic.IsMsgDetailsRequired"/>
<ConfigurableProperty uri="ey.opsesb.sharedservice.EY_OPSESB_SS_TURNAROUND#CaptureLog_Topic.IsPayloadRequired"/>
<ConfigurableProperty uri="ey.opsesb.sharedservice.EY_OPSESB_SS_TURNAROUND#CaptureLog_Topic.MsgFormat"/>
<ConfigurableProperty uri="ey.opsesb.sharedservice.EY_OPSESB_SS_TURNAROUND#CaptureLog_Topic.DataDirection"/>
<ConfigurableProperty uri="ey.opsesb.sharedservice.EY_OPSESB_SS_TURNAROUND#CaptureLog_Topic.CharacterSet"/>
<ConfigurableProperty uri="ey.opsesb.sharedservice.EY_OPSESB_SS_TURNAROUND#CaptureLog_Topic.MessageSizeInMB"/>
<ConfigurableProperty override="2c" uri="ey.opsesb.sharedservice.EY_OPSESB_SS_TURNAROUND#CaptureLog_Topic.ProcessStep"/>
<ConfigurableProperty uri="ey.opsesb.sharedservice.EY_OPSESB_SS_TURNAROUND#CaptureLog_Topic.IsParentChildRelationRequired"/>
<ConfigurableProperty uri="ey.opsesb.sharedservice.EY_OPSESB_SS_TURNAROUND#PublishTurnaroundData.queueName"/>
<ConfigurableProperty uri="ey.opsesb.sharedservice.EY_OPSESB_SS_TURNAROUND#PublishTurnaroundData.connection"/>
<ConfigurableProperty uri="ey.opsesb.sharedservice.EY_OPSESB_SS_TURNAROUND#PublishTurnaroundData.destinationQueueManagerName"/>
<ConfigurableProperty uri="ey.opsesb.sharedservice.EY_OPSESB_SS_TURNAROUND#PublishTurnaroundData.queueManagerHostname"/>
<ConfigurableProperty uri="ey.opsesb.sharedservice.EY_OPSESB_SS_TURNAROUND#PublishTurnaroundData.listenerPortNumber"/>
<ConfigurableProperty uri="ey.opsesb.sharedservice.EY_OPSESB_SS_TURNAROUND#PublishTurnaroundData.channelName"/>
<ConfigurableProperty uri="ey.opsesb.sharedservice.EY_OPSESB_SS_TURNAROUND#PublishTurnaroundData.securityIdentity"/>
<ConfigurableProperty uri="ey.opsesb.sharedservice.EY_OPSESB_SS_TURNAROUND#PublishTurnaroundData.useSSL"/>
<ConfigurableProperty uri="ey.opsesb.sharedservice.EY_OPSESB_SS_TURNAROUND#PublishTurnaroundData.SSLPeerName"/>
<ConfigurableProperty uri="ey.opsesb.sharedservice.EY_OPSESB_SS_TURNAROUND#PublishTurnaroundData.SSLCipherSpec"/>
<ConfigurableProperty uri="ey.opsesb.sharedservice.EY_OPSESB_SS_TURNAROUND#PublishTurnaroundData.queueManagerName"/>
<ConfigurableProperty uri="ey.opsesb.sharedservice.EY_OPSESB_SS_TURNAROUND#PublishTurnaroundData.replyToQMgr"/>
<ConfigurableProperty uri="ey.opsesb.sharedservice.EY_OPSESB_SS_TURNAROUND#PublishTurnaroundData.replyToQ"/>
<ConfigurableProperty uri="ey.opsesb.sharedservice.EY_OPSESB_SS_TURNAROUND#PublishTurnaroundData.validateMaster"/>
<ConfigurableProperty uri="ey.opsesb.sharedservice.EY_OPSESB_SS_TURNAROUND#PublishTurnaroundData.securityProfileName"/>
<ConfigurableProperty uri="ey.opsesb.sharedservice.EY_OPSESB_SS_TURNAROUND#PublishTurnaroundData.policyUrl"/>
<ConfigurableProperty uri="ey.opsesb.sharedservice.EY_OPSESB_SS_TURNAROUND#PublishTurnaroundData.AddRequestToGroup"/>
<ConfigurableProperty uri="ey.opsesb.sharedservice.EY_OPSESB_SS_TURNAROUND#PublishTurnaroundData.GroupRequestFolderName"/>
<ConfigurableProperty uri="ey.opsesb.sharedservice.EY_OPSESB_SS_TURNAROUND#PublishTurnaroundData.GroupRequestTimeout"/>
</CompiledMessageFlow>
</Broker>