<?xml version="1.0" encoding="UTF-8"?><Broker>
<CompiledApplication>
<ConfigurableProperty uri="startMode"/>
</CompiledApplication>
<CompiledMessageFlow name="gen.EY_OPSESB_SS_FLIGHTSCH_WEBSERVICE_V1">
<ConfigurableProperty override="3" uri="gen.EY_OPSESB_SS_FLIGHTSCH_WEBSERVICE_V1#additionalInstances"/>
<ConfigurableProperty uri="gen.EY_OPSESB_SS_FLIGHTSCH_WEBSERVICE_V1#notificationThresholdMsgsPerSec"/>
<ConfigurableProperty uri="gen.EY_OPSESB_SS_FLIGHTSCH_WEBSERVICE_V1#maximumRateMsgsPerSec"/>
<ConfigurableProperty uri="gen.EY_OPSESB_SS_FLIGHTSCH_WEBSERVICE_V1#processingTimeoutSec"/>
<ConfigurableProperty uri="gen.EY_OPSESB_SS_FLIGHTSCH_WEBSERVICE_V1#processingTimeoutAction"/>
<ConfigurableProperty uri="gen.EY_OPSESB_SS_FLIGHTSCH_WEBSERVICE_V1#wlmPolicy"/>
<ConfigurableProperty uri="gen.EY_OPSESB_SS_FLIGHTSCH_WEBSERVICE_V1#commitCount"/>
<ConfigurableProperty uri="gen.EY_OPSESB_SS_FLIGHTSCH_WEBSERVICE_V1#commitInterval"/>
<ConfigurableProperty uri="gen.EY_OPSESB_SS_FLIGHTSCH_WEBSERVICE_V1#coordinatedTransaction"/>
<ConfigurableProperty uri="gen.EY_OPSESB_SS_FLIGHTSCH_WEBSERVICE_V1#consumerPolicySet"/>
<ConfigurableProperty uri="gen.EY_OPSESB_SS_FLIGHTSCH_WEBSERVICE_V1#providerPolicySet"/>
<ConfigurableProperty uri="gen.EY_OPSESB_SS_FLIGHTSCH_WEBSERVICE_V1#consumerPolicySetBindings"/>
<ConfigurableProperty uri="gen.EY_OPSESB_SS_FLIGHTSCH_WEBSERVICE_V1#providerPolicySetBindings"/>
<ConfigurableProperty uri="gen.EY_OPSESB_SS_FLIGHTSCH_WEBSERVICE_V1#securityProfileName"/>
<ConfigurableProperty uri="gen.EY_OPSESB_SS_FLIGHTSCH_WEBSERVICE_V1#monitoringProfile"/>
<ConfigurableProperty uri="gen.EY_OPSESB_SS_FLIGHTSCH_WEBSERVICE_V1#startMode"/>
<ConfigurableProperty uri="gen.EY_OPSESB_SS_FLIGHTSCH_WEBSERVICE_V1#startInstancesWhenFlowStarts"/>
<ConfigurableProperty override="/v1*" uri="gen.EY_OPSESB_SS_FLIGHTSCH_WEBSERVICE_V1#HTTP Input.URLSpecifier"/>
<ConfigurableProperty uri="gen.EY_OPSESB_SS_FLIGHTSCH_WEBSERVICE_V1#HTTP Input.useHTTPS"/>
<ConfigurableProperty uri="gen.EY_OPSESB_SS_FLIGHTSCH_WEBSERVICE_V1#HTTP Input.decompressInputMessage"/>
<ConfigurableProperty uri="gen.EY_OPSESB_SS_FLIGHTSCH_WEBSERVICE_V1#HTTP Input.timeoutForClient"/>
<ConfigurableProperty override="HTML" uri="gen.EY_OPSESB_SS_FLIGHTSCH_WEBSERVICE_V1#HTTP Input.faultFormat"/>
<ConfigurableProperty uri="gen.EY_OPSESB_SS_FLIGHTSCH_WEBSERVICE_V1#HTTP Input.validateMaster"/>
<ConfigurableProperty uri="gen.EY_OPSESB_SS_FLIGHTSCH_WEBSERVICE_V1#HTTP Input.securityProfileName"/>
<ConfigurableProperty uri="gen.EY_OPSESB_SS_FLIGHTSCH_WEBSERVICE_V1#HTTP Reply.validateMaster"/>
<ConfigurableProperty override="24" uri="gen.EY_OPSESB_SS_FLIGHTSCH_WEBSERVICE_V1#FlightSchedule_WebService.RangeFrom"/>
<ConfigurableProperty override="24" uri="gen.EY_OPSESB_SS_FLIGHTSCH_WEBSERVICE_V1#FlightSchedule_WebService.RangeTo"/>
<ConfigurableProperty override="OPSESB_TST" uri="gen.EY_OPSESB_SS_FLIGHTSCH_WEBSERVICE_V1#FlightSchedule_WebService.DB_Name"/>
<ConfigurableProperty override="ops_ods" uri="gen.EY_OPSESB_SS_FLIGHTSCH_WEBSERVICE_V1#FlightSchedule_WebService.DB_Schema"/>
<ConfigurableProperty override="OPSESB_TST" uri="gen.EY_OPSESB_SS_FLIGHTSCH_WEBSERVICE_V1#FlightSchedule_WebService.dataSource"/>
<ConfigurableProperty override="100" uri="gen.EY_OPSESB_SS_FLIGHTSCH_WEBSERVICE_V1#FlightSchedule_WebService.FlightCount"/>
<ConfigurableProperty override="01:00:00" uri="gen.EY_OPSESB_SS_FLIGHTSCH_WEBSERVICE_V1#FlightSchedule_WebService.timediff"/>
</CompiledMessageFlow>
<CompiledMessageFlow name="FS_WebServiceInputFailureHandler" type="subflow">
<ConfigurableProperty override="EY_OPSESB_SS_FLIGHTSCH_WEBSERVICE" uri="FS_WebServiceInputFailureHandler#AuditLogger.InterfaceID"/>
<ConfigurableProperty override="Received the request" uri="FS_WebServiceInputFailureHandler#AuditLogger.StatusText"/>
<ConfigurableProperty override="1a" uri="FS_WebServiceInputFailureHandler#AuditLogger.ProcessStep"/>
<ConfigurableProperty override="false" uri="FS_WebServiceInputFailureHandler#AuditLogger.IsMsgDetailsRequired"/>
<ConfigurableProperty override="false" uri="FS_WebServiceInputFailureHandler#AuditLogger.IsPayloadRequired"/>
<ConfigurableProperty override="URL" uri="FS_WebServiceInputFailureHandler#AuditLogger.MsgFormat"/>
<ConfigurableProperty override="I" uri="FS_WebServiceInputFailureHandler#AuditLogger.DataDirection"/>
<ConfigurableProperty uri="FS_WebServiceInputFailureHandler#AuditLogger.CharacterSet"/>
<ConfigurableProperty uri="FS_WebServiceInputFailureHandler#AuditLogger.MessageSizeInMB"/>
<ConfigurableProperty uri="FS_WebServiceInputFailureHandler#AuditLogger.MsgType"/>
<ConfigurableProperty uri="FS_WebServiceInputFailureHandler#AuditLogger.IsAuditLogRequired"/>
<ConfigurableProperty uri="FS_WebServiceInputFailureHandler#AuditLogger.IsParentChildRelationRequired"/>
<ConfigurableProperty uri="FS_WebServiceInputFailureHandler#AuditLogger.AuditFileRequired"/>
<ConfigurableProperty uri="FS_WebServiceInputFailureHandler#ErrResponse_Compute.dataSource"/>
<ConfigurableProperty uri="FS_WebServiceInputFailureHandler#ErrResponse_Compute.connectDatasourceBeforeFlowStarts"/>
<ConfigurableProperty uri="FS_WebServiceInputFailureHandler#ErrResponse_Compute.validateMaster"/>
</CompiledMessageFlow>
<CompiledMessageFlow name="FlightSchedule_WebService" type="subflow">
<ConfigurableProperty override="24" uri="FlightSchedule_WebService#RangeFrom"/>
<ConfigurableProperty override="24" uri="FlightSchedule_WebService#RangeTo"/>
<ConfigurableProperty override="OPSESB_TST" uri="FlightSchedule_WebService#DB_Name"/>
<ConfigurableProperty override="ops_ods" uri="FlightSchedule_WebService#DB_Schema"/>
<ConfigurableProperty override="OPSESB_TST" uri="FlightSchedule_WebService#dataSource"/>
<ConfigurableProperty override="100" uri="FlightSchedule_WebService#FlightCount"/>
<ConfigurableProperty override="01:00:00" uri="FlightSchedule_WebService#timediff"/>
<ConfigurableProperty uri="FlightSchedule_WebService#FS_WebService_Response.connectDatasourceBeforeFlowStarts"/>
<ConfigurableProperty uri="FlightSchedule_WebService#FS_WebService_Response.validateMaster"/>
<ConfigurableProperty override="EY_OPSESB_SS_FLIGHTSCH_WEBSERVICE" uri="FlightSchedule_WebService#AuditLogger.InterfaceID"/>
<ConfigurableProperty override="Received the request" uri="FlightSchedule_WebService#AuditLogger.StatusText"/>
<ConfigurableProperty override="1a" uri="FlightSchedule_WebService#AuditLogger.ProcessStep"/>
<ConfigurableProperty uri="FlightSchedule_WebService#AuditLogger.IsMsgDetailsRequired"/>
<ConfigurableProperty uri="FlightSchedule_WebService#AuditLogger.IsPayloadRequired"/>
<ConfigurableProperty override="URL" uri="FlightSchedule_WebService#AuditLogger.MsgFormat"/>
<ConfigurableProperty override="I" uri="FlightSchedule_WebService#AuditLogger.DataDirection"/>
<ConfigurableProperty uri="FlightSchedule_WebService#AuditLogger.CharacterSet"/>
<ConfigurableProperty uri="FlightSchedule_WebService#AuditLogger.MessageSizeInMB"/>
<ConfigurableProperty uri="FlightSchedule_WebService#AuditLogger.MsgType"/>
<ConfigurableProperty override="true" uri="FlightSchedule_WebService#AuditLogger.IsAuditLogRequired"/>
<ConfigurableProperty uri="FlightSchedule_WebService#AuditLogger.IsParentChildRelationRequired"/>
<ConfigurableProperty uri="FlightSchedule_WebService#AuditLogger.AuditFileRequired"/>
<ConfigurableProperty override="Sent the Response" uri="FlightSchedule_WebService#CaptureLog.StatusText"/>
<ConfigurableProperty uri="FlightSchedule_WebService#CaptureLog.IsMsgDetailsRequired"/>
<ConfigurableProperty uri="FlightSchedule_WebService#CaptureLog.IsPayloadRequired"/>
<ConfigurableProperty override="JSON" uri="FlightSchedule_WebService#CaptureLog.MsgFormat"/>
<ConfigurableProperty uri="FlightSchedule_WebService#CaptureLog.DataDirection"/>
<ConfigurableProperty uri="FlightSchedule_WebService#CaptureLog.CharacterSet"/>
<ConfigurableProperty uri="FlightSchedule_WebService#CaptureLog.MessageSizeInMB"/>
<ConfigurableProperty override="1b" uri="FlightSchedule_WebService#CaptureLog.ProcessStep"/>
<ConfigurableProperty uri="FlightSchedule_WebService#CaptureLog.IsParentChildRelationRequired"/>
<ConfigurableProperty uri="FlightSchedule_WebService#Validate.validateMaster"/>
<ConfigurableProperty uri="FlightSchedule_WebService#CheckRetry.RetryIntervalInSec"/>
<ConfigurableProperty uri="FlightSchedule_WebService#CheckRetry.MaxRetryCount"/>
<ConfigurableProperty uri="FlightSchedule_WebService#CheckRetry.ErrorCodes"/>
</CompiledMessageFlow>
<CompiledMessageFlow name="FS_WebServiceInputCatchHandler" type="subflow">
<ConfigurableProperty override="EY_OPSESB_SS_FLIGHTSCH_WEBSERVICE" uri="FS_WebServiceInputCatchHandler#AuditLogger.InterfaceID"/>
<ConfigurableProperty override="Received the request" uri="FS_WebServiceInputCatchHandler#AuditLogger.StatusText"/>
<ConfigurableProperty override="1a" uri="FS_WebServiceInputCatchHandler#AuditLogger.ProcessStep"/>
<ConfigurableProperty override="false" uri="FS_WebServiceInputCatchHandler#AuditLogger.IsMsgDetailsRequired"/>
<ConfigurableProperty override="false" uri="FS_WebServiceInputCatchHandler#AuditLogger.IsPayloadRequired"/>
<ConfigurableProperty override="URL" uri="FS_WebServiceInputCatchHandler#AuditLogger.MsgFormat"/>
<ConfigurableProperty override="I" uri="FS_WebServiceInputCatchHandler#AuditLogger.DataDirection"/>
<ConfigurableProperty uri="FS_WebServiceInputCatchHandler#AuditLogger.CharacterSet"/>
<ConfigurableProperty uri="FS_WebServiceInputCatchHandler#AuditLogger.MessageSizeInMB"/>
<ConfigurableProperty uri="FS_WebServiceInputCatchHandler#AuditLogger.MsgType"/>
<ConfigurableProperty override="true" uri="FS_WebServiceInputCatchHandler#AuditLogger.IsAuditLogRequired"/>
<ConfigurableProperty override="true" uri="FS_WebServiceInputCatchHandler#AuditLogger.IsParentChildRelationRequired"/>
<ConfigurableProperty uri="FS_WebServiceInputCatchHandler#AuditLogger.AuditFileRequired"/>
<ConfigurableProperty uri="FS_WebServiceInputCatchHandler#ErrResponse_Compute.dataSource"/>
<ConfigurableProperty uri="FS_WebServiceInputCatchHandler#ErrResponse_Compute.connectDatasourceBeforeFlowStarts"/>
<ConfigurableProperty uri="FS_WebServiceInputCatchHandler#ErrResponse_Compute.validateMaster"/>
</CompiledMessageFlow>
</Broker>