<?xml version="1.0" encoding="UTF-8"?>
<FlightScheduleRQ Version="1.0" xmlns:xsi="http://www.w3.org/2001/XMLSchema-instance" xsi:noNamespaceSchemaLocation="FlightSchedule_Request_Schema_v1.1.xsd">
        <Header>
            <SourceTrackingId>7e15fd79-16dc-48ee-9754-d99008d7cb47</SourceTrackingId>
            <SourceSystem ShortName="CBCMS_CA">CBCMS_CA</SourceSystem>
            <Timestamp>2020-10-12T12:00:00Z</Timestamp>
			<isGroupIdRequired>Yes</isGroupIdRequired>
        </Header>
        <Body>
            <FlightCriteria>
                <LegIdentifierCriteria>
					<Airline CodeContext="IATA">EY</Airline>
					<DepartureAirport>
						<Code CodeContext="IATA">AUH</Code>
					</DepartureAirport>
                    <OperationTimeCriteria OperationQualifier="OFB" TimeType="SCT">
                        <Between>
                            <RangeFrom>
                                <Offset UnitOfMeasure = "Hours">-12</Offset>
                            </RangeFrom>
                            <RangeTo>
                                <Offset UnitOfMeasure = "Hours">24</Offset>
                            </RangeTo>
                        </Between>
                    </OperationTimeCriteria>
                </LegIdentifierCriteria>
            </FlightCriteria>
			<FlightCriteria>
                <LegIdentifierCriteria>
					<Airline CodeContext="IATA">EY</Airline>
					<ArrivalAirport>
						<Code CodeContext="IATA">AUH</Code>
					</ArrivalAirport>
                    <OperationTimeCriteria OperationQualifier="INB" TimeType="SCT">
                        <Between>
                            <RangeFrom>
                                <Offset UnitOfMeasure = "Hours">-12</Offset>
                            </RangeFrom>
                            <RangeTo>
                                <Offset UnitOfMeasure = "Hours">24</Offset>
                            </RangeTo>
                        </Between>
                    </OperationTimeCriteria>
                </LegIdentifierCriteria>
            </FlightCriteria>
        </Body>
</FlightScheduleRQ>
