<?xml version="1.0" encoding="UTF-8"?>
<FlightScheduleRQ Version="1.0" xmlns:xsi="http://www.w3.org/2001/XMLSchema-instance" xsi:noNamespaceSchemaLocation="FlightSchedule_Request_Schema_v1.1.xsd">
        <Header>
		<SourceTrackingId>7e15fd79-16dc-48ee-9754-d99008d7cb47</SourceTrackingId>
		<SourceSystem ShortName="GRDPLUS_CA">GRDPLUS_CA</SourceSystem>
		<Timestamp>2020-10-12T12:00:00Z</Timestamp>
	</Header>
	<Body>
		<FlightCriteria>
			<LegIdentifierCriteria>
				<DepartureAirport>
					<Code CodeContext="IATA">AUH</Code>
				</DepartureAirport>
				<ServiceType>All</ServiceType>
				<OperationTimeCriteria OperationQualifier="OFB" TimeType="BKT">
					<Between>
						<RangeFrom>
							<Offset UnitOfMeasure="Hours">-24</Offset>
						</RangeFrom>
						<RangeTo>
							<Offset UnitOfMeasure="Hours">48</Offset>
						</RangeTo>
					</Between>
				</OperationTimeCriteria>
			</LegIdentifierCriteria>
		</FlightCriteria>
		<FlightCriteria>
			<LegIdentifierCriteria>
				<ArrivalAirport>
					<Code CodeContext="IATA">AUH</Code>
				</ArrivalAirport>
				<ServiceType>All</ServiceType>
				<OperationTimeCriteria OperationQualifier="INB" TimeType="BKT">
					<Between>
						<RangeFrom>
							<Offset UnitOfMeasure="Hours">-24</Offset>
						</RangeFrom>
						<RangeTo>
							<Offset UnitOfMeasure="Hours">48</Offset>
						</RangeTo>
					</Between>
				</OperationTimeCriteria>
			</LegIdentifierCriteria>
		</FlightCriteria>
	</Body>
</FlightScheduleRQ>