<?xml version="1.0" encoding="UTF-8"?>
<PaxTransferMatrixRQ xmlns:xsi="http://www.w3.org/2001/XMLSchema-instance" xsi:noNamespaceSchemaLocation="PaxTransferMatrix_Request_Schema_v1.0.xsd">
	<Header>
		<SourceTrackingId>b0541bf8-99b6-11ea-8665-0aa1007a</SourceTrackingId>
		<SourceSystem ShortName="OPSESB">OPSESB</SourceSystem>
		<Timestamp>2020-05-24T12:00:00</Timestamp>
		<DestinationQueue>EY_A_OPSESB_SS_PAXTRMX_BATCH_FPAX_NEOCA</DestinationQueue>
	</Header>
	<Body>
		<FlightCriteria>
			<LegIdentifierCriteria>
				<AirlineIATA Action="Include">EY</AirlineIATA>
				<OperationTimeCriteria OperationQualifier="OFB" TimeType="BKT">
					<Between>
						<RangeFrom>
							<Offset UnitOfMeasure="Hours">24</Offset>
						</RangeFrom>
						<RangeTo>
							<Offset UnitOfMeasure="Hours">48</Offset>
						</RangeTo>
					</Between>
				</OperationTimeCriteria>
			</LegIdentifierCriteria>
		</FlightCriteria>
	</Body>
</PaxTransferMatrixRQ>