<?xml version="1.0" encoding="UTF-8"?>
<BookedPaxLoadRQ xmlns:xsi="http://www.w3.org/2001/XMLSchema-instance" xsi:noNamespaceSchemaLocation="BookedPaxLoad_Request_Schema_v1.0.xsd">	
	<Header>
		<SourceTrackingId>150d89b2-999e-11ea-8f9c-0adf7e590000</SourceTrackingId>
		<SourceSystem ShortName="OPSESB">OPSESB</SourceSystem>
		<Timestamp>2020-05-19T12:00:00</Timestamp>
		<DestinationQueue>EY_A_OPSESB_RMS_BOOKPAXLOAD_01</DestinationQueue>
	</Header>
	<Body>
		<FlightCriteria>
			<LegIdentifierCriteria>		
				<OperationTimeCriteria OperationQualifier="OFB" TimeType="BKT">
					<Between>
					<RangeFrom>
					<Offset UnitOfMeasure = "Hours">0</Offset>
					</RangeFrom>
					<RangeTo>
					<Offset UnitOfMeasure = "Hours">48</Offset>
					</RangeTo>
					</Between>
				</OperationTimeCriteria>
			</LegIdentifierCriteria>
		</FlightCriteria>
	</Body>
</BookedPaxLoadRQ>
