<?xml version="1.0" encoding="UTF-8"?>
<PublishTowingRQ xmlns:xsi="http://www.w3.org/2001/XMLSchema-instance" Version="1" xsi:noNamespaceSchemaLocation="PublishTowing_Request_Schema_v1.0.xsd">
	<Header>
		<SourceTrackingId>368bbbf8-7a69-11ea-b309-0adf7e590000</SourceTrackingId>
		<SourceSystem ShortName="OPSESB">OPSESB</SourceSystem>
		<Timestamp>2020-06-29T09:30:47Z</Timestamp>
		<DestinationQueue>EY_A_OPSESB_RMS_TOWING_BATCH_01</DestinationQueue>
	</Header>
	<Body>
		<TowingCriteria>
			<Tow>
				<PlannedStartTime>
					<Between>
					<WindowStartTime>
					<Offset UnitOfMeasure="Hours">72</Offset>
					</WindowStartTime>
					<WindowEndTime>
					<Offset UnitOfMeasure="Hours">96</Offset>
					</WindowEndTime>
					</Between>
				</PlannedStartTime>
			</Tow>
		</TowingCriteria>
	</Body>
</PublishTowingRQ>
