<?xml version="1.0" encoding="UTF-8"?>
<ActualLoad Version="1.0" xmlns:xsi="http://www.w3.org/2001/XMLSchema-instance" xsi:noNamespaceSchemaLocation="ActualLoad_Schema_v1.0.xsd">
  <Header>
    <SourceTrackingId>SourceTrackingId</SourceTrackingId>
    <SourceSystem>OPSESB</SourceSystem>
    <Timestamp>2001-12-31T12:00:00</Timestamp>
  </Header>
  <Body>
    <FlightLeg>
      <LegIdentifier IdentifierContext="HUB">
        <SystemUniqueIdentifier SourceSystem="">SystemUniqueIdentifier</SystemUniqueIdentifier>
        <Airline CodeContext="IATA">Airline</Airline>
        <FlightNumber>FlightNumber</FlightNumber>
        <DepartureAirport CodeContext="IATA">DepartureAirport</DepartureAirport>
        <ArrivalAirport CodeContext="IATA">ArrivalAirport</ArrivalAirport>
        <ScheduledOperationTime OperationTimeType="SOBT">2001-12-31T12:00:00</ScheduledOperationTime>
      </LegIdentifier>
      <LegData/>
    </FlightLeg>
  </Body>
</ActualLoad>
