<?xml version="1.0" encoding="UTF-8"?><Broker>
<CompiledApplication>
<ConfigurableProperty uri="startMode"/>
</CompiledApplication>
<CompiledMessageFlow name="ey.opsesb.sharedservice.EY_OPSESB_SS_ACTUALLOAD">
<ConfigurableProperty uri="ey.opsesb.sharedservice.EY_OPSESB_SS_ACTUALLOAD#additionalInstances"/>
<ConfigurableProperty uri="ey.opsesb.sharedservice.EY_OPSESB_SS_ACTUALLOAD#notificationThresholdMsgsPerSec"/>
<ConfigurableProperty uri="ey.opsesb.sharedservice.EY_OPSESB_SS_ACTUALLOAD#maximumRateMsgsPerSec"/>
<ConfigurableProperty uri="ey.opsesb.sharedservice.EY_OPSESB_SS_ACTUALLOAD#processingTimeoutSec"/>
<ConfigurableProperty uri="ey.opsesb.sharedservice.EY_OPSESB_SS_ACTUALLOAD#processingTimeoutAction"/>
<ConfigurableProperty uri="ey.opsesb.sharedservice.EY_OPSESB_SS_ACTUALLOAD#wlmPolicy"/>
<ConfigurableProperty uri="ey.opsesb.sharedservice.EY_OPSESB_SS_ACTUALLOAD#commitCount"/>
<ConfigurableProperty uri="ey.opsesb.sharedservice.EY_OPSESB_SS_ACTUALLOAD#commitInterval"/>
<ConfigurableProperty uri="ey.opsesb.sharedservice.EY_OPSESB_SS_ACTUALLOAD#coordinatedTransaction"/>
<ConfigurableProperty uri="ey.opsesb.sharedservice.EY_OPSESB_SS_ACTUALLOAD#consumerPolicySet"/>
<ConfigurableProperty uri="ey.opsesb.sharedservice.EY_OPSESB_SS_ACTUALLOAD#providerPolicySet"/>
<ConfigurableProperty uri="ey.opsesb.sharedservice.EY_OPSESB_SS_ACTUALLOAD#consumerPolicySetBindings"/>
<ConfigurableProperty uri="ey.opsesb.sharedservice.EY_OPSESB_SS_ACTUALLOAD#providerPolicySetBindings"/>
<ConfigurableProperty uri="ey.opsesb.sharedservice.EY_OPSESB_SS_ACTUALLOAD#securityProfileName"/>
<ConfigurableProperty uri="ey.opsesb.sharedservice.EY_OPSESB_SS_ACTUALLOAD#monitoringProfile"/>
<ConfigurableProperty uri="ey.opsesb.sharedservice.EY_OPSESB_SS_ACTUALLOAD#startMode"/>
<ConfigurableProperty uri="ey.opsesb.sharedservice.EY_OPSESB_SS_ACTUALLOAD#startInstancesWhenFlowStarts"/>
<ConfigurableProperty override="ops_ods" uri="ey.opsesb.sharedservice.EY_OPSESB_SS_ACTUALLOAD#DB_Schema"/>
<ConfigurableProperty override="OPSESB_TST" uri="ey.opsesb.sharedservice.EY_OPSESB_SS_ACTUALLOAD#DB_Name"/>
<ConfigurableProperty override="72" uri="ey.opsesb.sharedservice.EY_OPSESB_SS_ACTUALLOAD#RIGHT_TFRAME"/>
<ConfigurableProperty override="EY_OPSESB_SS_ACTUALLOAD_PAX_IN_01" uri="ey.opsesb.sharedservice.EY_OPSESB_SS_ACTUALLOAD#INPAX_Queue"/>
<ConfigurableProperty override="EY_OPSESB_SS_ACTUALLOAD_BAG_IN_01" uri="ey.opsesb.sharedservice.EY_OPSESB_SS_ACTUALLOAD#INBAG_Queue"/>
<ConfigurableProperty override="EY_OPSESB_SS_ACTUALLOAD_PAX_AQ_01" uri="ey.opsesb.sharedservice.EY_OPSESB_SS_ACTUALLOAD#OUTPAXQueue_Topic"/>
<ConfigurableProperty override="EY_OPSESB_SS_ACTUALLOAD_BAG_AQ_01" uri="ey.opsesb.sharedservice.EY_OPSESB_SS_ACTUALLOAD#OUTBAGQueue_Topic"/>
<ConfigurableProperty override="OPSESB_TST" uri="ey.opsesb.sharedservice.EY_OPSESB_SS_ACTUALLOAD#dataSource"/>
<ConfigurableProperty override="True" uri="ey.opsesb.sharedservice.EY_OPSESB_SS_ACTUALLOAD#FilterOfLockDownFlights"/>
<ConfigurableProperty override="EY_OPSESB_SS_ACTUALLOAD_PAX_IN_01" uri="ey.opsesb.sharedservice.EY_OPSESB_SS_ACTUALLOAD#EY_OPSESB_SS_ACTUALLOAD_PAX_IN_01.queueName"/>
<ConfigurableProperty uri="ey.opsesb.sharedservice.EY_OPSESB_SS_ACTUALLOAD#EY_OPSESB_SS_ACTUALLOAD_PAX_IN_01.connection"/>
<ConfigurableProperty uri="ey.opsesb.sharedservice.EY_OPSESB_SS_ACTUALLOAD#EY_OPSESB_SS_ACTUALLOAD_PAX_IN_01.destinationQueueManagerName"/>
<ConfigurableProperty uri="ey.opsesb.sharedservice.EY_OPSESB_SS_ACTUALLOAD#EY_OPSESB_SS_ACTUALLOAD_PAX_IN_01.queueManagerHostname"/>
<ConfigurableProperty uri="ey.opsesb.sharedservice.EY_OPSESB_SS_ACTUALLOAD#EY_OPSESB_SS_ACTUALLOAD_PAX_IN_01.listenerPortNumber"/>
<ConfigurableProperty uri="ey.opsesb.sharedservice.EY_OPSESB_SS_ACTUALLOAD#EY_OPSESB_SS_ACTUALLOAD_PAX_IN_01.channelName"/>
<ConfigurableProperty uri="ey.opsesb.sharedservice.EY_OPSESB_SS_ACTUALLOAD#EY_OPSESB_SS_ACTUALLOAD_PAX_IN_01.securityIdentity"/>
<ConfigurableProperty uri="ey.opsesb.sharedservice.EY_OPSESB_SS_ACTUALLOAD#EY_OPSESB_SS_ACTUALLOAD_PAX_IN_01.useSSL"/>
<ConfigurableProperty uri="ey.opsesb.sharedservice.EY_OPSESB_SS_ACTUALLOAD#EY_OPSESB_SS_ACTUALLOAD_PAX_IN_01.SSLPeerName"/>
<ConfigurableProperty uri="ey.opsesb.sharedservice.EY_OPSESB_SS_ACTUALLOAD#EY_OPSESB_SS_ACTUALLOAD_PAX_IN_01.SSLCipherSpec"/>
<ConfigurableProperty uri="ey.opsesb.sharedservice.EY_OPSESB_SS_ACTUALLOAD#EY_OPSESB_SS_ACTUALLOAD_PAX_IN_01.serializationToken"/>
<ConfigurableProperty uri="ey.opsesb.sharedservice.EY_OPSESB_SS_ACTUALLOAD#EY_OPSESB_SS_ACTUALLOAD_PAX_IN_01.topicProperty"/>
<ConfigurableProperty uri="ey.opsesb.sharedservice.EY_OPSESB_SS_ACTUALLOAD#EY_OPSESB_SS_ACTUALLOAD_PAX_IN_01.resetBrowseTimeout"/>
<ConfigurableProperty uri="ey.opsesb.sharedservice.EY_OPSESB_SS_ACTUALLOAD#EY_OPSESB_SS_ACTUALLOAD_PAX_IN_01.validateMaster"/>
<ConfigurableProperty uri="ey.opsesb.sharedservice.EY_OPSESB_SS_ACTUALLOAD#EY_OPSESB_SS_ACTUALLOAD_PAX_IN_01.securityProfileName"/>
<ConfigurableProperty uri="ey.opsesb.sharedservice.EY_OPSESB_SS_ACTUALLOAD#EY_OPSESB_SS_ACTUALLOAD_PAX_IN_01.componentLevel"/>
<ConfigurableProperty uri="ey.opsesb.sharedservice.EY_OPSESB_SS_ACTUALLOAD#EY_OPSESB_SS_ACTUALLOAD_PAX_IN_01.additionalInstances"/>
<ConfigurableProperty uri="ey.opsesb.sharedservice.EY_OPSESB_SS_ACTUALLOAD#EY_OPSESB_SS_ACTUALLOAD_PAX_IN_01.policyUrl"/>
<ConfigurableProperty uri="ey.opsesb.sharedservice.EY_OPSESB_SS_ACTUALLOAD#MQOutput.queueName"/>
<ConfigurableProperty uri="ey.opsesb.sharedservice.EY_OPSESB_SS_ACTUALLOAD#MQOutput.connection"/>
<ConfigurableProperty uri="ey.opsesb.sharedservice.EY_OPSESB_SS_ACTUALLOAD#MQOutput.destinationQueueManagerName"/>
<ConfigurableProperty uri="ey.opsesb.sharedservice.EY_OPSESB_SS_ACTUALLOAD#MQOutput.queueManagerHostname"/>
<ConfigurableProperty uri="ey.opsesb.sharedservice.EY_OPSESB_SS_ACTUALLOAD#MQOutput.listenerPortNumber"/>
<ConfigurableProperty uri="ey.opsesb.sharedservice.EY_OPSESB_SS_ACTUALLOAD#MQOutput.channelName"/>
<ConfigurableProperty uri="ey.opsesb.sharedservice.EY_OPSESB_SS_ACTUALLOAD#MQOutput.securityIdentity"/>
<ConfigurableProperty uri="ey.opsesb.sharedservice.EY_OPSESB_SS_ACTUALLOAD#MQOutput.useSSL"/>
<ConfigurableProperty uri="ey.opsesb.sharedservice.EY_OPSESB_SS_ACTUALLOAD#MQOutput.SSLPeerName"/>
<ConfigurableProperty uri="ey.opsesb.sharedservice.EY_OPSESB_SS_ACTUALLOAD#MQOutput.SSLCipherSpec"/>
<ConfigurableProperty uri="ey.opsesb.sharedservice.EY_OPSESB_SS_ACTUALLOAD#MQOutput.queueManagerName"/>
<ConfigurableProperty uri="ey.opsesb.sharedservice.EY_OPSESB_SS_ACTUALLOAD#MQOutput.replyToQMgr"/>
<ConfigurableProperty uri="ey.opsesb.sharedservice.EY_OPSESB_SS_ACTUALLOAD#MQOutput.replyToQ"/>
<ConfigurableProperty uri="ey.opsesb.sharedservice.EY_OPSESB_SS_ACTUALLOAD#MQOutput.validateMaster"/>
<ConfigurableProperty uri="ey.opsesb.sharedservice.EY_OPSESB_SS_ACTUALLOAD#MQOutput.securityProfileName"/>
<ConfigurableProperty uri="ey.opsesb.sharedservice.EY_OPSESB_SS_ACTUALLOAD#MQOutput.policyUrl"/>
<ConfigurableProperty uri="ey.opsesb.sharedservice.EY_OPSESB_SS_ACTUALLOAD#MQOutput.AddRequestToGroup"/>
<ConfigurableProperty uri="ey.opsesb.sharedservice.EY_OPSESB_SS_ACTUALLOAD#MQOutput.GroupRequestFolderName"/>
<ConfigurableProperty uri="ey.opsesb.sharedservice.EY_OPSESB_SS_ACTUALLOAD#MQOutput.GroupRequestTimeout"/>
<ConfigurableProperty override="EY_OPSESB_SS_ACTUALLOAD_BAG_IN_01" uri="ey.opsesb.sharedservice.EY_OPSESB_SS_ACTUALLOAD#EY_OPSESB_SS_ACTUALLOAD_BAG_IN_01.queueName"/>
<ConfigurableProperty uri="ey.opsesb.sharedservice.EY_OPSESB_SS_ACTUALLOAD#EY_OPSESB_SS_ACTUALLOAD_BAG_IN_01.connection"/>
<ConfigurableProperty uri="ey.opsesb.sharedservice.EY_OPSESB_SS_ACTUALLOAD#EY_OPSESB_SS_ACTUALLOAD_BAG_IN_01.destinationQueueManagerName"/>
<ConfigurableProperty uri="ey.opsesb.sharedservice.EY_OPSESB_SS_ACTUALLOAD#EY_OPSESB_SS_ACTUALLOAD_BAG_IN_01.queueManagerHostname"/>
<ConfigurableProperty uri="ey.opsesb.sharedservice.EY_OPSESB_SS_ACTUALLOAD#EY_OPSESB_SS_ACTUALLOAD_BAG_IN_01.listenerPortNumber"/>
<ConfigurableProperty uri="ey.opsesb.sharedservice.EY_OPSESB_SS_ACTUALLOAD#EY_OPSESB_SS_ACTUALLOAD_BAG_IN_01.channelName"/>
<ConfigurableProperty uri="ey.opsesb.sharedservice.EY_OPSESB_SS_ACTUALLOAD#EY_OPSESB_SS_ACTUALLOAD_BAG_IN_01.securityIdentity"/>
<ConfigurableProperty uri="ey.opsesb.sharedservice.EY_OPSESB_SS_ACTUALLOAD#EY_OPSESB_SS_ACTUALLOAD_BAG_IN_01.useSSL"/>
<ConfigurableProperty uri="ey.opsesb.sharedservice.EY_OPSESB_SS_ACTUALLOAD#EY_OPSESB_SS_ACTUALLOAD_BAG_IN_01.SSLPeerName"/>
<ConfigurableProperty uri="ey.opsesb.sharedservice.EY_OPSESB_SS_ACTUALLOAD#EY_OPSESB_SS_ACTUALLOAD_BAG_IN_01.SSLCipherSpec"/>
<ConfigurableProperty uri="ey.opsesb.sharedservice.EY_OPSESB_SS_ACTUALLOAD#EY_OPSESB_SS_ACTUALLOAD_BAG_IN_01.serializationToken"/>
<ConfigurableProperty uri="ey.opsesb.sharedservice.EY_OPSESB_SS_ACTUALLOAD#EY_OPSESB_SS_ACTUALLOAD_BAG_IN_01.topicProperty"/>
<ConfigurableProperty uri="ey.opsesb.sharedservice.EY_OPSESB_SS_ACTUALLOAD#EY_OPSESB_SS_ACTUALLOAD_BAG_IN_01.resetBrowseTimeout"/>
<ConfigurableProperty uri="ey.opsesb.sharedservice.EY_OPSESB_SS_ACTUALLOAD#EY_OPSESB_SS_ACTUALLOAD_BAG_IN_01.validateMaster"/>
<ConfigurableProperty uri="ey.opsesb.sharedservice.EY_OPSESB_SS_ACTUALLOAD#EY_OPSESB_SS_ACTUALLOAD_BAG_IN_01.securityProfileName"/>
<ConfigurableProperty uri="ey.opsesb.sharedservice.EY_OPSESB_SS_ACTUALLOAD#EY_OPSESB_SS_ACTUALLOAD_BAG_IN_01.componentLevel"/>
<ConfigurableProperty uri="ey.opsesb.sharedservice.EY_OPSESB_SS_ACTUALLOAD#EY_OPSESB_SS_ACTUALLOAD_BAG_IN_01.additionalInstances"/>
<ConfigurableProperty uri="ey.opsesb.sharedservice.EY_OPSESB_SS_ACTUALLOAD#EY_OPSESB_SS_ACTUALLOAD_BAG_IN_01.policyUrl"/>
<ConfigurableProperty override="EY_OPSESB_SS_ACTUALLOAD_V1" uri="ey.opsesb.sharedservice.EY_OPSESB_SS_ACTUALLOAD#AuditLogger.InterfaceID"/>
<ConfigurableProperty override="Notification is Received From Topic" uri="ey.opsesb.sharedservice.EY_OPSESB_SS_ACTUALLOAD#AuditLogger.StatusText"/>
<ConfigurableProperty override="2a" uri="ey.opsesb.sharedservice.EY_OPSESB_SS_ACTUALLOAD#AuditLogger.ProcessStep"/>
<ConfigurableProperty uri="ey.opsesb.sharedservice.EY_OPSESB_SS_ACTUALLOAD#AuditLogger.IsMsgDetailsRequired"/>
<ConfigurableProperty uri="ey.opsesb.sharedservice.EY_OPSESB_SS_ACTUALLOAD#AuditLogger.IsPayloadRequired"/>
<ConfigurableProperty uri="ey.opsesb.sharedservice.EY_OPSESB_SS_ACTUALLOAD#AuditLogger.MsgFormat"/>
<ConfigurableProperty override="I" uri="ey.opsesb.sharedservice.EY_OPSESB_SS_ACTUALLOAD#AuditLogger.DataDirection"/>
<ConfigurableProperty uri="ey.opsesb.sharedservice.EY_OPSESB_SS_ACTUALLOAD#AuditLogger.CharacterSet"/>
<ConfigurableProperty uri="ey.opsesb.sharedservice.EY_OPSESB_SS_ACTUALLOAD#AuditLogger.MessageSizeInMB"/>
<ConfigurableProperty uri="ey.opsesb.sharedservice.EY_OPSESB_SS_ACTUALLOAD#AuditLogger.MsgType"/>
<ConfigurableProperty override="true" uri="ey.opsesb.sharedservice.EY_OPSESB_SS_ACTUALLOAD#AuditLogger.IsAuditLogRequired"/>
<ConfigurableProperty uri="ey.opsesb.sharedservice.EY_OPSESB_SS_ACTUALLOAD#AuditLogger.IsParentChildRelationRequired"/>
<ConfigurableProperty uri="ey.opsesb.sharedservice.EY_OPSESB_SS_ACTUALLOAD#AuditLogger.AuditFileRequired"/>
<ConfigurableProperty override="Actual Load Output Message is generated" uri="ey.opsesb.sharedservice.EY_OPSESB_SS_ACTUALLOAD#CaptureLog.StatusText"/>
<ConfigurableProperty uri="ey.opsesb.sharedservice.EY_OPSESB_SS_ACTUALLOAD#CaptureLog.IsMsgDetailsRequired"/>
<ConfigurableProperty uri="ey.opsesb.sharedservice.EY_OPSESB_SS_ACTUALLOAD#CaptureLog.IsPayloadRequired"/>
<ConfigurableProperty uri="ey.opsesb.sharedservice.EY_OPSESB_SS_ACTUALLOAD#CaptureLog.MsgFormat"/>
<ConfigurableProperty uri="ey.opsesb.sharedservice.EY_OPSESB_SS_ACTUALLOAD#CaptureLog.DataDirection"/>
<ConfigurableProperty uri="ey.opsesb.sharedservice.EY_OPSESB_SS_ACTUALLOAD#CaptureLog.CharacterSet"/>
<ConfigurableProperty uri="ey.opsesb.sharedservice.EY_OPSESB_SS_ACTUALLOAD#CaptureLog.MessageSizeInMB"/>
<ConfigurableProperty override="2b" uri="ey.opsesb.sharedservice.EY_OPSESB_SS_ACTUALLOAD#CaptureLog.ProcessStep"/>
<ConfigurableProperty uri="ey.opsesb.sharedservice.EY_OPSESB_SS_ACTUALLOAD#CaptureLog.IsParentChildRelationRequired"/>
<ConfigurableProperty uri="ey.opsesb.sharedservice.EY_OPSESB_SS_ACTUALLOAD#EY_OPSESB_SS_ActualLoad.connectDatasourceBeforeFlowStarts"/>
<ConfigurableProperty uri="ey.opsesb.sharedservice.EY_OPSESB_SS_ACTUALLOAD#EY_OPSESB_SS_ActualLoad.validateMaster"/>
<ConfigurableProperty override="contentAndValue" uri="ey.opsesb.sharedservice.EY_OPSESB_SS_ACTUALLOAD#Validate.validateMaster"/>
<ConfigurableProperty override="Message Posted To respective Consumer  SSFLIGHTACTUALPAXLOAD/SSFLIGHTACTUALBAGLOAD Topic" uri="ey.opsesb.sharedservice.EY_OPSESB_SS_ACTUALLOAD#CaptureLog1.StatusText"/>
<ConfigurableProperty uri="ey.opsesb.sharedservice.EY_OPSESB_SS_ACTUALLOAD#CaptureLog1.IsMsgDetailsRequired"/>
<ConfigurableProperty uri="ey.opsesb.sharedservice.EY_OPSESB_SS_ACTUALLOAD#CaptureLog1.IsPayloadRequired"/>
<ConfigurableProperty uri="ey.opsesb.sharedservice.EY_OPSESB_SS_ACTUALLOAD#CaptureLog1.MsgFormat"/>
<ConfigurableProperty uri="ey.opsesb.sharedservice.EY_OPSESB_SS_ACTUALLOAD#CaptureLog1.DataDirection"/>
<ConfigurableProperty uri="ey.opsesb.sharedservice.EY_OPSESB_SS_ACTUALLOAD#CaptureLog1.CharacterSet"/>
<ConfigurableProperty uri="ey.opsesb.sharedservice.EY_OPSESB_SS_ACTUALLOAD#CaptureLog1.MessageSizeInMB"/>
<ConfigurableProperty override="2c" uri="ey.opsesb.sharedservice.EY_OPSESB_SS_ACTUALLOAD#CaptureLog1.ProcessStep"/>
<ConfigurableProperty uri="ey.opsesb.sharedservice.EY_OPSESB_SS_ACTUALLOAD#CaptureLog1.IsParentChildRelationRequired"/>
<ConfigurableProperty uri="ey.opsesb.sharedservice.EY_OPSESB_SS_ACTUALLOAD#CheckRetry.RetryIntervalInSec"/>
<ConfigurableProperty uri="ey.opsesb.sharedservice.EY_OPSESB_SS_ACTUALLOAD#CheckRetry.MaxRetryCount"/>
<ConfigurableProperty uri="ey.opsesb.sharedservice.EY_OPSESB_SS_ACTUALLOAD#CheckRetry.ErrorCodes"/>
</CompiledMessageFlow>
</Broker>