<?xml version="1.0" encoding="UTF-8"?><Broker>
<CompiledApplication>
<ConfigurableProperty uri="startMode"/>
</CompiledApplication>
<CompiledMessageFlow name="ey.opsesb.neo.EY_OPSESB_NEO_ODS_AIDX_V1">
<ConfigurableProperty uri="ey.opsesb.neo.EY_OPSESB_NEO_ODS_AIDX_V1#additionalInstances"/>
<ConfigurableProperty uri="ey.opsesb.neo.EY_OPSESB_NEO_ODS_AIDX_V1#notificationThresholdMsgsPerSec"/>
<ConfigurableProperty uri="ey.opsesb.neo.EY_OPSESB_NEO_ODS_AIDX_V1#maximumRateMsgsPerSec"/>
<ConfigurableProperty uri="ey.opsesb.neo.EY_OPSESB_NEO_ODS_AIDX_V1#processingTimeoutSec"/>
<ConfigurableProperty uri="ey.opsesb.neo.EY_OPSESB_NEO_ODS_AIDX_V1#processingTimeoutAction"/>
<ConfigurableProperty uri="ey.opsesb.neo.EY_OPSESB_NEO_ODS_AIDX_V1#wlmPolicy"/>
<ConfigurableProperty uri="ey.opsesb.neo.EY_OPSESB_NEO_ODS_AIDX_V1#commitCount"/>
<ConfigurableProperty uri="ey.opsesb.neo.EY_OPSESB_NEO_ODS_AIDX_V1#commitInterval"/>
<ConfigurableProperty uri="ey.opsesb.neo.EY_OPSESB_NEO_ODS_AIDX_V1#coordinatedTransaction"/>
<ConfigurableProperty uri="ey.opsesb.neo.EY_OPSESB_NEO_ODS_AIDX_V1#consumerPolicySet"/>
<ConfigurableProperty uri="ey.opsesb.neo.EY_OPSESB_NEO_ODS_AIDX_V1#providerPolicySet"/>
<ConfigurableProperty uri="ey.opsesb.neo.EY_OPSESB_NEO_ODS_AIDX_V1#consumerPolicySetBindings"/>
<ConfigurableProperty uri="ey.opsesb.neo.EY_OPSESB_NEO_ODS_AIDX_V1#providerPolicySetBindings"/>
<ConfigurableProperty uri="ey.opsesb.neo.EY_OPSESB_NEO_ODS_AIDX_V1#securityProfileName"/>
<ConfigurableProperty uri="ey.opsesb.neo.EY_OPSESB_NEO_ODS_AIDX_V1#monitoringProfile"/>
<ConfigurableProperty uri="ey.opsesb.neo.EY_OPSESB_NEO_ODS_AIDX_V1#startMode"/>
<ConfigurableProperty uri="ey.opsesb.neo.EY_OPSESB_NEO_ODS_AIDX_V1#startInstancesWhenFlowStarts"/>
<ConfigurableProperty override="ops_ods" uri="ey.opsesb.neo.EY_OPSESB_NEO_ODS_AIDX_V1#DB_SCHEMA"/>
<ConfigurableProperty override="OPSESB_TST" uri="ey.opsesb.neo.EY_OPSESB_NEO_ODS_AIDX_V1#DB_NAME"/>
<ConfigurableProperty override="OPSESB" uri="ey.opsesb.neo.EY_OPSESB_NEO_ODS_AIDX_V1#ODS_USER_NM"/>
<ConfigurableProperty override="EY_A_OPSESB_FLIGHTACTUALPAXLOAD_AQ_01" uri="ey.opsesb.neo.EY_OPSESB_NEO_ODS_AIDX_V1#Queue_FLIGHTACTUALPAXLOAD"/>
<ConfigurableProperty override="EY_A_OPSESB_FLIGHTACTUALBAGGAGELOAD_AQ_01" uri="ey.opsesb.neo.EY_OPSESB_NEO_ODS_AIDX_V1#Queue_FLIGHTACTUALBAGGAGELOAD"/>
<ConfigurableProperty override="EY_A_OPSESB_FLIGHTSCHEDULE_AQ_01" uri="ey.opsesb.neo.EY_OPSESB_NEO_ODS_AIDX_V1#Queue_FLIGHTSCHEDULE"/>
<ConfigurableProperty override="96" uri="ey.opsesb.neo.EY_OPSESB_NEO_ODS_AIDX_V1#RIGHT_TFRAME"/>
<ConfigurableProperty override="TRUE" uri="ey.opsesb.neo.EY_OPSESB_NEO_ODS_AIDX_V1#FilterOfLockDownFlights"/>
<ConfigurableProperty override="200" uri="ey.opsesb.neo.EY_OPSESB_NEO_ODS_AIDX_V1#SleepIntervalInMilliSec"/>
<ConfigurableProperty override="10" uri="ey.opsesb.neo.EY_OPSESB_NEO_ODS_AIDX_V1#No_of_Days_Restricted"/>
<ConfigurableProperty override="OPSESB_TST" uri="ey.opsesb.neo.EY_OPSESB_NEO_ODS_AIDX_V1#dataSource"/>
<ConfigurableProperty override="EY.NEO.AIDXBATCH.TST.IN" uri="ey.opsesb.neo.EY_OPSESB_NEO_ODS_AIDX_V1#BatchInput"/>
<ConfigurableProperty override="EY.NEO.AIDXREALTIME.TST.IN" uri="ey.opsesb.neo.EY_OPSESB_NEO_ODS_AIDX_V1#RealTimeInput"/>
<ConfigurableProperty uri="ey.opsesb.neo.EY_OPSESB_NEO_ODS_AIDX_V1#REALTIME_INPUT.connection"/>
<ConfigurableProperty uri="ey.opsesb.neo.EY_OPSESB_NEO_ODS_AIDX_V1#REALTIME_INPUT.destinationQueueManagerName"/>
<ConfigurableProperty uri="ey.opsesb.neo.EY_OPSESB_NEO_ODS_AIDX_V1#REALTIME_INPUT.queueManagerHostname"/>
<ConfigurableProperty uri="ey.opsesb.neo.EY_OPSESB_NEO_ODS_AIDX_V1#REALTIME_INPUT.listenerPortNumber"/>
<ConfigurableProperty uri="ey.opsesb.neo.EY_OPSESB_NEO_ODS_AIDX_V1#REALTIME_INPUT.channelName"/>
<ConfigurableProperty uri="ey.opsesb.neo.EY_OPSESB_NEO_ODS_AIDX_V1#REALTIME_INPUT.securityIdentity"/>
<ConfigurableProperty uri="ey.opsesb.neo.EY_OPSESB_NEO_ODS_AIDX_V1#REALTIME_INPUT.useSSL"/>
<ConfigurableProperty uri="ey.opsesb.neo.EY_OPSESB_NEO_ODS_AIDX_V1#REALTIME_INPUT.SSLPeerName"/>
<ConfigurableProperty uri="ey.opsesb.neo.EY_OPSESB_NEO_ODS_AIDX_V1#REALTIME_INPUT.SSLCipherSpec"/>
<ConfigurableProperty uri="ey.opsesb.neo.EY_OPSESB_NEO_ODS_AIDX_V1#REALTIME_INPUT.serializationToken"/>
<ConfigurableProperty uri="ey.opsesb.neo.EY_OPSESB_NEO_ODS_AIDX_V1#REALTIME_INPUT.topicProperty"/>
<ConfigurableProperty uri="ey.opsesb.neo.EY_OPSESB_NEO_ODS_AIDX_V1#REALTIME_INPUT.resetBrowseTimeout"/>
<ConfigurableProperty override="contentAndValue" uri="ey.opsesb.neo.EY_OPSESB_NEO_ODS_AIDX_V1#REALTIME_INPUT.validateMaster"/>
<ConfigurableProperty uri="ey.opsesb.neo.EY_OPSESB_NEO_ODS_AIDX_V1#REALTIME_INPUT.securityProfileName"/>
<ConfigurableProperty uri="ey.opsesb.neo.EY_OPSESB_NEO_ODS_AIDX_V1#REALTIME_INPUT.componentLevel"/>
<ConfigurableProperty uri="ey.opsesb.neo.EY_OPSESB_NEO_ODS_AIDX_V1#REALTIME_INPUT.additionalInstances"/>
<ConfigurableProperty uri="ey.opsesb.neo.EY_OPSESB_NEO_ODS_AIDX_V1#REALTIME_INPUT.policyUrl"/>
<ConfigurableProperty uri="ey.opsesb.neo.EY_OPSESB_NEO_ODS_AIDX_V1#BATCH_INPUT.connection"/>
<ConfigurableProperty uri="ey.opsesb.neo.EY_OPSESB_NEO_ODS_AIDX_V1#BATCH_INPUT.destinationQueueManagerName"/>
<ConfigurableProperty uri="ey.opsesb.neo.EY_OPSESB_NEO_ODS_AIDX_V1#BATCH_INPUT.queueManagerHostname"/>
<ConfigurableProperty uri="ey.opsesb.neo.EY_OPSESB_NEO_ODS_AIDX_V1#BATCH_INPUT.listenerPortNumber"/>
<ConfigurableProperty uri="ey.opsesb.neo.EY_OPSESB_NEO_ODS_AIDX_V1#BATCH_INPUT.channelName"/>
<ConfigurableProperty uri="ey.opsesb.neo.EY_OPSESB_NEO_ODS_AIDX_V1#BATCH_INPUT.securityIdentity"/>
<ConfigurableProperty uri="ey.opsesb.neo.EY_OPSESB_NEO_ODS_AIDX_V1#BATCH_INPUT.useSSL"/>
<ConfigurableProperty uri="ey.opsesb.neo.EY_OPSESB_NEO_ODS_AIDX_V1#BATCH_INPUT.SSLPeerName"/>
<ConfigurableProperty uri="ey.opsesb.neo.EY_OPSESB_NEO_ODS_AIDX_V1#BATCH_INPUT.SSLCipherSpec"/>
<ConfigurableProperty uri="ey.opsesb.neo.EY_OPSESB_NEO_ODS_AIDX_V1#BATCH_INPUT.serializationToken"/>
<ConfigurableProperty uri="ey.opsesb.neo.EY_OPSESB_NEO_ODS_AIDX_V1#BATCH_INPUT.topicProperty"/>
<ConfigurableProperty uri="ey.opsesb.neo.EY_OPSESB_NEO_ODS_AIDX_V1#BATCH_INPUT.resetBrowseTimeout"/>
<ConfigurableProperty override="contentAndValue" uri="ey.opsesb.neo.EY_OPSESB_NEO_ODS_AIDX_V1#BATCH_INPUT.validateMaster"/>
<ConfigurableProperty uri="ey.opsesb.neo.EY_OPSESB_NEO_ODS_AIDX_V1#BATCH_INPUT.securityProfileName"/>
<ConfigurableProperty uri="ey.opsesb.neo.EY_OPSESB_NEO_ODS_AIDX_V1#BATCH_INPUT.componentLevel"/>
<ConfigurableProperty uri="ey.opsesb.neo.EY_OPSESB_NEO_ODS_AIDX_V1#BATCH_INPUT.additionalInstances"/>
<ConfigurableProperty uri="ey.opsesb.neo.EY_OPSESB_NEO_ODS_AIDX_V1#BATCH_INPUT.policyUrl"/>
<ConfigurableProperty uri="ey.opsesb.neo.EY_OPSESB_NEO_ODS_AIDX_V1#EY_OPSESB_NEO_ODS_AIDX_V1.connectDatasourceBeforeFlowStarts"/>
<ConfigurableProperty uri="ey.opsesb.neo.EY_OPSESB_NEO_ODS_AIDX_V1#EY_OPSESB_NEO_ODS_AIDX_V1.validateMaster"/>
<ConfigurableProperty override="EY_OPSESB_NEO_ODS_AIDX_V1" uri="ey.opsesb.neo.EY_OPSESB_NEO_ODS_AIDX_V1#AuditLogger.InterfaceID"/>
<ConfigurableProperty override="Flight Data is Received from NEO" uri="ey.opsesb.neo.EY_OPSESB_NEO_ODS_AIDX_V1#AuditLogger.StatusText"/>
<ConfigurableProperty override="1a" uri="ey.opsesb.neo.EY_OPSESB_NEO_ODS_AIDX_V1#AuditLogger.ProcessStep"/>
<ConfigurableProperty uri="ey.opsesb.neo.EY_OPSESB_NEO_ODS_AIDX_V1#AuditLogger.IsMsgDetailsRequired"/>
<ConfigurableProperty uri="ey.opsesb.neo.EY_OPSESB_NEO_ODS_AIDX_V1#AuditLogger.IsPayloadRequired"/>
<ConfigurableProperty uri="ey.opsesb.neo.EY_OPSESB_NEO_ODS_AIDX_V1#AuditLogger.MsgFormat"/>
<ConfigurableProperty override="I" uri="ey.opsesb.neo.EY_OPSESB_NEO_ODS_AIDX_V1#AuditLogger.DataDirection"/>
<ConfigurableProperty uri="ey.opsesb.neo.EY_OPSESB_NEO_ODS_AIDX_V1#AuditLogger.CharacterSet"/>
<ConfigurableProperty uri="ey.opsesb.neo.EY_OPSESB_NEO_ODS_AIDX_V1#AuditLogger.MessageSizeInMB"/>
<ConfigurableProperty override="XML" uri="ey.opsesb.neo.EY_OPSESB_NEO_ODS_AIDX_V1#AuditLogger.MsgType"/>
<ConfigurableProperty override="true" uri="ey.opsesb.neo.EY_OPSESB_NEO_ODS_AIDX_V1#AuditLogger.IsAuditLogRequired"/>
<ConfigurableProperty uri="ey.opsesb.neo.EY_OPSESB_NEO_ODS_AIDX_V1#AuditLogger.IsParentChildRelationRequired"/>
<ConfigurableProperty uri="ey.opsesb.neo.EY_OPSESB_NEO_ODS_AIDX_V1#AuditLogger.AuditFileRequired"/>
<ConfigurableProperty uri="ey.opsesb.neo.EY_OPSESB_NEO_ODS_AIDX_V1#DestinationList_Alias_OutPut_Queues.queueName"/>
<ConfigurableProperty uri="ey.opsesb.neo.EY_OPSESB_NEO_ODS_AIDX_V1#DestinationList_Alias_OutPut_Queues.connection"/>
<ConfigurableProperty uri="ey.opsesb.neo.EY_OPSESB_NEO_ODS_AIDX_V1#DestinationList_Alias_OutPut_Queues.destinationQueueManagerName"/>
<ConfigurableProperty uri="ey.opsesb.neo.EY_OPSESB_NEO_ODS_AIDX_V1#DestinationList_Alias_OutPut_Queues.queueManagerHostname"/>
<ConfigurableProperty uri="ey.opsesb.neo.EY_OPSESB_NEO_ODS_AIDX_V1#DestinationList_Alias_OutPut_Queues.listenerPortNumber"/>
<ConfigurableProperty uri="ey.opsesb.neo.EY_OPSESB_NEO_ODS_AIDX_V1#DestinationList_Alias_OutPut_Queues.channelName"/>
<ConfigurableProperty uri="ey.opsesb.neo.EY_OPSESB_NEO_ODS_AIDX_V1#DestinationList_Alias_OutPut_Queues.securityIdentity"/>
<ConfigurableProperty uri="ey.opsesb.neo.EY_OPSESB_NEO_ODS_AIDX_V1#DestinationList_Alias_OutPut_Queues.useSSL"/>
<ConfigurableProperty uri="ey.opsesb.neo.EY_OPSESB_NEO_ODS_AIDX_V1#DestinationList_Alias_OutPut_Queues.SSLPeerName"/>
<ConfigurableProperty uri="ey.opsesb.neo.EY_OPSESB_NEO_ODS_AIDX_V1#DestinationList_Alias_OutPut_Queues.SSLCipherSpec"/>
<ConfigurableProperty uri="ey.opsesb.neo.EY_OPSESB_NEO_ODS_AIDX_V1#DestinationList_Alias_OutPut_Queues.queueManagerName"/>
<ConfigurableProperty uri="ey.opsesb.neo.EY_OPSESB_NEO_ODS_AIDX_V1#DestinationList_Alias_OutPut_Queues.replyToQMgr"/>
<ConfigurableProperty uri="ey.opsesb.neo.EY_OPSESB_NEO_ODS_AIDX_V1#DestinationList_Alias_OutPut_Queues.replyToQ"/>
<ConfigurableProperty uri="ey.opsesb.neo.EY_OPSESB_NEO_ODS_AIDX_V1#DestinationList_Alias_OutPut_Queues.validateMaster"/>
<ConfigurableProperty uri="ey.opsesb.neo.EY_OPSESB_NEO_ODS_AIDX_V1#DestinationList_Alias_OutPut_Queues.securityProfileName"/>
<ConfigurableProperty uri="ey.opsesb.neo.EY_OPSESB_NEO_ODS_AIDX_V1#DestinationList_Alias_OutPut_Queues.policyUrl"/>
<ConfigurableProperty uri="ey.opsesb.neo.EY_OPSESB_NEO_ODS_AIDX_V1#DestinationList_Alias_OutPut_Queues.AddRequestToGroup"/>
<ConfigurableProperty uri="ey.opsesb.neo.EY_OPSESB_NEO_ODS_AIDX_V1#DestinationList_Alias_OutPut_Queues.GroupRequestFolderName"/>
<ConfigurableProperty uri="ey.opsesb.neo.EY_OPSESB_NEO_ODS_AIDX_V1#DestinationList_Alias_OutPut_Queues.GroupRequestTimeout"/>
<ConfigurableProperty uri="ey.opsesb.neo.EY_OPSESB_NEO_ODS_AIDX_V1#BatchInputIdentification.dataSource"/>
<ConfigurableProperty uri="ey.opsesb.neo.EY_OPSESB_NEO_ODS_AIDX_V1#BatchInputIdentification.connectDatasourceBeforeFlowStarts"/>
<ConfigurableProperty uri="ey.opsesb.neo.EY_OPSESB_NEO_ODS_AIDX_V1#BatchInputIdentification.validateMaster"/>
<ConfigurableProperty uri="ey.opsesb.neo.EY_OPSESB_NEO_ODS_AIDX_V1#RealTimeInputIdentification.dataSource"/>
<ConfigurableProperty uri="ey.opsesb.neo.EY_OPSESB_NEO_ODS_AIDX_V1#RealTimeInputIdentification.connectDatasourceBeforeFlowStarts"/>
<ConfigurableProperty uri="ey.opsesb.neo.EY_OPSESB_NEO_ODS_AIDX_V1#RealTimeInputIdentification.validateMaster"/>
<ConfigurableProperty override="Flight Data has been successfully inserted/updated into DB" uri="ey.opsesb.neo.EY_OPSESB_NEO_ODS_AIDX_V1#CaptureLog.StatusText"/>
<ConfigurableProperty uri="ey.opsesb.neo.EY_OPSESB_NEO_ODS_AIDX_V1#CaptureLog.IsMsgDetailsRequired"/>
<ConfigurableProperty uri="ey.opsesb.neo.EY_OPSESB_NEO_ODS_AIDX_V1#CaptureLog.IsPayloadRequired"/>
<ConfigurableProperty uri="ey.opsesb.neo.EY_OPSESB_NEO_ODS_AIDX_V1#CaptureLog.MsgFormat"/>
<ConfigurableProperty uri="ey.opsesb.neo.EY_OPSESB_NEO_ODS_AIDX_V1#CaptureLog.DataDirection"/>
<ConfigurableProperty uri="ey.opsesb.neo.EY_OPSESB_NEO_ODS_AIDX_V1#CaptureLog.CharacterSet"/>
<ConfigurableProperty uri="ey.opsesb.neo.EY_OPSESB_NEO_ODS_AIDX_V1#CaptureLog.MessageSizeInMB"/>
<ConfigurableProperty override="1b" uri="ey.opsesb.neo.EY_OPSESB_NEO_ODS_AIDX_V1#CaptureLog.ProcessStep"/>
<ConfigurableProperty uri="ey.opsesb.neo.EY_OPSESB_NEO_ODS_AIDX_V1#CaptureLog.IsParentChildRelationRequired"/>
<ConfigurableProperty override="Flight Schedule Notification Sent to Topic" uri="ey.opsesb.neo.EY_OPSESB_NEO_ODS_AIDX_V1#CaptureLog1.StatusText"/>
<ConfigurableProperty uri="ey.opsesb.neo.EY_OPSESB_NEO_ODS_AIDX_V1#CaptureLog1.IsMsgDetailsRequired"/>
<ConfigurableProperty uri="ey.opsesb.neo.EY_OPSESB_NEO_ODS_AIDX_V1#CaptureLog1.IsPayloadRequired"/>
<ConfigurableProperty uri="ey.opsesb.neo.EY_OPSESB_NEO_ODS_AIDX_V1#CaptureLog1.MsgFormat"/>
<ConfigurableProperty override="O" uri="ey.opsesb.neo.EY_OPSESB_NEO_ODS_AIDX_V1#CaptureLog1.DataDirection"/>
<ConfigurableProperty uri="ey.opsesb.neo.EY_OPSESB_NEO_ODS_AIDX_V1#CaptureLog1.CharacterSet"/>
<ConfigurableProperty uri="ey.opsesb.neo.EY_OPSESB_NEO_ODS_AIDX_V1#CaptureLog1.MessageSizeInMB"/>
<ConfigurableProperty override="1c" uri="ey.opsesb.neo.EY_OPSESB_NEO_ODS_AIDX_V1#CaptureLog1.ProcessStep"/>
<ConfigurableProperty uri="ey.opsesb.neo.EY_OPSESB_NEO_ODS_AIDX_V1#CaptureLog1.IsParentChildRelationRequired"/>
<ConfigurableProperty uri="ey.opsesb.neo.EY_OPSESB_NEO_ODS_AIDX_V1#CheckRetry.RetryIntervalInSec"/>
<ConfigurableProperty uri="ey.opsesb.neo.EY_OPSESB_NEO_ODS_AIDX_V1#CheckRetry.MaxRetryCount"/>
<ConfigurableProperty override="1205,deadlock,53,Could not open a connection to SQL Server,08001,Connection refused,3621" uri="ey.opsesb.neo.EY_OPSESB_NEO_ODS_AIDX_V1#CheckRetry.ErrorCodes"/>
</CompiledMessageFlow>
</Broker>