<?xml version="1.0" encoding="UTF-8"?><Broker>
<CompiledApplication>
<ConfigurableProperty uri="startMode"/>
</CompiledApplication>
<CompiledMessageFlow name="ey.oct.flightscheduleupdate.EY_OCT_SSCI_V1">
<ConfigurableProperty uri="ey.oct.flightscheduleupdate.EY_OCT_SSCI_V1#additionalInstances"/>
<ConfigurableProperty uri="ey.oct.flightscheduleupdate.EY_OCT_SSCI_V1#notificationThresholdMsgsPerSec"/>
<ConfigurableProperty uri="ey.oct.flightscheduleupdate.EY_OCT_SSCI_V1#maximumRateMsgsPerSec"/>
<ConfigurableProperty uri="ey.oct.flightscheduleupdate.EY_OCT_SSCI_V1#processingTimeoutSec"/>
<ConfigurableProperty uri="ey.oct.flightscheduleupdate.EY_OCT_SSCI_V1#processingTimeoutAction"/>
<ConfigurableProperty uri="ey.oct.flightscheduleupdate.EY_OCT_SSCI_V1#wlmPolicy"/>
<ConfigurableProperty uri="ey.oct.flightscheduleupdate.EY_OCT_SSCI_V1#commitCount"/>
<ConfigurableProperty uri="ey.oct.flightscheduleupdate.EY_OCT_SSCI_V1#commitInterval"/>
<ConfigurableProperty uri="ey.oct.flightscheduleupdate.EY_OCT_SSCI_V1#coordinatedTransaction"/>
<ConfigurableProperty uri="ey.oct.flightscheduleupdate.EY_OCT_SSCI_V1#consumerPolicySet"/>
<ConfigurableProperty uri="ey.oct.flightscheduleupdate.EY_OCT_SSCI_V1#providerPolicySet"/>
<ConfigurableProperty uri="ey.oct.flightscheduleupdate.EY_OCT_SSCI_V1#consumerPolicySetBindings"/>
<ConfigurableProperty uri="ey.oct.flightscheduleupdate.EY_OCT_SSCI_V1#providerPolicySetBindings"/>
<ConfigurableProperty uri="ey.oct.flightscheduleupdate.EY_OCT_SSCI_V1#securityProfileName"/>
<ConfigurableProperty uri="ey.oct.flightscheduleupdate.EY_OCT_SSCI_V1#monitoringProfile"/>
<ConfigurableProperty uri="ey.oct.flightscheduleupdate.EY_OCT_SSCI_V1#startMode"/>
<ConfigurableProperty uri="ey.oct.flightscheduleupdate.EY_OCT_SSCI_V1#startInstancesWhenFlowStarts"/>
<ConfigurableProperty override="http://localhost:7800/wsrv/common/services/sabrectrl/v1.0/EY_issueSabreCommandService" uri="ey.oct.flightscheduleupdate.EY_OCT_SSCI_V1#URL"/>
<ConfigurableProperty override="FIS" uri="ey.oct.flightscheduleupdate.EY_OCT_SSCI_V1#APPId"/>
<ConfigurableProperty override="EIL" uri="ey.oct.flightscheduleupdate.EY_OCT_SSCI_V1#ChannelId"/>
<ConfigurableProperty override="180" uri="ey.oct.flightscheduleupdate.EY_OCT_SSCI_V1#Timeout"/>
<ConfigurableProperty override="RajeshReddy.Chada@cognizant.com,TANMOY.DHARA@cognizant.com,Lavanya.cherukuneedi@cognizant.com" uri="ey.oct.flightscheduleupdate.EY_OCT_SSCI_V1#EmailTo"/>
<ConfigurableProperty override="smtp-relay.sendinblue.com:587" uri="ey.oct.flightscheduleupdate.EY_OCT_SSCI_V1#smtpServerPort"/>
<ConfigurableProperty override="OPEN_NONPERSISTENT_CONN" uri="ey.oct.flightscheduleupdate.EY_OCT_SSCI_V1#Action"/>
<ConfigurableProperty override="no-reply@etihadppe.ae" uri="ey.oct.flightscheduleupdate.EY_OCT_SSCI_V1#EmailFrom"/>
<ConfigurableProperty override="EY_A_OPSESB_SS_FSUPDATE_REALTIME_SSCICA" uri="ey.oct.flightscheduleupdate.EY_OCT_SSCI_V1#SSCIMQInput.queueName"/>
<ConfigurableProperty uri="ey.oct.flightscheduleupdate.EY_OCT_SSCI_V1#SSCIMQInput.connection"/>
<ConfigurableProperty uri="ey.oct.flightscheduleupdate.EY_OCT_SSCI_V1#SSCIMQInput.destinationQueueManagerName"/>
<ConfigurableProperty uri="ey.oct.flightscheduleupdate.EY_OCT_SSCI_V1#SSCIMQInput.queueManagerHostname"/>
<ConfigurableProperty uri="ey.oct.flightscheduleupdate.EY_OCT_SSCI_V1#SSCIMQInput.listenerPortNumber"/>
<ConfigurableProperty uri="ey.oct.flightscheduleupdate.EY_OCT_SSCI_V1#SSCIMQInput.channelName"/>
<ConfigurableProperty uri="ey.oct.flightscheduleupdate.EY_OCT_SSCI_V1#SSCIMQInput.securityIdentity"/>
<ConfigurableProperty uri="ey.oct.flightscheduleupdate.EY_OCT_SSCI_V1#SSCIMQInput.useSSL"/>
<ConfigurableProperty uri="ey.oct.flightscheduleupdate.EY_OCT_SSCI_V1#SSCIMQInput.SSLPeerName"/>
<ConfigurableProperty uri="ey.oct.flightscheduleupdate.EY_OCT_SSCI_V1#SSCIMQInput.SSLCipherSpec"/>
<ConfigurableProperty uri="ey.oct.flightscheduleupdate.EY_OCT_SSCI_V1#SSCIMQInput.serializationToken"/>
<ConfigurableProperty uri="ey.oct.flightscheduleupdate.EY_OCT_SSCI_V1#SSCIMQInput.topicProperty"/>
<ConfigurableProperty uri="ey.oct.flightscheduleupdate.EY_OCT_SSCI_V1#SSCIMQInput.resetBrowseTimeout"/>
<ConfigurableProperty uri="ey.oct.flightscheduleupdate.EY_OCT_SSCI_V1#SSCIMQInput.validateMaster"/>
<ConfigurableProperty uri="ey.oct.flightscheduleupdate.EY_OCT_SSCI_V1#SSCIMQInput.securityProfileName"/>
<ConfigurableProperty uri="ey.oct.flightscheduleupdate.EY_OCT_SSCI_V1#SSCIMQInput.componentLevel"/>
<ConfigurableProperty uri="ey.oct.flightscheduleupdate.EY_OCT_SSCI_V1#SSCIMQInput.additionalInstances"/>
<ConfigurableProperty uri="ey.oct.flightscheduleupdate.EY_OCT_SSCI_V1#SSCIMQInput.policyUrl"/>
<ConfigurableProperty uri="ey.oct.flightscheduleupdate.EY_OCT_SSCI_V1#SoapRequestMsgConstruct.dataSource"/>
<ConfigurableProperty uri="ey.oct.flightscheduleupdate.EY_OCT_SSCI_V1#SoapRequestMsgConstruct.connectDatasourceBeforeFlowStarts"/>
<ConfigurableProperty uri="ey.oct.flightscheduleupdate.EY_OCT_SSCI_V1#SoapRequestMsgConstruct.validateMaster"/>
<ConfigurableProperty override="http://localhost:7800/wsrv/common/services/sabrectrl/v1.0/EY_issueSabreCommandService" uri="ey.oct.flightscheduleupdate.EY_OCT_SSCI_V1#SOAP Request.webServiceURL"/>
<ConfigurableProperty override="180" uri="ey.oct.flightscheduleupdate.EY_OCT_SSCI_V1#SOAP Request.requestTimeout"/>
<ConfigurableProperty uri="ey.oct.flightscheduleupdate.EY_OCT_SSCI_V1#SOAP Request.httpProxyLocation"/>
<ConfigurableProperty override="TLSv1.2" uri="ey.oct.flightscheduleupdate.EY_OCT_SSCI_V1#SOAP Request.sslProtocol"/>
<ConfigurableProperty uri="ey.oct.flightscheduleupdate.EY_OCT_SSCI_V1#SOAP Request.allowedSSLCiphers"/>
<ConfigurableProperty uri="ey.oct.flightscheduleupdate.EY_OCT_SSCI_V1#SOAP Request.requestCompressionType"/>
<ConfigurableProperty uri="ey.oct.flightscheduleupdate.EY_OCT_SSCI_V1#SOAP Request.acceptCompressedResponses"/>
<ConfigurableProperty uri="ey.oct.flightscheduleupdate.EY_OCT_SSCI_V1#SOAP Request.hostnameChecking"/>
<ConfigurableProperty uri="ey.oct.flightscheduleupdate.EY_OCT_SSCI_V1#SOAP Request.keyAlias"/>
<ConfigurableProperty uri="ey.oct.flightscheduleupdate.EY_OCT_SSCI_V1#SOAP Request.enableCRLCheck"/>
<ConfigurableProperty uri="ey.oct.flightscheduleupdate.EY_OCT_SSCI_V1#SOAP Request.jmsDestination"/>
<ConfigurableProperty uri="ey.oct.flightscheduleupdate.EY_OCT_SSCI_V1#SOAP Request.jmsReplyToDestination"/>
<ConfigurableProperty uri="ey.oct.flightscheduleupdate.EY_OCT_SSCI_V1#SOAP Request.requestTimeoutJMS"/>
<ConfigurableProperty uri="ey.oct.flightscheduleupdate.EY_OCT_SSCI_V1#SOAP Request.initialContextFactory"/>
<ConfigurableProperty uri="ey.oct.flightscheduleupdate.EY_OCT_SSCI_V1#SOAP Request.locationJndiBindings"/>
<ConfigurableProperty uri="ey.oct.flightscheduleupdate.EY_OCT_SSCI_V1#SOAP Request.connectionFactoryName"/>
<ConfigurableProperty uri="ey.oct.flightscheduleupdate.EY_OCT_SSCI_V1#SOAP Request.targetService"/>
<ConfigurableProperty uri="ey.oct.flightscheduleupdate.EY_OCT_SSCI_V1#SOAP Request.deliveryMode"/>
<ConfigurableProperty uri="ey.oct.flightscheduleupdate.EY_OCT_SSCI_V1#SOAP Request.messagePriority"/>
<ConfigurableProperty uri="ey.oct.flightscheduleupdate.EY_OCT_SSCI_V1#SOAP Request.messageExpiration"/>
<ConfigurableProperty uri="ey.oct.flightscheduleupdate.EY_OCT_SSCI_V1#SOAP Request.messageType"/>
<ConfigurableProperty uri="ey.oct.flightscheduleupdate.EY_OCT_SSCI_V1#SOAP Request.securityProfileName"/>
<ConfigurableProperty uri="ey.oct.flightscheduleupdate.EY_OCT_SSCI_V1#SOAP Request.policySet"/>
<ConfigurableProperty uri="ey.oct.flightscheduleupdate.EY_OCT_SSCI_V1#SOAP Request.policySetBindings"/>
<ConfigurableProperty uri="ey.oct.flightscheduleupdate.EY_OCT_SSCI_V1#SOAP Request.allowMTOM"/>
<ConfigurableProperty uri="ey.oct.flightscheduleupdate.EY_OCT_SSCI_V1#SOAP Request.validateMaster"/>
<ConfigurableProperty uri="ey.oct.flightscheduleupdate.EY_OCT_SSCI_V1#SOAP Request.validateFailureAction"/>
<ConfigurableProperty override="EY_OCT_SSCI" uri="ey.oct.flightscheduleupdate.EY_OCT_SSCI_V1#AuditLogger.InterfaceID"/>
<ConfigurableProperty override="RequestReceivedFromSharedService" uri="ey.oct.flightscheduleupdate.EY_OCT_SSCI_V1#AuditLogger.StatusText"/>
<ConfigurableProperty uri="ey.oct.flightscheduleupdate.EY_OCT_SSCI_V1#AuditLogger.ProcessStep"/>
<ConfigurableProperty uri="ey.oct.flightscheduleupdate.EY_OCT_SSCI_V1#AuditLogger.IsMsgDetailsRequired"/>
<ConfigurableProperty uri="ey.oct.flightscheduleupdate.EY_OCT_SSCI_V1#AuditLogger.IsPayloadRequired"/>
<ConfigurableProperty uri="ey.oct.flightscheduleupdate.EY_OCT_SSCI_V1#AuditLogger.MsgFormat"/>
<ConfigurableProperty override="I" uri="ey.oct.flightscheduleupdate.EY_OCT_SSCI_V1#AuditLogger.DataDirection"/>
<ConfigurableProperty uri="ey.oct.flightscheduleupdate.EY_OCT_SSCI_V1#AuditLogger.CharacterSet"/>
<ConfigurableProperty uri="ey.oct.flightscheduleupdate.EY_OCT_SSCI_V1#AuditLogger.MessageSizeInMB"/>
<ConfigurableProperty uri="ey.oct.flightscheduleupdate.EY_OCT_SSCI_V1#AuditLogger.MsgType"/>
<ConfigurableProperty override="true" uri="ey.oct.flightscheduleupdate.EY_OCT_SSCI_V1#AuditLogger.IsAuditLogRequired"/>
<ConfigurableProperty uri="ey.oct.flightscheduleupdate.EY_OCT_SSCI_V1#AuditLogger.IsParentChildRelationRequired"/>
<ConfigurableProperty uri="ey.oct.flightscheduleupdate.EY_OCT_SSCI_V1#AuditLogger.AuditFileRequired"/>
<ConfigurableProperty override="SSCI_Request" uri="ey.oct.flightscheduleupdate.EY_OCT_SSCI_V1#SSCI_AuditReq.StatusText"/>
<ConfigurableProperty uri="ey.oct.flightscheduleupdate.EY_OCT_SSCI_V1#SSCI_AuditReq.IsMsgDetailsRequired"/>
<ConfigurableProperty uri="ey.oct.flightscheduleupdate.EY_OCT_SSCI_V1#SSCI_AuditReq.IsPayloadRequired"/>
<ConfigurableProperty uri="ey.oct.flightscheduleupdate.EY_OCT_SSCI_V1#SSCI_AuditReq.MsgFormat"/>
<ConfigurableProperty uri="ey.oct.flightscheduleupdate.EY_OCT_SSCI_V1#SSCI_AuditReq.DataDirection"/>
<ConfigurableProperty uri="ey.oct.flightscheduleupdate.EY_OCT_SSCI_V1#SSCI_AuditReq.CharacterSet"/>
<ConfigurableProperty uri="ey.oct.flightscheduleupdate.EY_OCT_SSCI_V1#SSCI_AuditReq.MessageSizeInMB"/>
<ConfigurableProperty uri="ey.oct.flightscheduleupdate.EY_OCT_SSCI_V1#SSCI_AuditReq.ProcessStep"/>
<ConfigurableProperty uri="ey.oct.flightscheduleupdate.EY_OCT_SSCI_V1#SSCI_AuditReq.IsParentChildRelationRequired"/>
<ConfigurableProperty override="SSCI_Response" uri="ey.oct.flightscheduleupdate.EY_OCT_SSCI_V1#SSCI_AuditRes.StatusText"/>
<ConfigurableProperty uri="ey.oct.flightscheduleupdate.EY_OCT_SSCI_V1#SSCI_AuditRes.IsMsgDetailsRequired"/>
<ConfigurableProperty uri="ey.oct.flightscheduleupdate.EY_OCT_SSCI_V1#SSCI_AuditRes.IsPayloadRequired"/>
<ConfigurableProperty uri="ey.oct.flightscheduleupdate.EY_OCT_SSCI_V1#SSCI_AuditRes.MsgFormat"/>
<ConfigurableProperty uri="ey.oct.flightscheduleupdate.EY_OCT_SSCI_V1#SSCI_AuditRes.DataDirection"/>
<ConfigurableProperty uri="ey.oct.flightscheduleupdate.EY_OCT_SSCI_V1#SSCI_AuditRes.CharacterSet"/>
<ConfigurableProperty uri="ey.oct.flightscheduleupdate.EY_OCT_SSCI_V1#SSCI_AuditRes.MessageSizeInMB"/>
<ConfigurableProperty override="3b" uri="ey.oct.flightscheduleupdate.EY_OCT_SSCI_V1#SSCI_AuditRes.ProcessStep"/>
<ConfigurableProperty uri="ey.oct.flightscheduleupdate.EY_OCT_SSCI_V1#SSCI_AuditRes.IsParentChildRelationRequired"/>
<ConfigurableProperty override="smtp-relay.sendinblue.com:587" uri="ey.oct.flightscheduleupdate.EY_OCT_SSCI_V1#EmailNotifyToSSCI.smtpServer"/>
<ConfigurableProperty uri="ey.oct.flightscheduleupdate.EY_OCT_SSCI_V1#EmailNotifyToSSCI.securityIdentity"/>
<ConfigurableProperty uri="ey.oct.flightscheduleupdate.EY_OCT_SSCI_V1#EmailNotifyToSSCI.validateMaster"/>
<ConfigurableProperty uri="ey.oct.flightscheduleupdate.EY_OCT_SSCI_V1#EmailNotification.dataSource"/>
<ConfigurableProperty uri="ey.oct.flightscheduleupdate.EY_OCT_SSCI_V1#EmailNotification.connectDatasourceBeforeFlowStarts"/>
<ConfigurableProperty uri="ey.oct.flightscheduleupdate.EY_OCT_SSCI_V1#EmailNotification.validateMaster"/>
<ConfigurableProperty override="EmailNotificationAudit" uri="ey.oct.flightscheduleupdate.EY_OCT_SSCI_V1#EmailNotificationAudit.StatusText"/>
<ConfigurableProperty uri="ey.oct.flightscheduleupdate.EY_OCT_SSCI_V1#EmailNotificationAudit.IsMsgDetailsRequired"/>
<ConfigurableProperty uri="ey.oct.flightscheduleupdate.EY_OCT_SSCI_V1#EmailNotificationAudit.IsPayloadRequired"/>
<ConfigurableProperty uri="ey.oct.flightscheduleupdate.EY_OCT_SSCI_V1#EmailNotificationAudit.MsgFormat"/>
<ConfigurableProperty uri="ey.oct.flightscheduleupdate.EY_OCT_SSCI_V1#EmailNotificationAudit.DataDirection"/>
<ConfigurableProperty uri="ey.oct.flightscheduleupdate.EY_OCT_SSCI_V1#EmailNotificationAudit.CharacterSet"/>
<ConfigurableProperty uri="ey.oct.flightscheduleupdate.EY_OCT_SSCI_V1#EmailNotificationAudit.MessageSizeInMB"/>
<ConfigurableProperty override="3c" uri="ey.oct.flightscheduleupdate.EY_OCT_SSCI_V1#EmailNotificationAudit.ProcessStep"/>
<ConfigurableProperty uri="ey.oct.flightscheduleupdate.EY_OCT_SSCI_V1#EmailNotificationAudit.IsParentChildRelationRequired"/>
<ConfigurableProperty override="MessageDiscard" uri="ey.oct.flightscheduleupdate.EY_OCT_SSCI_V1#MessageDiscard.StatusText"/>
<ConfigurableProperty uri="ey.oct.flightscheduleupdate.EY_OCT_SSCI_V1#MessageDiscard.IsMsgDetailsRequired"/>
<ConfigurableProperty uri="ey.oct.flightscheduleupdate.EY_OCT_SSCI_V1#MessageDiscard.IsPayloadRequired"/>
<ConfigurableProperty uri="ey.oct.flightscheduleupdate.EY_OCT_SSCI_V1#MessageDiscard.MsgFormat"/>
<ConfigurableProperty uri="ey.oct.flightscheduleupdate.EY_OCT_SSCI_V1#MessageDiscard.DataDirection"/>
<ConfigurableProperty uri="ey.oct.flightscheduleupdate.EY_OCT_SSCI_V1#MessageDiscard.CharacterSet"/>
<ConfigurableProperty uri="ey.oct.flightscheduleupdate.EY_OCT_SSCI_V1#MessageDiscard.MessageSizeInMB"/>
<ConfigurableProperty override="3b" uri="ey.oct.flightscheduleupdate.EY_OCT_SSCI_V1#MessageDiscard.ProcessStep"/>
<ConfigurableProperty uri="ey.oct.flightscheduleupdate.EY_OCT_SSCI_V1#MessageDiscard.IsParentChildRelationRequired"/>
</CompiledMessageFlow>
</Broker>