<?xml version="1.0" encoding="UTF-8"?><Broker>
<CompiledApplication>
<ConfigurableProperty uri="startMode"/>
</CompiledApplication>
<CompiledMessageFlow name="ey.opsesb.hermes.cargotransfermatrix.EY_OPSESB_HERMES_ODS_CARGOTRANSFERMATRIX">
<ConfigurableProperty uri="ey.opsesb.hermes.cargotransfermatrix.EY_OPSESB_HERMES_ODS_CARGOTRANSFERMATRIX#additionalInstances"/>
<ConfigurableProperty uri="ey.opsesb.hermes.cargotransfermatrix.EY_OPSESB_HERMES_ODS_CARGOTRANSFERMATRIX#notificationThresholdMsgsPerSec"/>
<ConfigurableProperty uri="ey.opsesb.hermes.cargotransfermatrix.EY_OPSESB_HERMES_ODS_CARGOTRANSFERMATRIX#maximumRateMsgsPerSec"/>
<ConfigurableProperty uri="ey.opsesb.hermes.cargotransfermatrix.EY_OPSESB_HERMES_ODS_CARGOTRANSFERMATRIX#processingTimeoutSec"/>
<ConfigurableProperty uri="ey.opsesb.hermes.cargotransfermatrix.EY_OPSESB_HERMES_ODS_CARGOTRANSFERMATRIX#processingTimeoutAction"/>
<ConfigurableProperty uri="ey.opsesb.hermes.cargotransfermatrix.EY_OPSESB_HERMES_ODS_CARGOTRANSFERMATRIX#wlmPolicy"/>
<ConfigurableProperty uri="ey.opsesb.hermes.cargotransfermatrix.EY_OPSESB_HERMES_ODS_CARGOTRANSFERMATRIX#commitCount"/>
<ConfigurableProperty uri="ey.opsesb.hermes.cargotransfermatrix.EY_OPSESB_HERMES_ODS_CARGOTRANSFERMATRIX#commitInterval"/>
<ConfigurableProperty uri="ey.opsesb.hermes.cargotransfermatrix.EY_OPSESB_HERMES_ODS_CARGOTRANSFERMATRIX#coordinatedTransaction"/>
<ConfigurableProperty uri="ey.opsesb.hermes.cargotransfermatrix.EY_OPSESB_HERMES_ODS_CARGOTRANSFERMATRIX#consumerPolicySet"/>
<ConfigurableProperty uri="ey.opsesb.hermes.cargotransfermatrix.EY_OPSESB_HERMES_ODS_CARGOTRANSFERMATRIX#providerPolicySet"/>
<ConfigurableProperty uri="ey.opsesb.hermes.cargotransfermatrix.EY_OPSESB_HERMES_ODS_CARGOTRANSFERMATRIX#consumerPolicySetBindings"/>
<ConfigurableProperty uri="ey.opsesb.hermes.cargotransfermatrix.EY_OPSESB_HERMES_ODS_CARGOTRANSFERMATRIX#providerPolicySetBindings"/>
<ConfigurableProperty uri="ey.opsesb.hermes.cargotransfermatrix.EY_OPSESB_HERMES_ODS_CARGOTRANSFERMATRIX#securityProfileName"/>
<ConfigurableProperty uri="ey.opsesb.hermes.cargotransfermatrix.EY_OPSESB_HERMES_ODS_CARGOTRANSFERMATRIX#monitoringProfile"/>
<ConfigurableProperty uri="ey.opsesb.hermes.cargotransfermatrix.EY_OPSESB_HERMES_ODS_CARGOTRANSFERMATRIX#startMode"/>
<ConfigurableProperty uri="ey.opsesb.hermes.cargotransfermatrix.EY_OPSESB_HERMES_ODS_CARGOTRANSFERMATRIX#startInstancesWhenFlowStarts"/>
<ConfigurableProperty override="OPSESB_TST" uri="ey.opsesb.hermes.cargotransfermatrix.EY_OPSESB_HERMES_ODS_CARGOTRANSFERMATRIX#DB_NAME"/>
<ConfigurableProperty override="ops_ods" uri="ey.opsesb.hermes.cargotransfermatrix.EY_OPSESB_HERMES_ODS_CARGOTRANSFERMATRIX#DB_SCHEMA"/>
<ConfigurableProperty override="OPSESB" uri="ey.opsesb.hermes.cargotransfermatrix.EY_OPSESB_HERMES_ODS_CARGOTRANSFERMATRIX#ODS_USER_NM"/>
<ConfigurableProperty override="OPSESB_TST" uri="ey.opsesb.hermes.cargotransfermatrix.EY_OPSESB_HERMES_ODS_CARGOTRANSFERMATRIX#dataSource"/>
<ConfigurableProperty override="200" uri="ey.opsesb.hermes.cargotransfermatrix.EY_OPSESB_HERMES_ODS_CARGOTRANSFERMATRIX#SleepIntervalInMilliSec"/>
<ConfigurableProperty override="EY.HERMES.FLIGHTCARGOTRANSFERMATRIX.TST.IN" uri="ey.opsesb.hermes.cargotransfermatrix.EY_OPSESB_HERMES_ODS_CARGOTRANSFERMATRIX#CargoTransferMatrixMQInput.queueName"/>
<ConfigurableProperty uri="ey.opsesb.hermes.cargotransfermatrix.EY_OPSESB_HERMES_ODS_CARGOTRANSFERMATRIX#CargoTransferMatrixMQInput.connection"/>
<ConfigurableProperty uri="ey.opsesb.hermes.cargotransfermatrix.EY_OPSESB_HERMES_ODS_CARGOTRANSFERMATRIX#CargoTransferMatrixMQInput.destinationQueueManagerName"/>
<ConfigurableProperty uri="ey.opsesb.hermes.cargotransfermatrix.EY_OPSESB_HERMES_ODS_CARGOTRANSFERMATRIX#CargoTransferMatrixMQInput.queueManagerHostname"/>
<ConfigurableProperty uri="ey.opsesb.hermes.cargotransfermatrix.EY_OPSESB_HERMES_ODS_CARGOTRANSFERMATRIX#CargoTransferMatrixMQInput.listenerPortNumber"/>
<ConfigurableProperty uri="ey.opsesb.hermes.cargotransfermatrix.EY_OPSESB_HERMES_ODS_CARGOTRANSFERMATRIX#CargoTransferMatrixMQInput.channelName"/>
<ConfigurableProperty uri="ey.opsesb.hermes.cargotransfermatrix.EY_OPSESB_HERMES_ODS_CARGOTRANSFERMATRIX#CargoTransferMatrixMQInput.securityIdentity"/>
<ConfigurableProperty uri="ey.opsesb.hermes.cargotransfermatrix.EY_OPSESB_HERMES_ODS_CARGOTRANSFERMATRIX#CargoTransferMatrixMQInput.useSSL"/>
<ConfigurableProperty uri="ey.opsesb.hermes.cargotransfermatrix.EY_OPSESB_HERMES_ODS_CARGOTRANSFERMATRIX#CargoTransferMatrixMQInput.SSLPeerName"/>
<ConfigurableProperty uri="ey.opsesb.hermes.cargotransfermatrix.EY_OPSESB_HERMES_ODS_CARGOTRANSFERMATRIX#CargoTransferMatrixMQInput.SSLCipherSpec"/>
<ConfigurableProperty uri="ey.opsesb.hermes.cargotransfermatrix.EY_OPSESB_HERMES_ODS_CARGOTRANSFERMATRIX#CargoTransferMatrixMQInput.serializationToken"/>
<ConfigurableProperty uri="ey.opsesb.hermes.cargotransfermatrix.EY_OPSESB_HERMES_ODS_CARGOTRANSFERMATRIX#CargoTransferMatrixMQInput.topicProperty"/>
<ConfigurableProperty uri="ey.opsesb.hermes.cargotransfermatrix.EY_OPSESB_HERMES_ODS_CARGOTRANSFERMATRIX#CargoTransferMatrixMQInput.resetBrowseTimeout"/>
<ConfigurableProperty override="contentAndValue" uri="ey.opsesb.hermes.cargotransfermatrix.EY_OPSESB_HERMES_ODS_CARGOTRANSFERMATRIX#CargoTransferMatrixMQInput.validateMaster"/>
<ConfigurableProperty uri="ey.opsesb.hermes.cargotransfermatrix.EY_OPSESB_HERMES_ODS_CARGOTRANSFERMATRIX#CargoTransferMatrixMQInput.securityProfileName"/>
<ConfigurableProperty uri="ey.opsesb.hermes.cargotransfermatrix.EY_OPSESB_HERMES_ODS_CARGOTRANSFERMATRIX#CargoTransferMatrixMQInput.componentLevel"/>
<ConfigurableProperty uri="ey.opsesb.hermes.cargotransfermatrix.EY_OPSESB_HERMES_ODS_CARGOTRANSFERMATRIX#CargoTransferMatrixMQInput.additionalInstances"/>
<ConfigurableProperty uri="ey.opsesb.hermes.cargotransfermatrix.EY_OPSESB_HERMES_ODS_CARGOTRANSFERMATRIX#CargoTransferMatrixMQInput.policyUrl"/>
<ConfigurableProperty override="EY_A_OPSESB_FLIGHTCARGOTRANSFERMATRIXPAX_AQ_01" uri="ey.opsesb.hermes.cargotransfermatrix.EY_OPSESB_HERMES_ODS_CARGOTRANSFERMATRIX#CargoTransferMatrixAliasMQOutput.queueName"/>
<ConfigurableProperty uri="ey.opsesb.hermes.cargotransfermatrix.EY_OPSESB_HERMES_ODS_CARGOTRANSFERMATRIX#CargoTransferMatrixAliasMQOutput.connection"/>
<ConfigurableProperty uri="ey.opsesb.hermes.cargotransfermatrix.EY_OPSESB_HERMES_ODS_CARGOTRANSFERMATRIX#CargoTransferMatrixAliasMQOutput.destinationQueueManagerName"/>
<ConfigurableProperty uri="ey.opsesb.hermes.cargotransfermatrix.EY_OPSESB_HERMES_ODS_CARGOTRANSFERMATRIX#CargoTransferMatrixAliasMQOutput.queueManagerHostname"/>
<ConfigurableProperty uri="ey.opsesb.hermes.cargotransfermatrix.EY_OPSESB_HERMES_ODS_CARGOTRANSFERMATRIX#CargoTransferMatrixAliasMQOutput.listenerPortNumber"/>
<ConfigurableProperty uri="ey.opsesb.hermes.cargotransfermatrix.EY_OPSESB_HERMES_ODS_CARGOTRANSFERMATRIX#CargoTransferMatrixAliasMQOutput.channelName"/>
<ConfigurableProperty uri="ey.opsesb.hermes.cargotransfermatrix.EY_OPSESB_HERMES_ODS_CARGOTRANSFERMATRIX#CargoTransferMatrixAliasMQOutput.securityIdentity"/>
<ConfigurableProperty uri="ey.opsesb.hermes.cargotransfermatrix.EY_OPSESB_HERMES_ODS_CARGOTRANSFERMATRIX#CargoTransferMatrixAliasMQOutput.useSSL"/>
<ConfigurableProperty uri="ey.opsesb.hermes.cargotransfermatrix.EY_OPSESB_HERMES_ODS_CARGOTRANSFERMATRIX#CargoTransferMatrixAliasMQOutput.SSLPeerName"/>
<ConfigurableProperty uri="ey.opsesb.hermes.cargotransfermatrix.EY_OPSESB_HERMES_ODS_CARGOTRANSFERMATRIX#CargoTransferMatrixAliasMQOutput.SSLCipherSpec"/>
<ConfigurableProperty uri="ey.opsesb.hermes.cargotransfermatrix.EY_OPSESB_HERMES_ODS_CARGOTRANSFERMATRIX#CargoTransferMatrixAliasMQOutput.queueManagerName"/>
<ConfigurableProperty uri="ey.opsesb.hermes.cargotransfermatrix.EY_OPSESB_HERMES_ODS_CARGOTRANSFERMATRIX#CargoTransferMatrixAliasMQOutput.replyToQMgr"/>
<ConfigurableProperty uri="ey.opsesb.hermes.cargotransfermatrix.EY_OPSESB_HERMES_ODS_CARGOTRANSFERMATRIX#CargoTransferMatrixAliasMQOutput.replyToQ"/>
<ConfigurableProperty uri="ey.opsesb.hermes.cargotransfermatrix.EY_OPSESB_HERMES_ODS_CARGOTRANSFERMATRIX#CargoTransferMatrixAliasMQOutput.validateMaster"/>
<ConfigurableProperty uri="ey.opsesb.hermes.cargotransfermatrix.EY_OPSESB_HERMES_ODS_CARGOTRANSFERMATRIX#CargoTransferMatrixAliasMQOutput.securityProfileName"/>
<ConfigurableProperty uri="ey.opsesb.hermes.cargotransfermatrix.EY_OPSESB_HERMES_ODS_CARGOTRANSFERMATRIX#CargoTransferMatrixAliasMQOutput.policyUrl"/>
<ConfigurableProperty uri="ey.opsesb.hermes.cargotransfermatrix.EY_OPSESB_HERMES_ODS_CARGOTRANSFERMATRIX#CargoTransferMatrixAliasMQOutput.AddRequestToGroup"/>
<ConfigurableProperty uri="ey.opsesb.hermes.cargotransfermatrix.EY_OPSESB_HERMES_ODS_CARGOTRANSFERMATRIX#CargoTransferMatrixAliasMQOutput.GroupRequestFolderName"/>
<ConfigurableProperty uri="ey.opsesb.hermes.cargotransfermatrix.EY_OPSESB_HERMES_ODS_CARGOTRANSFERMATRIX#CargoTransferMatrixAliasMQOutput.GroupRequestTimeout"/>
<ConfigurableProperty uri="ey.opsesb.hermes.cargotransfermatrix.EY_OPSESB_HERMES_ODS_CARGOTRANSFERMATRIX#CargoTransferMatrixCompute.connectDatasourceBeforeFlowStarts"/>
<ConfigurableProperty uri="ey.opsesb.hermes.cargotransfermatrix.EY_OPSESB_HERMES_ODS_CARGOTRANSFERMATRIX#CargoTransferMatrixCompute.validateMaster"/>
<ConfigurableProperty uri="ey.opsesb.hermes.cargotransfermatrix.EY_OPSESB_HERMES_ODS_CARGOTRANSFERMATRIX#CheckRetry.RetryIntervalInSec"/>
<ConfigurableProperty uri="ey.opsesb.hermes.cargotransfermatrix.EY_OPSESB_HERMES_ODS_CARGOTRANSFERMATRIX#CheckRetry.MaxRetryCount"/>
<ConfigurableProperty override="1205,deadlock,53,Could not open a connection to SQL Server,08001,Connection refused,3621" uri="ey.opsesb.hermes.cargotransfermatrix.EY_OPSESB_HERMES_ODS_CARGOTRANSFERMATRIX#CheckRetry.ErrorCodes"/>
<ConfigurableProperty override="EY_OPSESB_HERMES_ODS_CARGOTRANSFERMATRIX" uri="ey.opsesb.hermes.cargotransfermatrix.EY_OPSESB_HERMES_ODS_CARGOTRANSFERMATRIX#AuditLogger.InterfaceID"/>
<ConfigurableProperty override="Cargo Transfer Matrix Information Received from Hermes" uri="ey.opsesb.hermes.cargotransfermatrix.EY_OPSESB_HERMES_ODS_CARGOTRANSFERMATRIX#AuditLogger.StatusText"/>
<ConfigurableProperty override="1a" uri="ey.opsesb.hermes.cargotransfermatrix.EY_OPSESB_HERMES_ODS_CARGOTRANSFERMATRIX#AuditLogger.ProcessStep"/>
<ConfigurableProperty uri="ey.opsesb.hermes.cargotransfermatrix.EY_OPSESB_HERMES_ODS_CARGOTRANSFERMATRIX#AuditLogger.IsMsgDetailsRequired"/>
<ConfigurableProperty uri="ey.opsesb.hermes.cargotransfermatrix.EY_OPSESB_HERMES_ODS_CARGOTRANSFERMATRIX#AuditLogger.IsPayloadRequired"/>
<ConfigurableProperty uri="ey.opsesb.hermes.cargotransfermatrix.EY_OPSESB_HERMES_ODS_CARGOTRANSFERMATRIX#AuditLogger.MsgFormat"/>
<ConfigurableProperty override="I" uri="ey.opsesb.hermes.cargotransfermatrix.EY_OPSESB_HERMES_ODS_CARGOTRANSFERMATRIX#AuditLogger.DataDirection"/>
<ConfigurableProperty uri="ey.opsesb.hermes.cargotransfermatrix.EY_OPSESB_HERMES_ODS_CARGOTRANSFERMATRIX#AuditLogger.CharacterSet"/>
<ConfigurableProperty uri="ey.opsesb.hermes.cargotransfermatrix.EY_OPSESB_HERMES_ODS_CARGOTRANSFERMATRIX#AuditLogger.MessageSizeInMB"/>
<ConfigurableProperty override="XML" uri="ey.opsesb.hermes.cargotransfermatrix.EY_OPSESB_HERMES_ODS_CARGOTRANSFERMATRIX#AuditLogger.MsgType"/>
<ConfigurableProperty override="true" uri="ey.opsesb.hermes.cargotransfermatrix.EY_OPSESB_HERMES_ODS_CARGOTRANSFERMATRIX#AuditLogger.IsAuditLogRequired"/>
<ConfigurableProperty uri="ey.opsesb.hermes.cargotransfermatrix.EY_OPSESB_HERMES_ODS_CARGOTRANSFERMATRIX#AuditLogger.IsParentChildRelationRequired"/>
<ConfigurableProperty uri="ey.opsesb.hermes.cargotransfermatrix.EY_OPSESB_HERMES_ODS_CARGOTRANSFERMATRIX#AuditLogger.AuditFileRequired"/>
<ConfigurableProperty override="Cargo Transfer Matrix Information is inserted into DB" uri="ey.opsesb.hermes.cargotransfermatrix.EY_OPSESB_HERMES_ODS_CARGOTRANSFERMATRIX#CaptureLog.StatusText"/>
<ConfigurableProperty uri="ey.opsesb.hermes.cargotransfermatrix.EY_OPSESB_HERMES_ODS_CARGOTRANSFERMATRIX#CaptureLog.IsMsgDetailsRequired"/>
<ConfigurableProperty uri="ey.opsesb.hermes.cargotransfermatrix.EY_OPSESB_HERMES_ODS_CARGOTRANSFERMATRIX#CaptureLog.IsPayloadRequired"/>
<ConfigurableProperty uri="ey.opsesb.hermes.cargotransfermatrix.EY_OPSESB_HERMES_ODS_CARGOTRANSFERMATRIX#CaptureLog.MsgFormat"/>
<ConfigurableProperty override="O" uri="ey.opsesb.hermes.cargotransfermatrix.EY_OPSESB_HERMES_ODS_CARGOTRANSFERMATRIX#CaptureLog.DataDirection"/>
<ConfigurableProperty uri="ey.opsesb.hermes.cargotransfermatrix.EY_OPSESB_HERMES_ODS_CARGOTRANSFERMATRIX#CaptureLog.CharacterSet"/>
<ConfigurableProperty uri="ey.opsesb.hermes.cargotransfermatrix.EY_OPSESB_HERMES_ODS_CARGOTRANSFERMATRIX#CaptureLog.MessageSizeInMB"/>
<ConfigurableProperty override="1b" uri="ey.opsesb.hermes.cargotransfermatrix.EY_OPSESB_HERMES_ODS_CARGOTRANSFERMATRIX#CaptureLog.ProcessStep"/>
<ConfigurableProperty uri="ey.opsesb.hermes.cargotransfermatrix.EY_OPSESB_HERMES_ODS_CARGOTRANSFERMATRIX#CaptureLog.IsParentChildRelationRequired"/>
<ConfigurableProperty override="Cargo Transfer Matrix Notification Sent to Topic" uri="ey.opsesb.hermes.cargotransfermatrix.EY_OPSESB_HERMES_ODS_CARGOTRANSFERMATRIX#CaptureLog1.StatusText"/>
<ConfigurableProperty uri="ey.opsesb.hermes.cargotransfermatrix.EY_OPSESB_HERMES_ODS_CARGOTRANSFERMATRIX#CaptureLog1.IsMsgDetailsRequired"/>
<ConfigurableProperty uri="ey.opsesb.hermes.cargotransfermatrix.EY_OPSESB_HERMES_ODS_CARGOTRANSFERMATRIX#CaptureLog1.IsPayloadRequired"/>
<ConfigurableProperty uri="ey.opsesb.hermes.cargotransfermatrix.EY_OPSESB_HERMES_ODS_CARGOTRANSFERMATRIX#CaptureLog1.MsgFormat"/>
<ConfigurableProperty override="O" uri="ey.opsesb.hermes.cargotransfermatrix.EY_OPSESB_HERMES_ODS_CARGOTRANSFERMATRIX#CaptureLog1.DataDirection"/>
<ConfigurableProperty uri="ey.opsesb.hermes.cargotransfermatrix.EY_OPSESB_HERMES_ODS_CARGOTRANSFERMATRIX#CaptureLog1.CharacterSet"/>
<ConfigurableProperty uri="ey.opsesb.hermes.cargotransfermatrix.EY_OPSESB_HERMES_ODS_CARGOTRANSFERMATRIX#CaptureLog1.MessageSizeInMB"/>
<ConfigurableProperty override="1c" uri="ey.opsesb.hermes.cargotransfermatrix.EY_OPSESB_HERMES_ODS_CARGOTRANSFERMATRIX#CaptureLog1.ProcessStep"/>
<ConfigurableProperty uri="ey.opsesb.hermes.cargotransfermatrix.EY_OPSESB_HERMES_ODS_CARGOTRANSFERMATRIX#CaptureLog1.IsParentChildRelationRequired"/>
</CompiledMessageFlow>
</Broker>