<?xml version="1.0" encoding="UTF-8"?><Broker>
<CompiledApplication>
<ConfigurableProperty uri="startMode"/>
</CompiledApplication>
<CompiledMessageFlow name="ey.opsesb.hermes.estimatedcargoload.EY_OPSESB_HERMES_ODS_ESTIMATEDCARGOLOAD">
<ConfigurableProperty uri="ey.opsesb.hermes.estimatedcargoload.EY_OPSESB_HERMES_ODS_ESTIMATEDCARGOLOAD#additionalInstances"/>
<ConfigurableProperty uri="ey.opsesb.hermes.estimatedcargoload.EY_OPSESB_HERMES_ODS_ESTIMATEDCARGOLOAD#notificationThresholdMsgsPerSec"/>
<ConfigurableProperty uri="ey.opsesb.hermes.estimatedcargoload.EY_OPSESB_HERMES_ODS_ESTIMATEDCARGOLOAD#maximumRateMsgsPerSec"/>
<ConfigurableProperty uri="ey.opsesb.hermes.estimatedcargoload.EY_OPSESB_HERMES_ODS_ESTIMATEDCARGOLOAD#processingTimeoutSec"/>
<ConfigurableProperty uri="ey.opsesb.hermes.estimatedcargoload.EY_OPSESB_HERMES_ODS_ESTIMATEDCARGOLOAD#processingTimeoutAction"/>
<ConfigurableProperty uri="ey.opsesb.hermes.estimatedcargoload.EY_OPSESB_HERMES_ODS_ESTIMATEDCARGOLOAD#wlmPolicy"/>
<ConfigurableProperty uri="ey.opsesb.hermes.estimatedcargoload.EY_OPSESB_HERMES_ODS_ESTIMATEDCARGOLOAD#commitCount"/>
<ConfigurableProperty uri="ey.opsesb.hermes.estimatedcargoload.EY_OPSESB_HERMES_ODS_ESTIMATEDCARGOLOAD#commitInterval"/>
<ConfigurableProperty uri="ey.opsesb.hermes.estimatedcargoload.EY_OPSESB_HERMES_ODS_ESTIMATEDCARGOLOAD#coordinatedTransaction"/>
<ConfigurableProperty uri="ey.opsesb.hermes.estimatedcargoload.EY_OPSESB_HERMES_ODS_ESTIMATEDCARGOLOAD#consumerPolicySet"/>
<ConfigurableProperty uri="ey.opsesb.hermes.estimatedcargoload.EY_OPSESB_HERMES_ODS_ESTIMATEDCARGOLOAD#providerPolicySet"/>
<ConfigurableProperty uri="ey.opsesb.hermes.estimatedcargoload.EY_OPSESB_HERMES_ODS_ESTIMATEDCARGOLOAD#consumerPolicySetBindings"/>
<ConfigurableProperty uri="ey.opsesb.hermes.estimatedcargoload.EY_OPSESB_HERMES_ODS_ESTIMATEDCARGOLOAD#providerPolicySetBindings"/>
<ConfigurableProperty uri="ey.opsesb.hermes.estimatedcargoload.EY_OPSESB_HERMES_ODS_ESTIMATEDCARGOLOAD#securityProfileName"/>
<ConfigurableProperty uri="ey.opsesb.hermes.estimatedcargoload.EY_OPSESB_HERMES_ODS_ESTIMATEDCARGOLOAD#monitoringProfile"/>
<ConfigurableProperty uri="ey.opsesb.hermes.estimatedcargoload.EY_OPSESB_HERMES_ODS_ESTIMATEDCARGOLOAD#startMode"/>
<ConfigurableProperty uri="ey.opsesb.hermes.estimatedcargoload.EY_OPSESB_HERMES_ODS_ESTIMATEDCARGOLOAD#startInstancesWhenFlowStarts"/>
<ConfigurableProperty override="OPSESB_TST" uri="ey.opsesb.hermes.estimatedcargoload.EY_OPSESB_HERMES_ODS_ESTIMATEDCARGOLOAD#DB_NAME"/>
<ConfigurableProperty override="ops_ods" uri="ey.opsesb.hermes.estimatedcargoload.EY_OPSESB_HERMES_ODS_ESTIMATEDCARGOLOAD#DB_SCHEMA"/>
<ConfigurableProperty override="OPSESB" uri="ey.opsesb.hermes.estimatedcargoload.EY_OPSESB_HERMES_ODS_ESTIMATEDCARGOLOAD#ODS_USER_NM"/>
<ConfigurableProperty override="OPSESB_TST" uri="ey.opsesb.hermes.estimatedcargoload.EY_OPSESB_HERMES_ODS_ESTIMATEDCARGOLOAD#dataSource"/>
<ConfigurableProperty override="200" uri="ey.opsesb.hermes.estimatedcargoload.EY_OPSESB_HERMES_ODS_ESTIMATEDCARGOLOAD#SleepIntervalInMilliSec"/>
<ConfigurableProperty override="EY.HERMES.FLIGHTESTIMATEDCARGOLOAD.TST.IN" uri="ey.opsesb.hermes.estimatedcargoload.EY_OPSESB_HERMES_ODS_ESTIMATEDCARGOLOAD#EstimatedCargoLoadMQInput.queueName"/>
<ConfigurableProperty uri="ey.opsesb.hermes.estimatedcargoload.EY_OPSESB_HERMES_ODS_ESTIMATEDCARGOLOAD#EstimatedCargoLoadMQInput.connection"/>
<ConfigurableProperty uri="ey.opsesb.hermes.estimatedcargoload.EY_OPSESB_HERMES_ODS_ESTIMATEDCARGOLOAD#EstimatedCargoLoadMQInput.destinationQueueManagerName"/>
<ConfigurableProperty uri="ey.opsesb.hermes.estimatedcargoload.EY_OPSESB_HERMES_ODS_ESTIMATEDCARGOLOAD#EstimatedCargoLoadMQInput.queueManagerHostname"/>
<ConfigurableProperty uri="ey.opsesb.hermes.estimatedcargoload.EY_OPSESB_HERMES_ODS_ESTIMATEDCARGOLOAD#EstimatedCargoLoadMQInput.listenerPortNumber"/>
<ConfigurableProperty uri="ey.opsesb.hermes.estimatedcargoload.EY_OPSESB_HERMES_ODS_ESTIMATEDCARGOLOAD#EstimatedCargoLoadMQInput.channelName"/>
<ConfigurableProperty uri="ey.opsesb.hermes.estimatedcargoload.EY_OPSESB_HERMES_ODS_ESTIMATEDCARGOLOAD#EstimatedCargoLoadMQInput.securityIdentity"/>
<ConfigurableProperty uri="ey.opsesb.hermes.estimatedcargoload.EY_OPSESB_HERMES_ODS_ESTIMATEDCARGOLOAD#EstimatedCargoLoadMQInput.useSSL"/>
<ConfigurableProperty uri="ey.opsesb.hermes.estimatedcargoload.EY_OPSESB_HERMES_ODS_ESTIMATEDCARGOLOAD#EstimatedCargoLoadMQInput.SSLPeerName"/>
<ConfigurableProperty uri="ey.opsesb.hermes.estimatedcargoload.EY_OPSESB_HERMES_ODS_ESTIMATEDCARGOLOAD#EstimatedCargoLoadMQInput.SSLCipherSpec"/>
<ConfigurableProperty uri="ey.opsesb.hermes.estimatedcargoload.EY_OPSESB_HERMES_ODS_ESTIMATEDCARGOLOAD#EstimatedCargoLoadMQInput.serializationToken"/>
<ConfigurableProperty uri="ey.opsesb.hermes.estimatedcargoload.EY_OPSESB_HERMES_ODS_ESTIMATEDCARGOLOAD#EstimatedCargoLoadMQInput.topicProperty"/>
<ConfigurableProperty uri="ey.opsesb.hermes.estimatedcargoload.EY_OPSESB_HERMES_ODS_ESTIMATEDCARGOLOAD#EstimatedCargoLoadMQInput.resetBrowseTimeout"/>
<ConfigurableProperty override="contentAndValue" uri="ey.opsesb.hermes.estimatedcargoload.EY_OPSESB_HERMES_ODS_ESTIMATEDCARGOLOAD#EstimatedCargoLoadMQInput.validateMaster"/>
<ConfigurableProperty uri="ey.opsesb.hermes.estimatedcargoload.EY_OPSESB_HERMES_ODS_ESTIMATEDCARGOLOAD#EstimatedCargoLoadMQInput.securityProfileName"/>
<ConfigurableProperty uri="ey.opsesb.hermes.estimatedcargoload.EY_OPSESB_HERMES_ODS_ESTIMATEDCARGOLOAD#EstimatedCargoLoadMQInput.componentLevel"/>
<ConfigurableProperty uri="ey.opsesb.hermes.estimatedcargoload.EY_OPSESB_HERMES_ODS_ESTIMATEDCARGOLOAD#EstimatedCargoLoadMQInput.additionalInstances"/>
<ConfigurableProperty uri="ey.opsesb.hermes.estimatedcargoload.EY_OPSESB_HERMES_ODS_ESTIMATEDCARGOLOAD#EstimatedCargoLoadMQInput.policyUrl"/>
<ConfigurableProperty override="EY_A_OPSESB_FLIGHTACTUALCARGOLOAD_AQ_01" uri="ey.opsesb.hermes.estimatedcargoload.EY_OPSESB_HERMES_ODS_ESTIMATEDCARGOLOAD#EstimatedCargoLoadAliasMQOutput.queueName"/>
<ConfigurableProperty uri="ey.opsesb.hermes.estimatedcargoload.EY_OPSESB_HERMES_ODS_ESTIMATEDCARGOLOAD#EstimatedCargoLoadAliasMQOutput.connection"/>
<ConfigurableProperty uri="ey.opsesb.hermes.estimatedcargoload.EY_OPSESB_HERMES_ODS_ESTIMATEDCARGOLOAD#EstimatedCargoLoadAliasMQOutput.destinationQueueManagerName"/>
<ConfigurableProperty uri="ey.opsesb.hermes.estimatedcargoload.EY_OPSESB_HERMES_ODS_ESTIMATEDCARGOLOAD#EstimatedCargoLoadAliasMQOutput.queueManagerHostname"/>
<ConfigurableProperty uri="ey.opsesb.hermes.estimatedcargoload.EY_OPSESB_HERMES_ODS_ESTIMATEDCARGOLOAD#EstimatedCargoLoadAliasMQOutput.listenerPortNumber"/>
<ConfigurableProperty uri="ey.opsesb.hermes.estimatedcargoload.EY_OPSESB_HERMES_ODS_ESTIMATEDCARGOLOAD#EstimatedCargoLoadAliasMQOutput.channelName"/>
<ConfigurableProperty uri="ey.opsesb.hermes.estimatedcargoload.EY_OPSESB_HERMES_ODS_ESTIMATEDCARGOLOAD#EstimatedCargoLoadAliasMQOutput.securityIdentity"/>
<ConfigurableProperty uri="ey.opsesb.hermes.estimatedcargoload.EY_OPSESB_HERMES_ODS_ESTIMATEDCARGOLOAD#EstimatedCargoLoadAliasMQOutput.useSSL"/>
<ConfigurableProperty uri="ey.opsesb.hermes.estimatedcargoload.EY_OPSESB_HERMES_ODS_ESTIMATEDCARGOLOAD#EstimatedCargoLoadAliasMQOutput.SSLPeerName"/>
<ConfigurableProperty uri="ey.opsesb.hermes.estimatedcargoload.EY_OPSESB_HERMES_ODS_ESTIMATEDCARGOLOAD#EstimatedCargoLoadAliasMQOutput.SSLCipherSpec"/>
<ConfigurableProperty uri="ey.opsesb.hermes.estimatedcargoload.EY_OPSESB_HERMES_ODS_ESTIMATEDCARGOLOAD#EstimatedCargoLoadAliasMQOutput.queueManagerName"/>
<ConfigurableProperty uri="ey.opsesb.hermes.estimatedcargoload.EY_OPSESB_HERMES_ODS_ESTIMATEDCARGOLOAD#EstimatedCargoLoadAliasMQOutput.replyToQMgr"/>
<ConfigurableProperty uri="ey.opsesb.hermes.estimatedcargoload.EY_OPSESB_HERMES_ODS_ESTIMATEDCARGOLOAD#EstimatedCargoLoadAliasMQOutput.replyToQ"/>
<ConfigurableProperty uri="ey.opsesb.hermes.estimatedcargoload.EY_OPSESB_HERMES_ODS_ESTIMATEDCARGOLOAD#EstimatedCargoLoadAliasMQOutput.validateMaster"/>
<ConfigurableProperty uri="ey.opsesb.hermes.estimatedcargoload.EY_OPSESB_HERMES_ODS_ESTIMATEDCARGOLOAD#EstimatedCargoLoadAliasMQOutput.securityProfileName"/>
<ConfigurableProperty uri="ey.opsesb.hermes.estimatedcargoload.EY_OPSESB_HERMES_ODS_ESTIMATEDCARGOLOAD#EstimatedCargoLoadAliasMQOutput.policyUrl"/>
<ConfigurableProperty uri="ey.opsesb.hermes.estimatedcargoload.EY_OPSESB_HERMES_ODS_ESTIMATEDCARGOLOAD#EstimatedCargoLoadAliasMQOutput.AddRequestToGroup"/>
<ConfigurableProperty uri="ey.opsesb.hermes.estimatedcargoload.EY_OPSESB_HERMES_ODS_ESTIMATEDCARGOLOAD#EstimatedCargoLoadAliasMQOutput.GroupRequestFolderName"/>
<ConfigurableProperty uri="ey.opsesb.hermes.estimatedcargoload.EY_OPSESB_HERMES_ODS_ESTIMATEDCARGOLOAD#EstimatedCargoLoadAliasMQOutput.GroupRequestTimeout"/>
<ConfigurableProperty uri="ey.opsesb.hermes.estimatedcargoload.EY_OPSESB_HERMES_ODS_ESTIMATEDCARGOLOAD#EstimatedCargoLoadCompute.connectDatasourceBeforeFlowStarts"/>
<ConfigurableProperty uri="ey.opsesb.hermes.estimatedcargoload.EY_OPSESB_HERMES_ODS_ESTIMATEDCARGOLOAD#EstimatedCargoLoadCompute.validateMaster"/>
<ConfigurableProperty override="EY_OPSESB_HERMES_ODS_ESTIMATEDCARGOLOAD" uri="ey.opsesb.hermes.estimatedcargoload.EY_OPSESB_HERMES_ODS_ESTIMATEDCARGOLOAD#AuditLogger.InterfaceID"/>
<ConfigurableProperty override="Estimated Cargo Load Information Received from Hermes" uri="ey.opsesb.hermes.estimatedcargoload.EY_OPSESB_HERMES_ODS_ESTIMATEDCARGOLOAD#AuditLogger.StatusText"/>
<ConfigurableProperty override="1a" uri="ey.opsesb.hermes.estimatedcargoload.EY_OPSESB_HERMES_ODS_ESTIMATEDCARGOLOAD#AuditLogger.ProcessStep"/>
<ConfigurableProperty uri="ey.opsesb.hermes.estimatedcargoload.EY_OPSESB_HERMES_ODS_ESTIMATEDCARGOLOAD#AuditLogger.IsMsgDetailsRequired"/>
<ConfigurableProperty uri="ey.opsesb.hermes.estimatedcargoload.EY_OPSESB_HERMES_ODS_ESTIMATEDCARGOLOAD#AuditLogger.IsPayloadRequired"/>
<ConfigurableProperty uri="ey.opsesb.hermes.estimatedcargoload.EY_OPSESB_HERMES_ODS_ESTIMATEDCARGOLOAD#AuditLogger.MsgFormat"/>
<ConfigurableProperty override="I" uri="ey.opsesb.hermes.estimatedcargoload.EY_OPSESB_HERMES_ODS_ESTIMATEDCARGOLOAD#AuditLogger.DataDirection"/>
<ConfigurableProperty uri="ey.opsesb.hermes.estimatedcargoload.EY_OPSESB_HERMES_ODS_ESTIMATEDCARGOLOAD#AuditLogger.CharacterSet"/>
<ConfigurableProperty uri="ey.opsesb.hermes.estimatedcargoload.EY_OPSESB_HERMES_ODS_ESTIMATEDCARGOLOAD#AuditLogger.MessageSizeInMB"/>
<ConfigurableProperty override="XML" uri="ey.opsesb.hermes.estimatedcargoload.EY_OPSESB_HERMES_ODS_ESTIMATEDCARGOLOAD#AuditLogger.MsgType"/>
<ConfigurableProperty override="true" uri="ey.opsesb.hermes.estimatedcargoload.EY_OPSESB_HERMES_ODS_ESTIMATEDCARGOLOAD#AuditLogger.IsAuditLogRequired"/>
<ConfigurableProperty uri="ey.opsesb.hermes.estimatedcargoload.EY_OPSESB_HERMES_ODS_ESTIMATEDCARGOLOAD#AuditLogger.IsParentChildRelationRequired"/>
<ConfigurableProperty uri="ey.opsesb.hermes.estimatedcargoload.EY_OPSESB_HERMES_ODS_ESTIMATEDCARGOLOAD#AuditLogger.AuditFileRequired"/>
<ConfigurableProperty override="Estimated Cargo Load Information is inserted into DB" uri="ey.opsesb.hermes.estimatedcargoload.EY_OPSESB_HERMES_ODS_ESTIMATEDCARGOLOAD#CaptureLog.StatusText"/>
<ConfigurableProperty uri="ey.opsesb.hermes.estimatedcargoload.EY_OPSESB_HERMES_ODS_ESTIMATEDCARGOLOAD#CaptureLog.IsMsgDetailsRequired"/>
<ConfigurableProperty uri="ey.opsesb.hermes.estimatedcargoload.EY_OPSESB_HERMES_ODS_ESTIMATEDCARGOLOAD#CaptureLog.IsPayloadRequired"/>
<ConfigurableProperty uri="ey.opsesb.hermes.estimatedcargoload.EY_OPSESB_HERMES_ODS_ESTIMATEDCARGOLOAD#CaptureLog.MsgFormat"/>
<ConfigurableProperty override="O" uri="ey.opsesb.hermes.estimatedcargoload.EY_OPSESB_HERMES_ODS_ESTIMATEDCARGOLOAD#CaptureLog.DataDirection"/>
<ConfigurableProperty uri="ey.opsesb.hermes.estimatedcargoload.EY_OPSESB_HERMES_ODS_ESTIMATEDCARGOLOAD#CaptureLog.CharacterSet"/>
<ConfigurableProperty uri="ey.opsesb.hermes.estimatedcargoload.EY_OPSESB_HERMES_ODS_ESTIMATEDCARGOLOAD#CaptureLog.MessageSizeInMB"/>
<ConfigurableProperty override="1b" uri="ey.opsesb.hermes.estimatedcargoload.EY_OPSESB_HERMES_ODS_ESTIMATEDCARGOLOAD#CaptureLog.ProcessStep"/>
<ConfigurableProperty uri="ey.opsesb.hermes.estimatedcargoload.EY_OPSESB_HERMES_ODS_ESTIMATEDCARGOLOAD#CaptureLog.IsParentChildRelationRequired"/>
<ConfigurableProperty override="Estimated Cargo Load Notification Sent to Topic" uri="ey.opsesb.hermes.estimatedcargoload.EY_OPSESB_HERMES_ODS_ESTIMATEDCARGOLOAD#CaptureLog1.StatusText"/>
<ConfigurableProperty uri="ey.opsesb.hermes.estimatedcargoload.EY_OPSESB_HERMES_ODS_ESTIMATEDCARGOLOAD#CaptureLog1.IsMsgDetailsRequired"/>
<ConfigurableProperty uri="ey.opsesb.hermes.estimatedcargoload.EY_OPSESB_HERMES_ODS_ESTIMATEDCARGOLOAD#CaptureLog1.IsPayloadRequired"/>
<ConfigurableProperty uri="ey.opsesb.hermes.estimatedcargoload.EY_OPSESB_HERMES_ODS_ESTIMATEDCARGOLOAD#CaptureLog1.MsgFormat"/>
<ConfigurableProperty override="O" uri="ey.opsesb.hermes.estimatedcargoload.EY_OPSESB_HERMES_ODS_ESTIMATEDCARGOLOAD#CaptureLog1.DataDirection"/>
<ConfigurableProperty uri="ey.opsesb.hermes.estimatedcargoload.EY_OPSESB_HERMES_ODS_ESTIMATEDCARGOLOAD#CaptureLog1.CharacterSet"/>
<ConfigurableProperty uri="ey.opsesb.hermes.estimatedcargoload.EY_OPSESB_HERMES_ODS_ESTIMATEDCARGOLOAD#CaptureLog1.MessageSizeInMB"/>
<ConfigurableProperty override="1c" uri="ey.opsesb.hermes.estimatedcargoload.EY_OPSESB_HERMES_ODS_ESTIMATEDCARGOLOAD#CaptureLog1.ProcessStep"/>
<ConfigurableProperty uri="ey.opsesb.hermes.estimatedcargoload.EY_OPSESB_HERMES_ODS_ESTIMATEDCARGOLOAD#CaptureLog1.IsParentChildRelationRequired"/>
<ConfigurableProperty uri="ey.opsesb.hermes.estimatedcargoload.EY_OPSESB_HERMES_ODS_ESTIMATEDCARGOLOAD#CheckRetry.RetryIntervalInSec"/>
<ConfigurableProperty uri="ey.opsesb.hermes.estimatedcargoload.EY_OPSESB_HERMES_ODS_ESTIMATEDCARGOLOAD#CheckRetry.MaxRetryCount"/>
<ConfigurableProperty override="1205,deadlock,53,Could not open a connection to SQL Server,08001,Connection refused,3621" uri="ey.opsesb.hermes.estimatedcargoload.EY_OPSESB_HERMES_ODS_ESTIMATEDCARGOLOAD#CheckRetry.ErrorCodes"/>
</CompiledMessageFlow>
</Broker>