<?xml version="1.0" encoding="UTF-8"?><Broker>
<CompiledMessageFlow name="com.ey.soa.si.retry.CheckRetry" type="subflow">
<ConfigurableProperty override="5" uri="com.ey.soa.si.retry.CheckRetry#RetryIntervalInSec"/>
<ConfigurableProperty override="3" uri="com.ey.soa.si.retry.CheckRetry#MaxRetryCount"/>
<ConfigurableProperty override="1205,deadlock,53,Could not open a connection to SQL Server,08001,Connection refused" uri="com.ey.soa.si.retry.CheckRetry#ErrorCodes"/>
<ConfigurableProperty uri="com.ey.soa.si.retry.CheckRetry#CheckForRetry.dataSource"/>
<ConfigurableProperty uri="com.ey.soa.si.retry.CheckRetry#CheckForRetry.connectDatasourceBeforeFlowStarts"/>
<ConfigurableProperty uri="com.ey.soa.si.retry.CheckRetry#CheckForRetry.validateMaster"/>
</CompiledMessageFlow>
</Broker>