<?xml version="1.0" encoding="UTF-8"?><Broker>
<CompiledApplication>
<ConfigurableProperty uri="startMode"/>
</CompiledApplication>
<CompiledMessageFlow name="ey.opsesb.proveo.EY_OPSESB_PROVEO_ODS_TURNAROUND">
<ConfigurableProperty uri="ey.opsesb.proveo.EY_OPSESB_PROVEO_ODS_TURNAROUND#additionalInstances"/>
<ConfigurableProperty uri="ey.opsesb.proveo.EY_OPSESB_PROVEO_ODS_TURNAROUND#notificationThresholdMsgsPerSec"/>
<ConfigurableProperty uri="ey.opsesb.proveo.EY_OPSESB_PROVEO_ODS_TURNAROUND#maximumRateMsgsPerSec"/>
<ConfigurableProperty uri="ey.opsesb.proveo.EY_OPSESB_PROVEO_ODS_TURNAROUND#processingTimeoutSec"/>
<ConfigurableProperty uri="ey.opsesb.proveo.EY_OPSESB_PROVEO_ODS_TURNAROUND#processingTimeoutAction"/>
<ConfigurableProperty uri="ey.opsesb.proveo.EY_OPSESB_PROVEO_ODS_TURNAROUND#wlmPolicy"/>
<ConfigurableProperty uri="ey.opsesb.proveo.EY_OPSESB_PROVEO_ODS_TURNAROUND#commitCount"/>
<ConfigurableProperty uri="ey.opsesb.proveo.EY_OPSESB_PROVEO_ODS_TURNAROUND#commitInterval"/>
<ConfigurableProperty uri="ey.opsesb.proveo.EY_OPSESB_PROVEO_ODS_TURNAROUND#coordinatedTransaction"/>
<ConfigurableProperty uri="ey.opsesb.proveo.EY_OPSESB_PROVEO_ODS_TURNAROUND#consumerPolicySet"/>
<ConfigurableProperty uri="ey.opsesb.proveo.EY_OPSESB_PROVEO_ODS_TURNAROUND#providerPolicySet"/>
<ConfigurableProperty uri="ey.opsesb.proveo.EY_OPSESB_PROVEO_ODS_TURNAROUND#consumerPolicySetBindings"/>
<ConfigurableProperty uri="ey.opsesb.proveo.EY_OPSESB_PROVEO_ODS_TURNAROUND#providerPolicySetBindings"/>
<ConfigurableProperty uri="ey.opsesb.proveo.EY_OPSESB_PROVEO_ODS_TURNAROUND#securityProfileName"/>
<ConfigurableProperty uri="ey.opsesb.proveo.EY_OPSESB_PROVEO_ODS_TURNAROUND#monitoringProfile"/>
<ConfigurableProperty uri="ey.opsesb.proveo.EY_OPSESB_PROVEO_ODS_TURNAROUND#startMode"/>
<ConfigurableProperty uri="ey.opsesb.proveo.EY_OPSESB_PROVEO_ODS_TURNAROUND#startInstancesWhenFlowStarts"/>
<ConfigurableProperty override="OPSESB_TST" uri="ey.opsesb.proveo.EY_OPSESB_PROVEO_ODS_TURNAROUND#dataSource"/>
<ConfigurableProperty override="OPSESB_TST" uri="ey.opsesb.proveo.EY_OPSESB_PROVEO_ODS_TURNAROUND#DB_NAME"/>
<ConfigurableProperty override="ops_ods" uri="ey.opsesb.proveo.EY_OPSESB_PROVEO_ODS_TURNAROUND#DB_SCHEMA"/>
<ConfigurableProperty override="OPSESB" uri="ey.opsesb.proveo.EY_OPSESB_PROVEO_ODS_TURNAROUND#ODS_USER_NM"/>
<ConfigurableProperty override="200" uri="ey.opsesb.proveo.EY_OPSESB_PROVEO_ODS_TURNAROUND#SleepIntervalInMilliSec"/>
<ConfigurableProperty override="'CAN','NOP','CX'" uri="ey.opsesb.proveo.EY_OPSESB_PROVEO_ODS_TURNAROUND#NonOpeFlightStatusCodes"/>
<ConfigurableProperty override="AODB" uri="ey.opsesb.proveo.EY_OPSESB_PROVEO_ODS_TURNAROUND#PrioritySourceSystem"/>
<ConfigurableProperty override="true" uri="ey.opsesb.proveo.EY_OPSESB_PROVEO_ODS_TURNAROUND#RelaxationRequired"/>
<ConfigurableProperty override="EY.PROVEO.FLIGHTTURNAROUND.TST.IN" uri="ey.opsesb.proveo.EY_OPSESB_PROVEO_ODS_TURNAROUND#ProveoTurnaroundMQInput.queueName"/>
<ConfigurableProperty uri="ey.opsesb.proveo.EY_OPSESB_PROVEO_ODS_TURNAROUND#ProveoTurnaroundMQInput.connection"/>
<ConfigurableProperty uri="ey.opsesb.proveo.EY_OPSESB_PROVEO_ODS_TURNAROUND#ProveoTurnaroundMQInput.destinationQueueManagerName"/>
<ConfigurableProperty uri="ey.opsesb.proveo.EY_OPSESB_PROVEO_ODS_TURNAROUND#ProveoTurnaroundMQInput.queueManagerHostname"/>
<ConfigurableProperty uri="ey.opsesb.proveo.EY_OPSESB_PROVEO_ODS_TURNAROUND#ProveoTurnaroundMQInput.listenerPortNumber"/>
<ConfigurableProperty uri="ey.opsesb.proveo.EY_OPSESB_PROVEO_ODS_TURNAROUND#ProveoTurnaroundMQInput.channelName"/>
<ConfigurableProperty uri="ey.opsesb.proveo.EY_OPSESB_PROVEO_ODS_TURNAROUND#ProveoTurnaroundMQInput.securityIdentity"/>
<ConfigurableProperty uri="ey.opsesb.proveo.EY_OPSESB_PROVEO_ODS_TURNAROUND#ProveoTurnaroundMQInput.useSSL"/>
<ConfigurableProperty uri="ey.opsesb.proveo.EY_OPSESB_PROVEO_ODS_TURNAROUND#ProveoTurnaroundMQInput.SSLPeerName"/>
<ConfigurableProperty uri="ey.opsesb.proveo.EY_OPSESB_PROVEO_ODS_TURNAROUND#ProveoTurnaroundMQInput.SSLCipherSpec"/>
<ConfigurableProperty uri="ey.opsesb.proveo.EY_OPSESB_PROVEO_ODS_TURNAROUND#ProveoTurnaroundMQInput.serializationToken"/>
<ConfigurableProperty uri="ey.opsesb.proveo.EY_OPSESB_PROVEO_ODS_TURNAROUND#ProveoTurnaroundMQInput.topicProperty"/>
<ConfigurableProperty uri="ey.opsesb.proveo.EY_OPSESB_PROVEO_ODS_TURNAROUND#ProveoTurnaroundMQInput.resetBrowseTimeout"/>
<ConfigurableProperty override="contentAndValue" uri="ey.opsesb.proveo.EY_OPSESB_PROVEO_ODS_TURNAROUND#ProveoTurnaroundMQInput.validateMaster"/>
<ConfigurableProperty uri="ey.opsesb.proveo.EY_OPSESB_PROVEO_ODS_TURNAROUND#ProveoTurnaroundMQInput.securityProfileName"/>
<ConfigurableProperty uri="ey.opsesb.proveo.EY_OPSESB_PROVEO_ODS_TURNAROUND#ProveoTurnaroundMQInput.componentLevel"/>
<ConfigurableProperty uri="ey.opsesb.proveo.EY_OPSESB_PROVEO_ODS_TURNAROUND#ProveoTurnaroundMQInput.additionalInstances"/>
<ConfigurableProperty uri="ey.opsesb.proveo.EY_OPSESB_PROVEO_ODS_TURNAROUND#ProveoTurnaroundMQInput.policyUrl"/>
<ConfigurableProperty override="EY_OPSESB_PROVEO_ODS_TURNAROUND" uri="ey.opsesb.proveo.EY_OPSESB_PROVEO_ODS_TURNAROUND#AuditLogger.InterfaceID"/>
<ConfigurableProperty override="Ground Operation Activity Data Recieved from Proveo" uri="ey.opsesb.proveo.EY_OPSESB_PROVEO_ODS_TURNAROUND#AuditLogger.StatusText"/>
<ConfigurableProperty override="1a" uri="ey.opsesb.proveo.EY_OPSESB_PROVEO_ODS_TURNAROUND#AuditLogger.ProcessStep"/>
<ConfigurableProperty uri="ey.opsesb.proveo.EY_OPSESB_PROVEO_ODS_TURNAROUND#AuditLogger.IsMsgDetailsRequired"/>
<ConfigurableProperty uri="ey.opsesb.proveo.EY_OPSESB_PROVEO_ODS_TURNAROUND#AuditLogger.IsPayloadRequired"/>
<ConfigurableProperty uri="ey.opsesb.proveo.EY_OPSESB_PROVEO_ODS_TURNAROUND#AuditLogger.MsgFormat"/>
<ConfigurableProperty override="I" uri="ey.opsesb.proveo.EY_OPSESB_PROVEO_ODS_TURNAROUND#AuditLogger.DataDirection"/>
<ConfigurableProperty uri="ey.opsesb.proveo.EY_OPSESB_PROVEO_ODS_TURNAROUND#AuditLogger.CharacterSet"/>
<ConfigurableProperty uri="ey.opsesb.proveo.EY_OPSESB_PROVEO_ODS_TURNAROUND#AuditLogger.MessageSizeInMB"/>
<ConfigurableProperty override="XML" uri="ey.opsesb.proveo.EY_OPSESB_PROVEO_ODS_TURNAROUND#AuditLogger.MsgType"/>
<ConfigurableProperty override="true" uri="ey.opsesb.proveo.EY_OPSESB_PROVEO_ODS_TURNAROUND#AuditLogger.IsAuditLogRequired"/>
<ConfigurableProperty uri="ey.opsesb.proveo.EY_OPSESB_PROVEO_ODS_TURNAROUND#AuditLogger.IsParentChildRelationRequired"/>
<ConfigurableProperty uri="ey.opsesb.proveo.EY_OPSESB_PROVEO_ODS_TURNAROUND#AuditLogger.AuditFileRequired"/>
<ConfigurableProperty override="EY_A_OPSESB_FLIGHTTURNAROUND_AQ_01" uri="ey.opsesb.proveo.EY_OPSESB_PROVEO_ODS_TURNAROUND#ProveoTurnaroundAliasMQOutput.queueName"/>
<ConfigurableProperty uri="ey.opsesb.proveo.EY_OPSESB_PROVEO_ODS_TURNAROUND#ProveoTurnaroundAliasMQOutput.connection"/>
<ConfigurableProperty uri="ey.opsesb.proveo.EY_OPSESB_PROVEO_ODS_TURNAROUND#ProveoTurnaroundAliasMQOutput.destinationQueueManagerName"/>
<ConfigurableProperty uri="ey.opsesb.proveo.EY_OPSESB_PROVEO_ODS_TURNAROUND#ProveoTurnaroundAliasMQOutput.queueManagerHostname"/>
<ConfigurableProperty uri="ey.opsesb.proveo.EY_OPSESB_PROVEO_ODS_TURNAROUND#ProveoTurnaroundAliasMQOutput.listenerPortNumber"/>
<ConfigurableProperty uri="ey.opsesb.proveo.EY_OPSESB_PROVEO_ODS_TURNAROUND#ProveoTurnaroundAliasMQOutput.channelName"/>
<ConfigurableProperty uri="ey.opsesb.proveo.EY_OPSESB_PROVEO_ODS_TURNAROUND#ProveoTurnaroundAliasMQOutput.securityIdentity"/>
<ConfigurableProperty uri="ey.opsesb.proveo.EY_OPSESB_PROVEO_ODS_TURNAROUND#ProveoTurnaroundAliasMQOutput.useSSL"/>
<ConfigurableProperty uri="ey.opsesb.proveo.EY_OPSESB_PROVEO_ODS_TURNAROUND#ProveoTurnaroundAliasMQOutput.SSLPeerName"/>
<ConfigurableProperty uri="ey.opsesb.proveo.EY_OPSESB_PROVEO_ODS_TURNAROUND#ProveoTurnaroundAliasMQOutput.SSLCipherSpec"/>
<ConfigurableProperty uri="ey.opsesb.proveo.EY_OPSESB_PROVEO_ODS_TURNAROUND#ProveoTurnaroundAliasMQOutput.queueManagerName"/>
<ConfigurableProperty uri="ey.opsesb.proveo.EY_OPSESB_PROVEO_ODS_TURNAROUND#ProveoTurnaroundAliasMQOutput.replyToQMgr"/>
<ConfigurableProperty uri="ey.opsesb.proveo.EY_OPSESB_PROVEO_ODS_TURNAROUND#ProveoTurnaroundAliasMQOutput.replyToQ"/>
<ConfigurableProperty uri="ey.opsesb.proveo.EY_OPSESB_PROVEO_ODS_TURNAROUND#ProveoTurnaroundAliasMQOutput.validateMaster"/>
<ConfigurableProperty uri="ey.opsesb.proveo.EY_OPSESB_PROVEO_ODS_TURNAROUND#ProveoTurnaroundAliasMQOutput.securityProfileName"/>
<ConfigurableProperty uri="ey.opsesb.proveo.EY_OPSESB_PROVEO_ODS_TURNAROUND#ProveoTurnaroundAliasMQOutput.policyUrl"/>
<ConfigurableProperty uri="ey.opsesb.proveo.EY_OPSESB_PROVEO_ODS_TURNAROUND#ProveoTurnaroundAliasMQOutput.AddRequestToGroup"/>
<ConfigurableProperty uri="ey.opsesb.proveo.EY_OPSESB_PROVEO_ODS_TURNAROUND#ProveoTurnaroundAliasMQOutput.GroupRequestFolderName"/>
<ConfigurableProperty uri="ey.opsesb.proveo.EY_OPSESB_PROVEO_ODS_TURNAROUND#ProveoTurnaroundAliasMQOutput.GroupRequestTimeout"/>
<ConfigurableProperty uri="ey.opsesb.proveo.EY_OPSESB_PROVEO_ODS_TURNAROUND#ProveoTurnaroundCompute.connectDatasourceBeforeFlowStarts"/>
<ConfigurableProperty uri="ey.opsesb.proveo.EY_OPSESB_PROVEO_ODS_TURNAROUND#ProveoTurnaroundCompute.validateMaster"/>
<ConfigurableProperty override="Ground Operation Activity Information is inserted to DB" uri="ey.opsesb.proveo.EY_OPSESB_PROVEO_ODS_TURNAROUND#CaptureLog.StatusText"/>
<ConfigurableProperty uri="ey.opsesb.proveo.EY_OPSESB_PROVEO_ODS_TURNAROUND#CaptureLog.IsMsgDetailsRequired"/>
<ConfigurableProperty uri="ey.opsesb.proveo.EY_OPSESB_PROVEO_ODS_TURNAROUND#CaptureLog.IsPayloadRequired"/>
<ConfigurableProperty uri="ey.opsesb.proveo.EY_OPSESB_PROVEO_ODS_TURNAROUND#CaptureLog.MsgFormat"/>
<ConfigurableProperty override="O" uri="ey.opsesb.proveo.EY_OPSESB_PROVEO_ODS_TURNAROUND#CaptureLog.DataDirection"/>
<ConfigurableProperty uri="ey.opsesb.proveo.EY_OPSESB_PROVEO_ODS_TURNAROUND#CaptureLog.CharacterSet"/>
<ConfigurableProperty uri="ey.opsesb.proveo.EY_OPSESB_PROVEO_ODS_TURNAROUND#CaptureLog.MessageSizeInMB"/>
<ConfigurableProperty override="1b" uri="ey.opsesb.proveo.EY_OPSESB_PROVEO_ODS_TURNAROUND#CaptureLog.ProcessStep"/>
<ConfigurableProperty uri="ey.opsesb.proveo.EY_OPSESB_PROVEO_ODS_TURNAROUND#CaptureLog.IsParentChildRelationRequired"/>
<ConfigurableProperty override="Ground Operation Activity Notification sent to Topic" uri="ey.opsesb.proveo.EY_OPSESB_PROVEO_ODS_TURNAROUND#CaptureLogAlias.StatusText"/>
<ConfigurableProperty uri="ey.opsesb.proveo.EY_OPSESB_PROVEO_ODS_TURNAROUND#CaptureLogAlias.IsMsgDetailsRequired"/>
<ConfigurableProperty uri="ey.opsesb.proveo.EY_OPSESB_PROVEO_ODS_TURNAROUND#CaptureLogAlias.IsPayloadRequired"/>
<ConfigurableProperty uri="ey.opsesb.proveo.EY_OPSESB_PROVEO_ODS_TURNAROUND#CaptureLogAlias.MsgFormat"/>
<ConfigurableProperty override="O" uri="ey.opsesb.proveo.EY_OPSESB_PROVEO_ODS_TURNAROUND#CaptureLogAlias.DataDirection"/>
<ConfigurableProperty uri="ey.opsesb.proveo.EY_OPSESB_PROVEO_ODS_TURNAROUND#CaptureLogAlias.CharacterSet"/>
<ConfigurableProperty uri="ey.opsesb.proveo.EY_OPSESB_PROVEO_ODS_TURNAROUND#CaptureLogAlias.MessageSizeInMB"/>
<ConfigurableProperty override="1c" uri="ey.opsesb.proveo.EY_OPSESB_PROVEO_ODS_TURNAROUND#CaptureLogAlias.ProcessStep"/>
<ConfigurableProperty uri="ey.opsesb.proveo.EY_OPSESB_PROVEO_ODS_TURNAROUND#CaptureLogAlias.IsParentChildRelationRequired"/>
<ConfigurableProperty uri="ey.opsesb.proveo.EY_OPSESB_PROVEO_ODS_TURNAROUND#CheckRetry.RetryIntervalInSec"/>
<ConfigurableProperty uri="ey.opsesb.proveo.EY_OPSESB_PROVEO_ODS_TURNAROUND#CheckRetry.MaxRetryCount"/>
<ConfigurableProperty override="1205,deadlock,53,Could not open a connection to SQL Server,08001,Connection refused,3621" uri="ey.opsesb.proveo.EY_OPSESB_PROVEO_ODS_TURNAROUND#CheckRetry.ErrorCodes"/>
</CompiledMessageFlow>
</Broker>