<?xml version="1.0" encoding="UTF-8"?><Broker>
<CompiledApplication>
<ConfigurableProperty uri="startMode"/>
</CompiledApplication>
<CompiledMessageFlow name="ey.neo.opsesb.EY_OPSESB_NEO_ODS_AIRCRAFTDATA_V1">
<ConfigurableProperty uri="ey.neo.opsesb.EY_OPSESB_NEO_ODS_AIRCRAFTDATA_V1#additionalInstances"/>
<ConfigurableProperty uri="ey.neo.opsesb.EY_OPSESB_NEO_ODS_AIRCRAFTDATA_V1#notificationThresholdMsgsPerSec"/>
<ConfigurableProperty uri="ey.neo.opsesb.EY_OPSESB_NEO_ODS_AIRCRAFTDATA_V1#maximumRateMsgsPerSec"/>
<ConfigurableProperty uri="ey.neo.opsesb.EY_OPSESB_NEO_ODS_AIRCRAFTDATA_V1#processingTimeoutSec"/>
<ConfigurableProperty uri="ey.neo.opsesb.EY_OPSESB_NEO_ODS_AIRCRAFTDATA_V1#processingTimeoutAction"/>
<ConfigurableProperty uri="ey.neo.opsesb.EY_OPSESB_NEO_ODS_AIRCRAFTDATA_V1#wlmPolicy"/>
<ConfigurableProperty uri="ey.neo.opsesb.EY_OPSESB_NEO_ODS_AIRCRAFTDATA_V1#commitCount"/>
<ConfigurableProperty uri="ey.neo.opsesb.EY_OPSESB_NEO_ODS_AIRCRAFTDATA_V1#commitInterval"/>
<ConfigurableProperty uri="ey.neo.opsesb.EY_OPSESB_NEO_ODS_AIRCRAFTDATA_V1#coordinatedTransaction"/>
<ConfigurableProperty uri="ey.neo.opsesb.EY_OPSESB_NEO_ODS_AIRCRAFTDATA_V1#consumerPolicySet"/>
<ConfigurableProperty uri="ey.neo.opsesb.EY_OPSESB_NEO_ODS_AIRCRAFTDATA_V1#providerPolicySet"/>
<ConfigurableProperty uri="ey.neo.opsesb.EY_OPSESB_NEO_ODS_AIRCRAFTDATA_V1#consumerPolicySetBindings"/>
<ConfigurableProperty uri="ey.neo.opsesb.EY_OPSESB_NEO_ODS_AIRCRAFTDATA_V1#providerPolicySetBindings"/>
<ConfigurableProperty uri="ey.neo.opsesb.EY_OPSESB_NEO_ODS_AIRCRAFTDATA_V1#securityProfileName"/>
<ConfigurableProperty uri="ey.neo.opsesb.EY_OPSESB_NEO_ODS_AIRCRAFTDATA_V1#monitoringProfile"/>
<ConfigurableProperty uri="ey.neo.opsesb.EY_OPSESB_NEO_ODS_AIRCRAFTDATA_V1#startMode"/>
<ConfigurableProperty uri="ey.neo.opsesb.EY_OPSESB_NEO_ODS_AIRCRAFTDATA_V1#startInstancesWhenFlowStarts"/>
<ConfigurableProperty override="OPSESB" uri="ey.neo.opsesb.EY_OPSESB_NEO_ODS_AIRCRAFTDATA_V1#ODS_USER_NM"/>
<ConfigurableProperty override="ops_ods" uri="ey.neo.opsesb.EY_OPSESB_NEO_ODS_AIRCRAFTDATA_V1#DB_Schema"/>
<ConfigurableProperty override="OPSESB_TST" uri="ey.neo.opsesb.EY_OPSESB_NEO_ODS_AIRCRAFTDATA_V1#DB_Name"/>
<ConfigurableProperty override="OPSESB_TST" uri="ey.neo.opsesb.EY_OPSESB_NEO_ODS_AIRCRAFTDATA_V1#dataSource"/>
<ConfigurableProperty override="EY_A_NEO_OPSESB_AIRCRAFTDATA_01" uri="ey.neo.opsesb.EY_OPSESB_NEO_ODS_AIRCRAFTDATA_V1#EY_A_NEO_OPSESB_AIRCRAFTDATA_01.queueName"/>
<ConfigurableProperty uri="ey.neo.opsesb.EY_OPSESB_NEO_ODS_AIRCRAFTDATA_V1#EY_A_NEO_OPSESB_AIRCRAFTDATA_01.connection"/>
<ConfigurableProperty uri="ey.neo.opsesb.EY_OPSESB_NEO_ODS_AIRCRAFTDATA_V1#EY_A_NEO_OPSESB_AIRCRAFTDATA_01.destinationQueueManagerName"/>
<ConfigurableProperty uri="ey.neo.opsesb.EY_OPSESB_NEO_ODS_AIRCRAFTDATA_V1#EY_A_NEO_OPSESB_AIRCRAFTDATA_01.queueManagerHostname"/>
<ConfigurableProperty uri="ey.neo.opsesb.EY_OPSESB_NEO_ODS_AIRCRAFTDATA_V1#EY_A_NEO_OPSESB_AIRCRAFTDATA_01.listenerPortNumber"/>
<ConfigurableProperty uri="ey.neo.opsesb.EY_OPSESB_NEO_ODS_AIRCRAFTDATA_V1#EY_A_NEO_OPSESB_AIRCRAFTDATA_01.channelName"/>
<ConfigurableProperty uri="ey.neo.opsesb.EY_OPSESB_NEO_ODS_AIRCRAFTDATA_V1#EY_A_NEO_OPSESB_AIRCRAFTDATA_01.securityIdentity"/>
<ConfigurableProperty uri="ey.neo.opsesb.EY_OPSESB_NEO_ODS_AIRCRAFTDATA_V1#EY_A_NEO_OPSESB_AIRCRAFTDATA_01.useSSL"/>
<ConfigurableProperty uri="ey.neo.opsesb.EY_OPSESB_NEO_ODS_AIRCRAFTDATA_V1#EY_A_NEO_OPSESB_AIRCRAFTDATA_01.SSLPeerName"/>
<ConfigurableProperty uri="ey.neo.opsesb.EY_OPSESB_NEO_ODS_AIRCRAFTDATA_V1#EY_A_NEO_OPSESB_AIRCRAFTDATA_01.SSLCipherSpec"/>
<ConfigurableProperty uri="ey.neo.opsesb.EY_OPSESB_NEO_ODS_AIRCRAFTDATA_V1#EY_A_NEO_OPSESB_AIRCRAFTDATA_01.serializationToken"/>
<ConfigurableProperty uri="ey.neo.opsesb.EY_OPSESB_NEO_ODS_AIRCRAFTDATA_V1#EY_A_NEO_OPSESB_AIRCRAFTDATA_01.topicProperty"/>
<ConfigurableProperty uri="ey.neo.opsesb.EY_OPSESB_NEO_ODS_AIRCRAFTDATA_V1#EY_A_NEO_OPSESB_AIRCRAFTDATA_01.resetBrowseTimeout"/>
<ConfigurableProperty override="contentAndValue" uri="ey.neo.opsesb.EY_OPSESB_NEO_ODS_AIRCRAFTDATA_V1#EY_A_NEO_OPSESB_AIRCRAFTDATA_01.validateMaster"/>
<ConfigurableProperty uri="ey.neo.opsesb.EY_OPSESB_NEO_ODS_AIRCRAFTDATA_V1#EY_A_NEO_OPSESB_AIRCRAFTDATA_01.securityProfileName"/>
<ConfigurableProperty uri="ey.neo.opsesb.EY_OPSESB_NEO_ODS_AIRCRAFTDATA_V1#EY_A_NEO_OPSESB_AIRCRAFTDATA_01.componentLevel"/>
<ConfigurableProperty uri="ey.neo.opsesb.EY_OPSESB_NEO_ODS_AIRCRAFTDATA_V1#EY_A_NEO_OPSESB_AIRCRAFTDATA_01.additionalInstances"/>
<ConfigurableProperty uri="ey.neo.opsesb.EY_OPSESB_NEO_ODS_AIRCRAFTDATA_V1#EY_A_NEO_OPSESB_AIRCRAFTDATA_01.policyUrl"/>
<ConfigurableProperty uri="ey.neo.opsesb.EY_OPSESB_NEO_ODS_AIRCRAFTDATA_V1#NEO_Aircraft_Data.connectDatasourceBeforeFlowStarts"/>
<ConfigurableProperty uri="ey.neo.opsesb.EY_OPSESB_NEO_ODS_AIRCRAFTDATA_V1#NEO_Aircraft_Data.validateMaster"/>
<ConfigurableProperty override="EY_OPSESB_NEO_AIRCRAFTDATA_V1" uri="ey.neo.opsesb.EY_OPSESB_NEO_ODS_AIRCRAFTDATA_V1#AuditLogger.InterfaceID"/>
<ConfigurableProperty override="Aircarft Data is Received from NEO" uri="ey.neo.opsesb.EY_OPSESB_NEO_ODS_AIRCRAFTDATA_V1#AuditLogger.StatusText"/>
<ConfigurableProperty override="1a" uri="ey.neo.opsesb.EY_OPSESB_NEO_ODS_AIRCRAFTDATA_V1#AuditLogger.ProcessStep"/>
<ConfigurableProperty uri="ey.neo.opsesb.EY_OPSESB_NEO_ODS_AIRCRAFTDATA_V1#AuditLogger.IsMsgDetailsRequired"/>
<ConfigurableProperty uri="ey.neo.opsesb.EY_OPSESB_NEO_ODS_AIRCRAFTDATA_V1#AuditLogger.IsPayloadRequired"/>
<ConfigurableProperty uri="ey.neo.opsesb.EY_OPSESB_NEO_ODS_AIRCRAFTDATA_V1#AuditLogger.MsgFormat"/>
<ConfigurableProperty override="I" uri="ey.neo.opsesb.EY_OPSESB_NEO_ODS_AIRCRAFTDATA_V1#AuditLogger.DataDirection"/>
<ConfigurableProperty uri="ey.neo.opsesb.EY_OPSESB_NEO_ODS_AIRCRAFTDATA_V1#AuditLogger.CharacterSet"/>
<ConfigurableProperty uri="ey.neo.opsesb.EY_OPSESB_NEO_ODS_AIRCRAFTDATA_V1#AuditLogger.MessageSizeInMB"/>
<ConfigurableProperty uri="ey.neo.opsesb.EY_OPSESB_NEO_ODS_AIRCRAFTDATA_V1#AuditLogger.MsgType"/>
<ConfigurableProperty override="true" uri="ey.neo.opsesb.EY_OPSESB_NEO_ODS_AIRCRAFTDATA_V1#AuditLogger.IsAuditLogRequired"/>
<ConfigurableProperty uri="ey.neo.opsesb.EY_OPSESB_NEO_ODS_AIRCRAFTDATA_V1#AuditLogger.IsParentChildRelationRequired"/>
<ConfigurableProperty uri="ey.neo.opsesb.EY_OPSESB_NEO_ODS_AIRCRAFTDATA_V1#AuditLogger.AuditFileRequired"/>
<ConfigurableProperty override="Aircraft Data has been successfully inserted/updated into DB" uri="ey.neo.opsesb.EY_OPSESB_NEO_ODS_AIRCRAFTDATA_V1#CaptureLog.StatusText"/>
<ConfigurableProperty uri="ey.neo.opsesb.EY_OPSESB_NEO_ODS_AIRCRAFTDATA_V1#CaptureLog.IsMsgDetailsRequired"/>
<ConfigurableProperty override="false" uri="ey.neo.opsesb.EY_OPSESB_NEO_ODS_AIRCRAFTDATA_V1#CaptureLog.IsPayloadRequired"/>
<ConfigurableProperty uri="ey.neo.opsesb.EY_OPSESB_NEO_ODS_AIRCRAFTDATA_V1#CaptureLog.MsgFormat"/>
<ConfigurableProperty uri="ey.neo.opsesb.EY_OPSESB_NEO_ODS_AIRCRAFTDATA_V1#CaptureLog.DataDirection"/>
<ConfigurableProperty uri="ey.neo.opsesb.EY_OPSESB_NEO_ODS_AIRCRAFTDATA_V1#CaptureLog.CharacterSet"/>
<ConfigurableProperty uri="ey.neo.opsesb.EY_OPSESB_NEO_ODS_AIRCRAFTDATA_V1#CaptureLog.MessageSizeInMB"/>
<ConfigurableProperty override="1b" uri="ey.neo.opsesb.EY_OPSESB_NEO_ODS_AIRCRAFTDATA_V1#CaptureLog.ProcessStep"/>
<ConfigurableProperty uri="ey.neo.opsesb.EY_OPSESB_NEO_ODS_AIRCRAFTDATA_V1#CaptureLog.IsParentChildRelationRequired"/>
<ConfigurableProperty uri="ey.neo.opsesb.EY_OPSESB_NEO_ODS_AIRCRAFTDATA_V1#CheckRetry.RetryIntervalInSec"/>
<ConfigurableProperty uri="ey.neo.opsesb.EY_OPSESB_NEO_ODS_AIRCRAFTDATA_V1#CheckRetry.MaxRetryCount"/>
<ConfigurableProperty uri="ey.neo.opsesb.EY_OPSESB_NEO_ODS_AIRCRAFTDATA_V1#CheckRetry.ErrorCodes"/>
</CompiledMessageFlow>
</Broker>