<?xml version="1.0" encoding="UTF-8"?><Broker>
<CompiledMessageFlow name="com.ey.soa.si.auditlogger.CreateSIHeader" type="subflow">
<ConfigurableProperty override="MQ" uri="com.ey.soa.si.auditlogger.CreateSIHeader#TargetApp"/>
<ConfigurableProperty override="DEFAULT" uri="com.ey.soa.si.auditlogger.CreateSIHeader#TimeoutUniqueIdentifier"/>
<ConfigurableProperty uri="com.ey.soa.si.auditlogger.CreateSIHeader#CreateSIHeader.dataSource"/>
<ConfigurableProperty uri="com.ey.soa.si.auditlogger.CreateSIHeader#CreateSIHeader.connectDatasourceBeforeFlowStarts"/>
<ConfigurableProperty uri="com.ey.soa.si.auditlogger.CreateSIHeader#CreateSIHeader.validateMaster"/>
</CompiledMessageFlow>
<CompiledMessageFlow name="com.ey.soa.si.auditlogger.CaptureLog" type="subflow">
<ConfigurableProperty override="Transformed" uri="com.ey.soa.si.auditlogger.CaptureLog#StatusText"/>
<ConfigurableProperty override="true" uri="com.ey.soa.si.auditlogger.CaptureLog#IsMsgDetailsRequired"/>
<ConfigurableProperty override="true" uri="com.ey.soa.si.auditlogger.CaptureLog#IsPayloadRequired"/>
<ConfigurableProperty override="XML" uri="com.ey.soa.si.auditlogger.CaptureLog#MsgFormat"/>
<ConfigurableProperty override="T" uri="com.ey.soa.si.auditlogger.CaptureLog#DataDirection"/>
<ConfigurableProperty override="UTF-8" uri="com.ey.soa.si.auditlogger.CaptureLog#CharacterSet"/>
<ConfigurableProperty override="1" uri="com.ey.soa.si.auditlogger.CaptureLog#MessageSizeInMB"/>
<ConfigurableProperty override="3a" uri="com.ey.soa.si.auditlogger.CaptureLog#ProcessStep"/>
<ConfigurableProperty uri="com.ey.soa.si.auditlogger.CaptureLog#IsParentChildRelationRequired"/>
<ConfigurableProperty uri="com.ey.soa.si.auditlogger.CaptureLog#ConstructMsgMetaData.dataSource"/>
<ConfigurableProperty uri="com.ey.soa.si.auditlogger.CaptureLog#ConstructMsgMetaData.connectDatasourceBeforeFlowStarts"/>
<ConfigurableProperty uri="com.ey.soa.si.auditlogger.CaptureLog#ConstructMsgMetaData.validateMaster"/>
</CompiledMessageFlow>
<CompiledMessageFlow name="com.ey.soa.si.auditlogger.AuditLogger" type="subflow">
<ConfigurableProperty uri="com.ey.soa.si.auditlogger.AuditLogger#InterfaceID"/>
<ConfigurableProperty override="Received" uri="com.ey.soa.si.auditlogger.AuditLogger#StatusText"/>
<ConfigurableProperty override="" uri="com.ey.soa.si.auditlogger.AuditLogger#ProcessStep"/>
<ConfigurableProperty override="false" uri="com.ey.soa.si.auditlogger.AuditLogger#IsMsgDetailsRequired"/>
<ConfigurableProperty override="false" uri="com.ey.soa.si.auditlogger.AuditLogger#IsPayloadRequired"/>
<ConfigurableProperty override="XML" uri="com.ey.soa.si.auditlogger.AuditLogger#MsgFormat"/>
<ConfigurableProperty override="I" uri="com.ey.soa.si.auditlogger.AuditLogger#DataDirection"/>
<ConfigurableProperty override="UTF-8" uri="com.ey.soa.si.auditlogger.AuditLogger#CharacterSet"/>
<ConfigurableProperty override="1" uri="com.ey.soa.si.auditlogger.AuditLogger#MessageSizeInMB"/>
<ConfigurableProperty uri="com.ey.soa.si.auditlogger.AuditLogger#MsgType"/>
<ConfigurableProperty override="false" uri="com.ey.soa.si.auditlogger.AuditLogger#IsAuditLogRequired"/>
<ConfigurableProperty uri="com.ey.soa.si.auditlogger.AuditLogger#IsParentChildRelationRequired"/>
<ConfigurableProperty override="false" uri="com.ey.soa.si.auditlogger.AuditLogger#AuditFileRequired"/>
<ConfigurableProperty uri="com.ey.soa.si.auditlogger.AuditLogger#ConstructAuditMessage.dataSource"/>
<ConfigurableProperty uri="com.ey.soa.si.auditlogger.AuditLogger#ConstructAuditMessage.connectDatasourceBeforeFlowStarts"/>
<ConfigurableProperty uri="com.ey.soa.si.auditlogger.AuditLogger#ConstructAuditMessage.validateMaster"/>
<ConfigurableProperty override="S_SI_AUDIT_LOGGER_01" uri="com.ey.soa.si.auditlogger.AuditLogger#S_SI_AUDIT_LOGGER_01.queueName"/>
<ConfigurableProperty uri="com.ey.soa.si.auditlogger.AuditLogger#S_SI_AUDIT_LOGGER_01.connection"/>
<ConfigurableProperty uri="com.ey.soa.si.auditlogger.AuditLogger#S_SI_AUDIT_LOGGER_01.destinationQueueManagerName"/>
<ConfigurableProperty uri="com.ey.soa.si.auditlogger.AuditLogger#S_SI_AUDIT_LOGGER_01.queueManagerHostname"/>
<ConfigurableProperty uri="com.ey.soa.si.auditlogger.AuditLogger#S_SI_AUDIT_LOGGER_01.listenerPortNumber"/>
<ConfigurableProperty uri="com.ey.soa.si.auditlogger.AuditLogger#S_SI_AUDIT_LOGGER_01.channelName"/>
<ConfigurableProperty uri="com.ey.soa.si.auditlogger.AuditLogger#S_SI_AUDIT_LOGGER_01.securityIdentity"/>
<ConfigurableProperty uri="com.ey.soa.si.auditlogger.AuditLogger#S_SI_AUDIT_LOGGER_01.useSSL"/>
<ConfigurableProperty uri="com.ey.soa.si.auditlogger.AuditLogger#S_SI_AUDIT_LOGGER_01.SSLPeerName"/>
<ConfigurableProperty uri="com.ey.soa.si.auditlogger.AuditLogger#S_SI_AUDIT_LOGGER_01.SSLCipherSpec"/>
<ConfigurableProperty uri="com.ey.soa.si.auditlogger.AuditLogger#S_SI_AUDIT_LOGGER_01.queueManagerName"/>
<ConfigurableProperty uri="com.ey.soa.si.auditlogger.AuditLogger#S_SI_AUDIT_LOGGER_01.replyToQMgr"/>
<ConfigurableProperty uri="com.ey.soa.si.auditlogger.AuditLogger#S_SI_AUDIT_LOGGER_01.replyToQ"/>
<ConfigurableProperty override="none" uri="com.ey.soa.si.auditlogger.AuditLogger#S_SI_AUDIT_LOGGER_01.validateMaster"/>
<ConfigurableProperty uri="com.ey.soa.si.auditlogger.AuditLogger#S_SI_AUDIT_LOGGER_01.securityProfileName"/>
<ConfigurableProperty uri="com.ey.soa.si.auditlogger.AuditLogger#S_SI_AUDIT_LOGGER_01.policyUrl"/>
<ConfigurableProperty uri="com.ey.soa.si.auditlogger.AuditLogger#S_SI_AUDIT_LOGGER_01.AddRequestToGroup"/>
<ConfigurableProperty uri="com.ey.soa.si.auditlogger.AuditLogger#S_SI_AUDIT_LOGGER_01.GroupRequestFolderName"/>
<ConfigurableProperty uri="com.ey.soa.si.auditlogger.AuditLogger#S_SI_AUDIT_LOGGER_01.GroupRequestTimeout"/>
<ConfigurableProperty uri="com.ey.soa.si.auditlogger.AuditLogger#ExceptionHandler.ApplicationName"/>
<ConfigurableProperty uri="com.ey.soa.si.auditlogger.AuditLogger#ExceptionHandler.ExceptionFileRequired"/>
<ConfigurableProperty uri="com.ey.soa.si.auditlogger.AuditLogger#SetCommonData.dataSource"/>
<ConfigurableProperty uri="com.ey.soa.si.auditlogger.AuditLogger#SetCommonData.connectDatasourceBeforeFlowStarts"/>
<ConfigurableProperty uri="com.ey.soa.si.auditlogger.AuditLogger#SetCommonData.validateMaster"/>
<ConfigurableProperty uri="com.ey.soa.si.auditlogger.AuditLogger#CheckCommonData.dataSource"/>
<ConfigurableProperty uri="com.ey.soa.si.auditlogger.AuditLogger#CheckCommonData.connectDatasourceBeforeFlowStarts"/>
<ConfigurableProperty uri="com.ey.soa.si.auditlogger.AuditLogger#CheckCommonData.validateMaster"/>
<ConfigurableProperty uri="com.ey.soa.si.auditlogger.AuditLogger#CaptureLog.IsParentChildRelationRequired"/>
<ConfigurableProperty uri="com.ey.soa.si.auditlogger.AuditLogger#SetFailureFlag.dataSource"/>
<ConfigurableProperty uri="com.ey.soa.si.auditlogger.AuditLogger#SetFailureFlag.connectDatasourceBeforeFlowStarts"/>
<ConfigurableProperty uri="com.ey.soa.si.auditlogger.AuditLogger#SetFailureFlag.validateMaster"/>
<ConfigurableProperty override="S_SI_AUDIT_LOGGER_FILE_01" uri="com.ey.soa.si.auditlogger.AuditLogger#S_SI_AUDIT_LOGGER_FILE_01.queueName"/>
<ConfigurableProperty uri="com.ey.soa.si.auditlogger.AuditLogger#S_SI_AUDIT_LOGGER_FILE_01.connection"/>
<ConfigurableProperty uri="com.ey.soa.si.auditlogger.AuditLogger#S_SI_AUDIT_LOGGER_FILE_01.destinationQueueManagerName"/>
<ConfigurableProperty uri="com.ey.soa.si.auditlogger.AuditLogger#S_SI_AUDIT_LOGGER_FILE_01.queueManagerHostname"/>
<ConfigurableProperty uri="com.ey.soa.si.auditlogger.AuditLogger#S_SI_AUDIT_LOGGER_FILE_01.listenerPortNumber"/>
<ConfigurableProperty uri="com.ey.soa.si.auditlogger.AuditLogger#S_SI_AUDIT_LOGGER_FILE_01.channelName"/>
<ConfigurableProperty uri="com.ey.soa.si.auditlogger.AuditLogger#S_SI_AUDIT_LOGGER_FILE_01.securityIdentity"/>
<ConfigurableProperty uri="com.ey.soa.si.auditlogger.AuditLogger#S_SI_AUDIT_LOGGER_FILE_01.useSSL"/>
<ConfigurableProperty uri="com.ey.soa.si.auditlogger.AuditLogger#S_SI_AUDIT_LOGGER_FILE_01.SSLPeerName"/>
<ConfigurableProperty uri="com.ey.soa.si.auditlogger.AuditLogger#S_SI_AUDIT_LOGGER_FILE_01.SSLCipherSpec"/>
<ConfigurableProperty uri="com.ey.soa.si.auditlogger.AuditLogger#S_SI_AUDIT_LOGGER_FILE_01.queueManagerName"/>
<ConfigurableProperty uri="com.ey.soa.si.auditlogger.AuditLogger#S_SI_AUDIT_LOGGER_FILE_01.replyToQMgr"/>
<ConfigurableProperty uri="com.ey.soa.si.auditlogger.AuditLogger#S_SI_AUDIT_LOGGER_FILE_01.replyToQ"/>
<ConfigurableProperty override="none" uri="com.ey.soa.si.auditlogger.AuditLogger#S_SI_AUDIT_LOGGER_FILE_01.validateMaster"/>
<ConfigurableProperty uri="com.ey.soa.si.auditlogger.AuditLogger#S_SI_AUDIT_LOGGER_FILE_01.securityProfileName"/>
<ConfigurableProperty uri="com.ey.soa.si.auditlogger.AuditLogger#S_SI_AUDIT_LOGGER_FILE_01.policyUrl"/>
<ConfigurableProperty uri="com.ey.soa.si.auditlogger.AuditLogger#S_SI_AUDIT_LOGGER_FILE_01.AddRequestToGroup"/>
<ConfigurableProperty uri="com.ey.soa.si.auditlogger.AuditLogger#S_SI_AUDIT_LOGGER_FILE_01.GroupRequestFolderName"/>
<ConfigurableProperty uri="com.ey.soa.si.auditlogger.AuditLogger#S_SI_AUDIT_LOGGER_FILE_01.GroupRequestTimeout"/>
</CompiledMessageFlow>
<CompiledMessageFlow name="com.ey.soa.si.auditlogger.CreateFileHeader" type="subflow">
<ConfigurableProperty uri="com.ey.soa.si.auditlogger.CreateFileHeader#ServerDirectory"/>
<ConfigurableProperty uri="com.ey.soa.si.auditlogger.CreateFileHeader#CreateFileHeader.dataSource"/>
<ConfigurableProperty uri="com.ey.soa.si.auditlogger.CreateFileHeader#CreateFileHeader.connectDatasourceBeforeFlowStarts"/>
<ConfigurableProperty uri="com.ey.soa.si.auditlogger.CreateFileHeader#CreateFileHeader.validateMaster"/>
<ConfigurableProperty uri="com.ey.soa.si.auditlogger.CreateFileHeader#CheckRetry.RetryIntervalInSec"/>
<ConfigurableProperty uri="com.ey.soa.si.auditlogger.CreateFileHeader#CheckRetry.MaxRetryCount"/>
<ConfigurableProperty uri="com.ey.soa.si.auditlogger.CreateFileHeader#CheckRetry.ErrorCodes"/>
</CompiledMessageFlow>
</Broker>