<?xml version="1.0" encoding="UTF-8"?><Broker>
<CompiledApplication>
<ConfigurableProperty uri="startMode"/>
</CompiledApplication>
<CompiledMessageFlow name="ey.opsesb.aodb.EY_OPSESB_AODB_ODS_EQUIPMENTDOWNGRADESTATUS">
<ConfigurableProperty uri="ey.opsesb.aodb.EY_OPSESB_AODB_ODS_EQUIPMENTDOWNGRADESTATUS#additionalInstances"/>
<ConfigurableProperty uri="ey.opsesb.aodb.EY_OPSESB_AODB_ODS_EQUIPMENTDOWNGRADESTATUS#notificationThresholdMsgsPerSec"/>
<ConfigurableProperty uri="ey.opsesb.aodb.EY_OPSESB_AODB_ODS_EQUIPMENTDOWNGRADESTATUS#maximumRateMsgsPerSec"/>
<ConfigurableProperty uri="ey.opsesb.aodb.EY_OPSESB_AODB_ODS_EQUIPMENTDOWNGRADESTATUS#processingTimeoutSec"/>
<ConfigurableProperty uri="ey.opsesb.aodb.EY_OPSESB_AODB_ODS_EQUIPMENTDOWNGRADESTATUS#processingTimeoutAction"/>
<ConfigurableProperty uri="ey.opsesb.aodb.EY_OPSESB_AODB_ODS_EQUIPMENTDOWNGRADESTATUS#wlmPolicy"/>
<ConfigurableProperty uri="ey.opsesb.aodb.EY_OPSESB_AODB_ODS_EQUIPMENTDOWNGRADESTATUS#commitCount"/>
<ConfigurableProperty uri="ey.opsesb.aodb.EY_OPSESB_AODB_ODS_EQUIPMENTDOWNGRADESTATUS#commitInterval"/>
<ConfigurableProperty uri="ey.opsesb.aodb.EY_OPSESB_AODB_ODS_EQUIPMENTDOWNGRADESTATUS#coordinatedTransaction"/>
<ConfigurableProperty uri="ey.opsesb.aodb.EY_OPSESB_AODB_ODS_EQUIPMENTDOWNGRADESTATUS#consumerPolicySet"/>
<ConfigurableProperty uri="ey.opsesb.aodb.EY_OPSESB_AODB_ODS_EQUIPMENTDOWNGRADESTATUS#providerPolicySet"/>
<ConfigurableProperty uri="ey.opsesb.aodb.EY_OPSESB_AODB_ODS_EQUIPMENTDOWNGRADESTATUS#consumerPolicySetBindings"/>
<ConfigurableProperty uri="ey.opsesb.aodb.EY_OPSESB_AODB_ODS_EQUIPMENTDOWNGRADESTATUS#providerPolicySetBindings"/>
<ConfigurableProperty uri="ey.opsesb.aodb.EY_OPSESB_AODB_ODS_EQUIPMENTDOWNGRADESTATUS#securityProfileName"/>
<ConfigurableProperty uri="ey.opsesb.aodb.EY_OPSESB_AODB_ODS_EQUIPMENTDOWNGRADESTATUS#monitoringProfile"/>
<ConfigurableProperty uri="ey.opsesb.aodb.EY_OPSESB_AODB_ODS_EQUIPMENTDOWNGRADESTATUS#startMode"/>
<ConfigurableProperty uri="ey.opsesb.aodb.EY_OPSESB_AODB_ODS_EQUIPMENTDOWNGRADESTATUS#startInstancesWhenFlowStarts"/>
<ConfigurableProperty override="OPSESB_TST" uri="ey.opsesb.aodb.EY_OPSESB_AODB_ODS_EQUIPMENTDOWNGRADESTATUS#dataSource"/>
<ConfigurableProperty override="OPSESB" uri="ey.opsesb.aodb.EY_OPSESB_AODB_ODS_EQUIPMENTDOWNGRADESTATUS#ODS_USER_NM"/>
<ConfigurableProperty override="ops_ods" uri="ey.opsesb.aodb.EY_OPSESB_AODB_ODS_EQUIPMENTDOWNGRADESTATUS#DB_Schema"/>
<ConfigurableProperty override="OPSESB_TST" uri="ey.opsesb.aodb.EY_OPSESB_AODB_ODS_EQUIPMENTDOWNGRADESTATUS#DB_Name"/>
<ConfigurableProperty override="200" uri="ey.opsesb.aodb.EY_OPSESB_AODB_ODS_EQUIPMENTDOWNGRADESTATUS#SleepIntervalInMilliSec"/>
<ConfigurableProperty override="EY_A_AODB_OPSESB_EQUIPMENTSTATUS_01" uri="ey.opsesb.aodb.EY_OPSESB_AODB_ODS_EQUIPMENTDOWNGRADESTATUS#EY_A_AODB_OPSESB_EQUIPMENTSTATUS_01.queueName"/>
<ConfigurableProperty uri="ey.opsesb.aodb.EY_OPSESB_AODB_ODS_EQUIPMENTDOWNGRADESTATUS#EY_A_AODB_OPSESB_EQUIPMENTSTATUS_01.connection"/>
<ConfigurableProperty uri="ey.opsesb.aodb.EY_OPSESB_AODB_ODS_EQUIPMENTDOWNGRADESTATUS#EY_A_AODB_OPSESB_EQUIPMENTSTATUS_01.destinationQueueManagerName"/>
<ConfigurableProperty uri="ey.opsesb.aodb.EY_OPSESB_AODB_ODS_EQUIPMENTDOWNGRADESTATUS#EY_A_AODB_OPSESB_EQUIPMENTSTATUS_01.queueManagerHostname"/>
<ConfigurableProperty uri="ey.opsesb.aodb.EY_OPSESB_AODB_ODS_EQUIPMENTDOWNGRADESTATUS#EY_A_AODB_OPSESB_EQUIPMENTSTATUS_01.listenerPortNumber"/>
<ConfigurableProperty uri="ey.opsesb.aodb.EY_OPSESB_AODB_ODS_EQUIPMENTDOWNGRADESTATUS#EY_A_AODB_OPSESB_EQUIPMENTSTATUS_01.channelName"/>
<ConfigurableProperty uri="ey.opsesb.aodb.EY_OPSESB_AODB_ODS_EQUIPMENTDOWNGRADESTATUS#EY_A_AODB_OPSESB_EQUIPMENTSTATUS_01.securityIdentity"/>
<ConfigurableProperty uri="ey.opsesb.aodb.EY_OPSESB_AODB_ODS_EQUIPMENTDOWNGRADESTATUS#EY_A_AODB_OPSESB_EQUIPMENTSTATUS_01.useSSL"/>
<ConfigurableProperty uri="ey.opsesb.aodb.EY_OPSESB_AODB_ODS_EQUIPMENTDOWNGRADESTATUS#EY_A_AODB_OPSESB_EQUIPMENTSTATUS_01.SSLPeerName"/>
<ConfigurableProperty uri="ey.opsesb.aodb.EY_OPSESB_AODB_ODS_EQUIPMENTDOWNGRADESTATUS#EY_A_AODB_OPSESB_EQUIPMENTSTATUS_01.SSLCipherSpec"/>
<ConfigurableProperty uri="ey.opsesb.aodb.EY_OPSESB_AODB_ODS_EQUIPMENTDOWNGRADESTATUS#EY_A_AODB_OPSESB_EQUIPMENTSTATUS_01.serializationToken"/>
<ConfigurableProperty uri="ey.opsesb.aodb.EY_OPSESB_AODB_ODS_EQUIPMENTDOWNGRADESTATUS#EY_A_AODB_OPSESB_EQUIPMENTSTATUS_01.topicProperty"/>
<ConfigurableProperty uri="ey.opsesb.aodb.EY_OPSESB_AODB_ODS_EQUIPMENTDOWNGRADESTATUS#EY_A_AODB_OPSESB_EQUIPMENTSTATUS_01.resetBrowseTimeout"/>
<ConfigurableProperty override="contentAndValue" uri="ey.opsesb.aodb.EY_OPSESB_AODB_ODS_EQUIPMENTDOWNGRADESTATUS#EY_A_AODB_OPSESB_EQUIPMENTSTATUS_01.validateMaster"/>
<ConfigurableProperty uri="ey.opsesb.aodb.EY_OPSESB_AODB_ODS_EQUIPMENTDOWNGRADESTATUS#EY_A_AODB_OPSESB_EQUIPMENTSTATUS_01.securityProfileName"/>
<ConfigurableProperty uri="ey.opsesb.aodb.EY_OPSESB_AODB_ODS_EQUIPMENTDOWNGRADESTATUS#EY_A_AODB_OPSESB_EQUIPMENTSTATUS_01.componentLevel"/>
<ConfigurableProperty uri="ey.opsesb.aodb.EY_OPSESB_AODB_ODS_EQUIPMENTDOWNGRADESTATUS#EY_A_AODB_OPSESB_EQUIPMENTSTATUS_01.additionalInstances"/>
<ConfigurableProperty uri="ey.opsesb.aodb.EY_OPSESB_AODB_ODS_EQUIPMENTDOWNGRADESTATUS#EY_A_AODB_OPSESB_EQUIPMENTSTATUS_01.policyUrl"/>
<ConfigurableProperty override="AODB_OPSESB_ODS_EQUIPMENTDOWNGRADE" uri="ey.opsesb.aodb.EY_OPSESB_AODB_ODS_EQUIPMENTDOWNGRADESTATUS#AuditLogger.InterfaceID"/>
<ConfigurableProperty override="Message Received in ESB" uri="ey.opsesb.aodb.EY_OPSESB_AODB_ODS_EQUIPMENTDOWNGRADESTATUS#AuditLogger.StatusText"/>
<ConfigurableProperty override="1a" uri="ey.opsesb.aodb.EY_OPSESB_AODB_ODS_EQUIPMENTDOWNGRADESTATUS#AuditLogger.ProcessStep"/>
<ConfigurableProperty uri="ey.opsesb.aodb.EY_OPSESB_AODB_ODS_EQUIPMENTDOWNGRADESTATUS#AuditLogger.IsMsgDetailsRequired"/>
<ConfigurableProperty uri="ey.opsesb.aodb.EY_OPSESB_AODB_ODS_EQUIPMENTDOWNGRADESTATUS#AuditLogger.IsPayloadRequired"/>
<ConfigurableProperty uri="ey.opsesb.aodb.EY_OPSESB_AODB_ODS_EQUIPMENTDOWNGRADESTATUS#AuditLogger.MsgFormat"/>
<ConfigurableProperty override="I" uri="ey.opsesb.aodb.EY_OPSESB_AODB_ODS_EQUIPMENTDOWNGRADESTATUS#AuditLogger.DataDirection"/>
<ConfigurableProperty uri="ey.opsesb.aodb.EY_OPSESB_AODB_ODS_EQUIPMENTDOWNGRADESTATUS#AuditLogger.CharacterSet"/>
<ConfigurableProperty uri="ey.opsesb.aodb.EY_OPSESB_AODB_ODS_EQUIPMENTDOWNGRADESTATUS#AuditLogger.MessageSizeInMB"/>
<ConfigurableProperty uri="ey.opsesb.aodb.EY_OPSESB_AODB_ODS_EQUIPMENTDOWNGRADESTATUS#AuditLogger.MsgType"/>
<ConfigurableProperty override="true" uri="ey.opsesb.aodb.EY_OPSESB_AODB_ODS_EQUIPMENTDOWNGRADESTATUS#AuditLogger.IsAuditLogRequired"/>
<ConfigurableProperty uri="ey.opsesb.aodb.EY_OPSESB_AODB_ODS_EQUIPMENTDOWNGRADESTATUS#AuditLogger.IsParentChildRelationRequired"/>
<ConfigurableProperty uri="ey.opsesb.aodb.EY_OPSESB_AODB_ODS_EQUIPMENTDOWNGRADESTATUS#AuditLogger.AuditFileRequired"/>
<ConfigurableProperty uri="ey.opsesb.aodb.EY_OPSESB_AODB_ODS_EQUIPMENTDOWNGRADESTATUS#EY_OPSESB_EquipmentDowngradeStatus.connectDatasourceBeforeFlowStarts"/>
<ConfigurableProperty uri="ey.opsesb.aodb.EY_OPSESB_AODB_ODS_EQUIPMENTDOWNGRADESTATUS#EY_OPSESB_EquipmentDowngradeStatus.validateMaster"/>
<ConfigurableProperty override="Data Inserted intoODS" uri="ey.opsesb.aodb.EY_OPSESB_AODB_ODS_EQUIPMENTDOWNGRADESTATUS#CaptureLog.StatusText"/>
<ConfigurableProperty uri="ey.opsesb.aodb.EY_OPSESB_AODB_ODS_EQUIPMENTDOWNGRADESTATUS#CaptureLog.IsMsgDetailsRequired"/>
<ConfigurableProperty override="false" uri="ey.opsesb.aodb.EY_OPSESB_AODB_ODS_EQUIPMENTDOWNGRADESTATUS#CaptureLog.IsPayloadRequired"/>
<ConfigurableProperty uri="ey.opsesb.aodb.EY_OPSESB_AODB_ODS_EQUIPMENTDOWNGRADESTATUS#CaptureLog.MsgFormat"/>
<ConfigurableProperty uri="ey.opsesb.aodb.EY_OPSESB_AODB_ODS_EQUIPMENTDOWNGRADESTATUS#CaptureLog.DataDirection"/>
<ConfigurableProperty uri="ey.opsesb.aodb.EY_OPSESB_AODB_ODS_EQUIPMENTDOWNGRADESTATUS#CaptureLog.CharacterSet"/>
<ConfigurableProperty uri="ey.opsesb.aodb.EY_OPSESB_AODB_ODS_EQUIPMENTDOWNGRADESTATUS#CaptureLog.MessageSizeInMB"/>
<ConfigurableProperty override="1b" uri="ey.opsesb.aodb.EY_OPSESB_AODB_ODS_EQUIPMENTDOWNGRADESTATUS#CaptureLog.ProcessStep"/>
<ConfigurableProperty uri="ey.opsesb.aodb.EY_OPSESB_AODB_ODS_EQUIPMENTDOWNGRADESTATUS#CaptureLog.IsParentChildRelationRequired"/>
<ConfigurableProperty override="EY_A_OPSESB_RESOURCEAVAILABILTY_AQ_01" uri="ey.opsesb.aodb.EY_OPSESB_AODB_ODS_EQUIPMENTDOWNGRADESTATUS#MQOutput.queueName"/>
<ConfigurableProperty uri="ey.opsesb.aodb.EY_OPSESB_AODB_ODS_EQUIPMENTDOWNGRADESTATUS#MQOutput.connection"/>
<ConfigurableProperty uri="ey.opsesb.aodb.EY_OPSESB_AODB_ODS_EQUIPMENTDOWNGRADESTATUS#MQOutput.destinationQueueManagerName"/>
<ConfigurableProperty uri="ey.opsesb.aodb.EY_OPSESB_AODB_ODS_EQUIPMENTDOWNGRADESTATUS#MQOutput.queueManagerHostname"/>
<ConfigurableProperty uri="ey.opsesb.aodb.EY_OPSESB_AODB_ODS_EQUIPMENTDOWNGRADESTATUS#MQOutput.listenerPortNumber"/>
<ConfigurableProperty uri="ey.opsesb.aodb.EY_OPSESB_AODB_ODS_EQUIPMENTDOWNGRADESTATUS#MQOutput.channelName"/>
<ConfigurableProperty uri="ey.opsesb.aodb.EY_OPSESB_AODB_ODS_EQUIPMENTDOWNGRADESTATUS#MQOutput.securityIdentity"/>
<ConfigurableProperty uri="ey.opsesb.aodb.EY_OPSESB_AODB_ODS_EQUIPMENTDOWNGRADESTATUS#MQOutput.useSSL"/>
<ConfigurableProperty uri="ey.opsesb.aodb.EY_OPSESB_AODB_ODS_EQUIPMENTDOWNGRADESTATUS#MQOutput.SSLPeerName"/>
<ConfigurableProperty uri="ey.opsesb.aodb.EY_OPSESB_AODB_ODS_EQUIPMENTDOWNGRADESTATUS#MQOutput.SSLCipherSpec"/>
<ConfigurableProperty uri="ey.opsesb.aodb.EY_OPSESB_AODB_ODS_EQUIPMENTDOWNGRADESTATUS#MQOutput.queueManagerName"/>
<ConfigurableProperty uri="ey.opsesb.aodb.EY_OPSESB_AODB_ODS_EQUIPMENTDOWNGRADESTATUS#MQOutput.replyToQMgr"/>
<ConfigurableProperty uri="ey.opsesb.aodb.EY_OPSESB_AODB_ODS_EQUIPMENTDOWNGRADESTATUS#MQOutput.replyToQ"/>
<ConfigurableProperty uri="ey.opsesb.aodb.EY_OPSESB_AODB_ODS_EQUIPMENTDOWNGRADESTATUS#MQOutput.validateMaster"/>
<ConfigurableProperty uri="ey.opsesb.aodb.EY_OPSESB_AODB_ODS_EQUIPMENTDOWNGRADESTATUS#MQOutput.securityProfileName"/>
<ConfigurableProperty uri="ey.opsesb.aodb.EY_OPSESB_AODB_ODS_EQUIPMENTDOWNGRADESTATUS#MQOutput.policyUrl"/>
<ConfigurableProperty uri="ey.opsesb.aodb.EY_OPSESB_AODB_ODS_EQUIPMENTDOWNGRADESTATUS#MQOutput.AddRequestToGroup"/>
<ConfigurableProperty uri="ey.opsesb.aodb.EY_OPSESB_AODB_ODS_EQUIPMENTDOWNGRADESTATUS#MQOutput.GroupRequestFolderName"/>
<ConfigurableProperty uri="ey.opsesb.aodb.EY_OPSESB_AODB_ODS_EQUIPMENTDOWNGRADESTATUS#MQOutput.GroupRequestTimeout"/>
<ConfigurableProperty override="Published the notification to topic" uri="ey.opsesb.aodb.EY_OPSESB_AODB_ODS_EQUIPMENTDOWNGRADESTATUS#CaptureLog_Topic.StatusText"/>
<ConfigurableProperty uri="ey.opsesb.aodb.EY_OPSESB_AODB_ODS_EQUIPMENTDOWNGRADESTATUS#CaptureLog_Topic.IsMsgDetailsRequired"/>
<ConfigurableProperty uri="ey.opsesb.aodb.EY_OPSESB_AODB_ODS_EQUIPMENTDOWNGRADESTATUS#CaptureLog_Topic.IsPayloadRequired"/>
<ConfigurableProperty uri="ey.opsesb.aodb.EY_OPSESB_AODB_ODS_EQUIPMENTDOWNGRADESTATUS#CaptureLog_Topic.MsgFormat"/>
<ConfigurableProperty uri="ey.opsesb.aodb.EY_OPSESB_AODB_ODS_EQUIPMENTDOWNGRADESTATUS#CaptureLog_Topic.DataDirection"/>
<ConfigurableProperty uri="ey.opsesb.aodb.EY_OPSESB_AODB_ODS_EQUIPMENTDOWNGRADESTATUS#CaptureLog_Topic.CharacterSet"/>
<ConfigurableProperty uri="ey.opsesb.aodb.EY_OPSESB_AODB_ODS_EQUIPMENTDOWNGRADESTATUS#CaptureLog_Topic.MessageSizeInMB"/>
<ConfigurableProperty override="1c" uri="ey.opsesb.aodb.EY_OPSESB_AODB_ODS_EQUIPMENTDOWNGRADESTATUS#CaptureLog_Topic.ProcessStep"/>
<ConfigurableProperty uri="ey.opsesb.aodb.EY_OPSESB_AODB_ODS_EQUIPMENTDOWNGRADESTATUS#CaptureLog_Topic.IsParentChildRelationRequired"/>
<ConfigurableProperty uri="ey.opsesb.aodb.EY_OPSESB_AODB_ODS_EQUIPMENTDOWNGRADESTATUS#CheckRetry.RetryIntervalInSec"/>
<ConfigurableProperty uri="ey.opsesb.aodb.EY_OPSESB_AODB_ODS_EQUIPMENTDOWNGRADESTATUS#CheckRetry.MaxRetryCount"/>
<ConfigurableProperty uri="ey.opsesb.aodb.EY_OPSESB_AODB_ODS_EQUIPMENTDOWNGRADESTATUS#CheckRetry.ErrorCodes"/>
</CompiledMessageFlow>
</Broker>