<?xml version="1.0" encoding="UTF-8"?><Broker>
<CompiledApplication>
<ConfigurableProperty uri="startMode"/>
</CompiledApplication>
<CompiledMessageFlow name="ey.opsesb.sharedservice.EY_OPSESB_SS_FLIGHTSCHUPDATE_REALTIME">
<ConfigurableProperty uri="ey.opsesb.sharedservice.EY_OPSESB_SS_FLIGHTSCHUPDATE_REALTIME#additionalInstances"/>
<ConfigurableProperty uri="ey.opsesb.sharedservice.EY_OPSESB_SS_FLIGHTSCHUPDATE_REALTIME#notificationThresholdMsgsPerSec"/>
<ConfigurableProperty uri="ey.opsesb.sharedservice.EY_OPSESB_SS_FLIGHTSCHUPDATE_REALTIME#maximumRateMsgsPerSec"/>
<ConfigurableProperty uri="ey.opsesb.sharedservice.EY_OPSESB_SS_FLIGHTSCHUPDATE_REALTIME#processingTimeoutSec"/>
<ConfigurableProperty uri="ey.opsesb.sharedservice.EY_OPSESB_SS_FLIGHTSCHUPDATE_REALTIME#processingTimeoutAction"/>
<ConfigurableProperty uri="ey.opsesb.sharedservice.EY_OPSESB_SS_FLIGHTSCHUPDATE_REALTIME#wlmPolicy"/>
<ConfigurableProperty uri="ey.opsesb.sharedservice.EY_OPSESB_SS_FLIGHTSCHUPDATE_REALTIME#commitCount"/>
<ConfigurableProperty uri="ey.opsesb.sharedservice.EY_OPSESB_SS_FLIGHTSCHUPDATE_REALTIME#commitInterval"/>
<ConfigurableProperty uri="ey.opsesb.sharedservice.EY_OPSESB_SS_FLIGHTSCHUPDATE_REALTIME#coordinatedTransaction"/>
<ConfigurableProperty uri="ey.opsesb.sharedservice.EY_OPSESB_SS_FLIGHTSCHUPDATE_REALTIME#consumerPolicySet"/>
<ConfigurableProperty uri="ey.opsesb.sharedservice.EY_OPSESB_SS_FLIGHTSCHUPDATE_REALTIME#providerPolicySet"/>
<ConfigurableProperty uri="ey.opsesb.sharedservice.EY_OPSESB_SS_FLIGHTSCHUPDATE_REALTIME#consumerPolicySetBindings"/>
<ConfigurableProperty uri="ey.opsesb.sharedservice.EY_OPSESB_SS_FLIGHTSCHUPDATE_REALTIME#providerPolicySetBindings"/>
<ConfigurableProperty uri="ey.opsesb.sharedservice.EY_OPSESB_SS_FLIGHTSCHUPDATE_REALTIME#securityProfileName"/>
<ConfigurableProperty uri="ey.opsesb.sharedservice.EY_OPSESB_SS_FLIGHTSCHUPDATE_REALTIME#monitoringProfile"/>
<ConfigurableProperty uri="ey.opsesb.sharedservice.EY_OPSESB_SS_FLIGHTSCHUPDATE_REALTIME#startMode"/>
<ConfigurableProperty uri="ey.opsesb.sharedservice.EY_OPSESB_SS_FLIGHTSCHUPDATE_REALTIME#startInstancesWhenFlowStarts"/>
<ConfigurableProperty override="ops_ods" uri="ey.opsesb.sharedservice.EY_OPSESB_SS_FLIGHTSCHUPDATE_REALTIME#DB_SCHEMA"/>
<ConfigurableProperty override="OPSESB_TST" uri="ey.opsesb.sharedservice.EY_OPSESB_SS_FLIGHTSCHUPDATE_REALTIME#DB_NAME"/>
<ConfigurableProperty override="72" uri="ey.opsesb.sharedservice.EY_OPSESB_SS_FLIGHTSCHUPDATE_REALTIME#RIGHT_TFRAME"/>
<ConfigurableProperty override="OPSESB_TST" uri="ey.opsesb.sharedservice.EY_OPSESB_SS_FLIGHTSCHUPDATE_REALTIME#dataSource"/>
<ConfigurableProperty override="TRUE" uri="ey.opsesb.sharedservice.EY_OPSESB_SS_FLIGHTSCHUPDATE_REALTIME#FilterOfLockDownFlights"/>
<ConfigurableProperty override="00:30:00" uri="ey.opsesb.sharedservice.EY_OPSESB_SS_FLIGHTSCHUPDATE_REALTIME#timediff"/>
<ConfigurableProperty override="EY_PUBLISH_FLIGHTSCHEDULE_REALTIME_V2" uri="ey.opsesb.sharedservice.EY_OPSESB_SS_FLIGHTSCHUPDATE_REALTIME#AuditLogger.InterfaceID"/>
<ConfigurableProperty override="FS Real Time Notification is Received From FLIGHTSCHEDULE Topic" uri="ey.opsesb.sharedservice.EY_OPSESB_SS_FLIGHTSCHUPDATE_REALTIME#AuditLogger.StatusText"/>
<ConfigurableProperty override="2a" uri="ey.opsesb.sharedservice.EY_OPSESB_SS_FLIGHTSCHUPDATE_REALTIME#AuditLogger.ProcessStep"/>
<ConfigurableProperty uri="ey.opsesb.sharedservice.EY_OPSESB_SS_FLIGHTSCHUPDATE_REALTIME#AuditLogger.IsMsgDetailsRequired"/>
<ConfigurableProperty uri="ey.opsesb.sharedservice.EY_OPSESB_SS_FLIGHTSCHUPDATE_REALTIME#AuditLogger.IsPayloadRequired"/>
<ConfigurableProperty uri="ey.opsesb.sharedservice.EY_OPSESB_SS_FLIGHTSCHUPDATE_REALTIME#AuditLogger.MsgFormat"/>
<ConfigurableProperty override="I" uri="ey.opsesb.sharedservice.EY_OPSESB_SS_FLIGHTSCHUPDATE_REALTIME#AuditLogger.DataDirection"/>
<ConfigurableProperty uri="ey.opsesb.sharedservice.EY_OPSESB_SS_FLIGHTSCHUPDATE_REALTIME#AuditLogger.CharacterSet"/>
<ConfigurableProperty uri="ey.opsesb.sharedservice.EY_OPSESB_SS_FLIGHTSCHUPDATE_REALTIME#AuditLogger.MessageSizeInMB"/>
<ConfigurableProperty override="XML" uri="ey.opsesb.sharedservice.EY_OPSESB_SS_FLIGHTSCHUPDATE_REALTIME#AuditLogger.MsgType"/>
<ConfigurableProperty override="true" uri="ey.opsesb.sharedservice.EY_OPSESB_SS_FLIGHTSCHUPDATE_REALTIME#AuditLogger.IsAuditLogRequired"/>
<ConfigurableProperty uri="ey.opsesb.sharedservice.EY_OPSESB_SS_FLIGHTSCHUPDATE_REALTIME#AuditLogger.IsParentChildRelationRequired"/>
<ConfigurableProperty uri="ey.opsesb.sharedservice.EY_OPSESB_SS_FLIGHTSCHUPDATE_REALTIME#AuditLogger.AuditFileRequired"/>
<ConfigurableProperty override="FS Real Time OutPut XML is Generated" uri="ey.opsesb.sharedservice.EY_OPSESB_SS_FLIGHTSCHUPDATE_REALTIME#CaptureLog.StatusText"/>
<ConfigurableProperty uri="ey.opsesb.sharedservice.EY_OPSESB_SS_FLIGHTSCHUPDATE_REALTIME#CaptureLog.IsMsgDetailsRequired"/>
<ConfigurableProperty uri="ey.opsesb.sharedservice.EY_OPSESB_SS_FLIGHTSCHUPDATE_REALTIME#CaptureLog.IsPayloadRequired"/>
<ConfigurableProperty uri="ey.opsesb.sharedservice.EY_OPSESB_SS_FLIGHTSCHUPDATE_REALTIME#CaptureLog.MsgFormat"/>
<ConfigurableProperty override="O" uri="ey.opsesb.sharedservice.EY_OPSESB_SS_FLIGHTSCHUPDATE_REALTIME#CaptureLog.DataDirection"/>
<ConfigurableProperty uri="ey.opsesb.sharedservice.EY_OPSESB_SS_FLIGHTSCHUPDATE_REALTIME#CaptureLog.CharacterSet"/>
<ConfigurableProperty uri="ey.opsesb.sharedservice.EY_OPSESB_SS_FLIGHTSCHUPDATE_REALTIME#CaptureLog.MessageSizeInMB"/>
<ConfigurableProperty override="2b" uri="ey.opsesb.sharedservice.EY_OPSESB_SS_FLIGHTSCHUPDATE_REALTIME#CaptureLog.ProcessStep"/>
<ConfigurableProperty uri="ey.opsesb.sharedservice.EY_OPSESB_SS_FLIGHTSCHUPDATE_REALTIME#CaptureLog.IsParentChildRelationRequired"/>
<ConfigurableProperty override="EY_OPSESB_SS_FLIGHTSCHUPDATE_REALTIME_AQ_02" uri="ey.opsesb.sharedservice.EY_OPSESB_SS_FLIGHTSCHUPDATE_REALTIME#Alias_Ouput_Queue.queueName"/>
<ConfigurableProperty uri="ey.opsesb.sharedservice.EY_OPSESB_SS_FLIGHTSCHUPDATE_REALTIME#Alias_Ouput_Queue.connection"/>
<ConfigurableProperty uri="ey.opsesb.sharedservice.EY_OPSESB_SS_FLIGHTSCHUPDATE_REALTIME#Alias_Ouput_Queue.destinationQueueManagerName"/>
<ConfigurableProperty override="10.223.126.89" uri="ey.opsesb.sharedservice.EY_OPSESB_SS_FLIGHTSCHUPDATE_REALTIME#Alias_Ouput_Queue.queueManagerHostname"/>
<ConfigurableProperty override="1433" uri="ey.opsesb.sharedservice.EY_OPSESB_SS_FLIGHTSCHUPDATE_REALTIME#Alias_Ouput_Queue.listenerPortNumber"/>
<ConfigurableProperty override="ESB.OPSMOM2S.SVRCONN" uri="ey.opsesb.sharedservice.EY_OPSESB_SS_FLIGHTSCHUPDATE_REALTIME#Alias_Ouput_Queue.channelName"/>
<ConfigurableProperty uri="ey.opsesb.sharedservice.EY_OPSESB_SS_FLIGHTSCHUPDATE_REALTIME#Alias_Ouput_Queue.securityIdentity"/>
<ConfigurableProperty uri="ey.opsesb.sharedservice.EY_OPSESB_SS_FLIGHTSCHUPDATE_REALTIME#Alias_Ouput_Queue.useSSL"/>
<ConfigurableProperty uri="ey.opsesb.sharedservice.EY_OPSESB_SS_FLIGHTSCHUPDATE_REALTIME#Alias_Ouput_Queue.SSLPeerName"/>
<ConfigurableProperty uri="ey.opsesb.sharedservice.EY_OPSESB_SS_FLIGHTSCHUPDATE_REALTIME#Alias_Ouput_Queue.SSLCipherSpec"/>
<ConfigurableProperty uri="ey.opsesb.sharedservice.EY_OPSESB_SS_FLIGHTSCHUPDATE_REALTIME#Alias_Ouput_Queue.queueManagerName"/>
<ConfigurableProperty uri="ey.opsesb.sharedservice.EY_OPSESB_SS_FLIGHTSCHUPDATE_REALTIME#Alias_Ouput_Queue.replyToQMgr"/>
<ConfigurableProperty uri="ey.opsesb.sharedservice.EY_OPSESB_SS_FLIGHTSCHUPDATE_REALTIME#Alias_Ouput_Queue.replyToQ"/>
<ConfigurableProperty uri="ey.opsesb.sharedservice.EY_OPSESB_SS_FLIGHTSCHUPDATE_REALTIME#Alias_Ouput_Queue.validateMaster"/>
<ConfigurableProperty uri="ey.opsesb.sharedservice.EY_OPSESB_SS_FLIGHTSCHUPDATE_REALTIME#Alias_Ouput_Queue.securityProfileName"/>
<ConfigurableProperty uri="ey.opsesb.sharedservice.EY_OPSESB_SS_FLIGHTSCHUPDATE_REALTIME#Alias_Ouput_Queue.policyUrl"/>
<ConfigurableProperty uri="ey.opsesb.sharedservice.EY_OPSESB_SS_FLIGHTSCHUPDATE_REALTIME#Alias_Ouput_Queue.AddRequestToGroup"/>
<ConfigurableProperty uri="ey.opsesb.sharedservice.EY_OPSESB_SS_FLIGHTSCHUPDATE_REALTIME#Alias_Ouput_Queue.GroupRequestFolderName"/>
<ConfigurableProperty uri="ey.opsesb.sharedservice.EY_OPSESB_SS_FLIGHTSCHUPDATE_REALTIME#Alias_Ouput_Queue.GroupRequestTimeout"/>
<ConfigurableProperty override="EY_OPSESB_SS_FLIGHTSCHUPDATE_REALTIME_IN_02" uri="ey.opsesb.sharedservice.EY_OPSESB_SS_FLIGHTSCHUPDATE_REALTIME#EY_OPSESB_SS_FLIGHTSCHUPDATE_REALTIME_IN_02.queueName"/>
<ConfigurableProperty uri="ey.opsesb.sharedservice.EY_OPSESB_SS_FLIGHTSCHUPDATE_REALTIME#EY_OPSESB_SS_FLIGHTSCHUPDATE_REALTIME_IN_02.connection"/>
<ConfigurableProperty uri="ey.opsesb.sharedservice.EY_OPSESB_SS_FLIGHTSCHUPDATE_REALTIME#EY_OPSESB_SS_FLIGHTSCHUPDATE_REALTIME_IN_02.destinationQueueManagerName"/>
<ConfigurableProperty uri="ey.opsesb.sharedservice.EY_OPSESB_SS_FLIGHTSCHUPDATE_REALTIME#EY_OPSESB_SS_FLIGHTSCHUPDATE_REALTIME_IN_02.queueManagerHostname"/>
<ConfigurableProperty uri="ey.opsesb.sharedservice.EY_OPSESB_SS_FLIGHTSCHUPDATE_REALTIME#EY_OPSESB_SS_FLIGHTSCHUPDATE_REALTIME_IN_02.listenerPortNumber"/>
<ConfigurableProperty uri="ey.opsesb.sharedservice.EY_OPSESB_SS_FLIGHTSCHUPDATE_REALTIME#EY_OPSESB_SS_FLIGHTSCHUPDATE_REALTIME_IN_02.channelName"/>
<ConfigurableProperty uri="ey.opsesb.sharedservice.EY_OPSESB_SS_FLIGHTSCHUPDATE_REALTIME#EY_OPSESB_SS_FLIGHTSCHUPDATE_REALTIME_IN_02.securityIdentity"/>
<ConfigurableProperty uri="ey.opsesb.sharedservice.EY_OPSESB_SS_FLIGHTSCHUPDATE_REALTIME#EY_OPSESB_SS_FLIGHTSCHUPDATE_REALTIME_IN_02.useSSL"/>
<ConfigurableProperty uri="ey.opsesb.sharedservice.EY_OPSESB_SS_FLIGHTSCHUPDATE_REALTIME#EY_OPSESB_SS_FLIGHTSCHUPDATE_REALTIME_IN_02.SSLPeerName"/>
<ConfigurableProperty uri="ey.opsesb.sharedservice.EY_OPSESB_SS_FLIGHTSCHUPDATE_REALTIME#EY_OPSESB_SS_FLIGHTSCHUPDATE_REALTIME_IN_02.SSLCipherSpec"/>
<ConfigurableProperty uri="ey.opsesb.sharedservice.EY_OPSESB_SS_FLIGHTSCHUPDATE_REALTIME#EY_OPSESB_SS_FLIGHTSCHUPDATE_REALTIME_IN_02.serializationToken"/>
<ConfigurableProperty uri="ey.opsesb.sharedservice.EY_OPSESB_SS_FLIGHTSCHUPDATE_REALTIME#EY_OPSESB_SS_FLIGHTSCHUPDATE_REALTIME_IN_02.topicProperty"/>
<ConfigurableProperty uri="ey.opsesb.sharedservice.EY_OPSESB_SS_FLIGHTSCHUPDATE_REALTIME#EY_OPSESB_SS_FLIGHTSCHUPDATE_REALTIME_IN_02.resetBrowseTimeout"/>
<ConfigurableProperty uri="ey.opsesb.sharedservice.EY_OPSESB_SS_FLIGHTSCHUPDATE_REALTIME#EY_OPSESB_SS_FLIGHTSCHUPDATE_REALTIME_IN_02.validateMaster"/>
<ConfigurableProperty uri="ey.opsesb.sharedservice.EY_OPSESB_SS_FLIGHTSCHUPDATE_REALTIME#EY_OPSESB_SS_FLIGHTSCHUPDATE_REALTIME_IN_02.securityProfileName"/>
<ConfigurableProperty uri="ey.opsesb.sharedservice.EY_OPSESB_SS_FLIGHTSCHUPDATE_REALTIME#EY_OPSESB_SS_FLIGHTSCHUPDATE_REALTIME_IN_02.componentLevel"/>
<ConfigurableProperty uri="ey.opsesb.sharedservice.EY_OPSESB_SS_FLIGHTSCHUPDATE_REALTIME#EY_OPSESB_SS_FLIGHTSCHUPDATE_REALTIME_IN_02.additionalInstances"/>
<ConfigurableProperty uri="ey.opsesb.sharedservice.EY_OPSESB_SS_FLIGHTSCHUPDATE_REALTIME#EY_OPSESB_SS_FLIGHTSCHUPDATE_REALTIME_IN_02.policyUrl"/>
<ConfigurableProperty uri="ey.opsesb.sharedservice.EY_OPSESB_SS_FLIGHTSCHUPDATE_REALTIME#EY_OPSESB_SS_FLIGHTSCHUPDATE_REALTIME.connectDatasourceBeforeFlowStarts"/>
<ConfigurableProperty uri="ey.opsesb.sharedservice.EY_OPSESB_SS_FLIGHTSCHUPDATE_REALTIME#EY_OPSESB_SS_FLIGHTSCHUPDATE_REALTIME.validateMaster"/>
<ConfigurableProperty override="contentAndValue" uri="ey.opsesb.sharedservice.EY_OPSESB_SS_FLIGHTSCHUPDATE_REALTIME#Validate.validateMaster"/>
<ConfigurableProperty override="FS Real Time OutPut XML Message is Successfully Posted To SSFLIGHTSCHEDULE Topic" uri="ey.opsesb.sharedservice.EY_OPSESB_SS_FLIGHTSCHUPDATE_REALTIME#CaptureLog1.StatusText"/>
<ConfigurableProperty uri="ey.opsesb.sharedservice.EY_OPSESB_SS_FLIGHTSCHUPDATE_REALTIME#CaptureLog1.IsMsgDetailsRequired"/>
<ConfigurableProperty uri="ey.opsesb.sharedservice.EY_OPSESB_SS_FLIGHTSCHUPDATE_REALTIME#CaptureLog1.IsPayloadRequired"/>
<ConfigurableProperty uri="ey.opsesb.sharedservice.EY_OPSESB_SS_FLIGHTSCHUPDATE_REALTIME#CaptureLog1.MsgFormat"/>
<ConfigurableProperty override="O" uri="ey.opsesb.sharedservice.EY_OPSESB_SS_FLIGHTSCHUPDATE_REALTIME#CaptureLog1.DataDirection"/>
<ConfigurableProperty uri="ey.opsesb.sharedservice.EY_OPSESB_SS_FLIGHTSCHUPDATE_REALTIME#CaptureLog1.CharacterSet"/>
<ConfigurableProperty uri="ey.opsesb.sharedservice.EY_OPSESB_SS_FLIGHTSCHUPDATE_REALTIME#CaptureLog1.MessageSizeInMB"/>
<ConfigurableProperty override="2c" uri="ey.opsesb.sharedservice.EY_OPSESB_SS_FLIGHTSCHUPDATE_REALTIME#CaptureLog1.ProcessStep"/>
<ConfigurableProperty uri="ey.opsesb.sharedservice.EY_OPSESB_SS_FLIGHTSCHUPDATE_REALTIME#CaptureLog1.IsParentChildRelationRequired"/>
<ConfigurableProperty uri="ey.opsesb.sharedservice.EY_OPSESB_SS_FLIGHTSCHUPDATE_REALTIME#CheckRetry.RetryIntervalInSec"/>
<ConfigurableProperty uri="ey.opsesb.sharedservice.EY_OPSESB_SS_FLIGHTSCHUPDATE_REALTIME#CheckRetry.MaxRetryCount"/>
<ConfigurableProperty uri="ey.opsesb.sharedservice.EY_OPSESB_SS_FLIGHTSCHUPDATE_REALTIME#CheckRetry.ErrorCodes"/>
</CompiledMessageFlow>
</Broker>