{
  "swagger" : "2.0",
  "info" : {
    "title" : "FlightSchedule_WebService",
    "version" : "1",
    "description" : "FlightSchedule_WebService"
  },
  "paths" : {
    "/flight/schedule" : {
      "get" : {
        "operationId" : "FlightSchedule_WebService",
        "responses" : {
          "200" : {
            "description" : "The operation was successful.",
            "schema" : {
              "type" : "string"
            }
          }
        },
        "produces" : [ "application/json" ],
        "description" : "Retrieve Flights",
        "parameters" : [ {
          "name" : "src",
          "in" : "header",
          "type" : "string",
          "required" : true
        }, {
          "name" : "iataAirlineCode",
          "in" : "query",
          "type" : "string"
        }, {
          "name" : "flightNo",
          "in" : "query",
          "type" : "string",
          "required" : false
        }, {
          "name" : "iataArrivalAirportCode",
          "in" : "query",
          "type" : "string",
          "required" : false
        }, {
          "name" : "iataDepartureAirportCode",
          "in" : "query",
          "type" : "string"
        }, {
          "name" : "flightStatusSrc",
          "in" : "query",
          "type" : "string"
        }, {
          "name" : "registrationNo",
          "in" : "query",
          "type" : "string"
        }, {
          "name" : "iataAircraftType",
          "in" : "query",
          "type" : "string"
        }, {
          "name" : "sobtGr",
          "in" : "query",
          "type" : "string"
        }, {
          "name" : "sibtEq",
          "in" : "query",
          "type" : "string"
        }, {
          "name" : "serviceType",
          "in" : "query",
          "type" : "string"
        }, {
          "name" : "sibtGr",
          "in" : "query",
          "type" : "string"
        }, {
          "name" : "sibtLs",
          "in" : "query",
          "type" : "string"
        }, {
          "name" : "sobtLs",
          "in" : "query",
          "type" : "string"
        }, {
          "name" : "sobtEq",
          "in" : "query",
          "type" : "string"
        } ]
      }
    }
  },
  "basePath" : "/v1",
  "definitions" : { }
}