<?xml version="1.0" encoding="UTF-8"?><Broker>
<CompiledApplication>
<ConfigurableProperty uri="startMode"/>
</CompiledApplication>
<CompiledMessageFlow name="ey.opsesb.aircom.EY_OPSESB_AIRCOM_ODS">
<ConfigurableProperty uri="ey.opsesb.aircom.EY_OPSESB_AIRCOM_ODS#additionalInstances"/>
<ConfigurableProperty uri="ey.opsesb.aircom.EY_OPSESB_AIRCOM_ODS#notificationThresholdMsgsPerSec"/>
<ConfigurableProperty uri="ey.opsesb.aircom.EY_OPSESB_AIRCOM_ODS#maximumRateMsgsPerSec"/>
<ConfigurableProperty uri="ey.opsesb.aircom.EY_OPSESB_AIRCOM_ODS#processingTimeoutSec"/>
<ConfigurableProperty uri="ey.opsesb.aircom.EY_OPSESB_AIRCOM_ODS#processingTimeoutAction"/>
<ConfigurableProperty uri="ey.opsesb.aircom.EY_OPSESB_AIRCOM_ODS#wlmPolicy"/>
<ConfigurableProperty uri="ey.opsesb.aircom.EY_OPSESB_AIRCOM_ODS#commitCount"/>
<ConfigurableProperty uri="ey.opsesb.aircom.EY_OPSESB_AIRCOM_ODS#commitInterval"/>
<ConfigurableProperty uri="ey.opsesb.aircom.EY_OPSESB_AIRCOM_ODS#coordinatedTransaction"/>
<ConfigurableProperty uri="ey.opsesb.aircom.EY_OPSESB_AIRCOM_ODS#consumerPolicySet"/>
<ConfigurableProperty uri="ey.opsesb.aircom.EY_OPSESB_AIRCOM_ODS#providerPolicySet"/>
<ConfigurableProperty uri="ey.opsesb.aircom.EY_OPSESB_AIRCOM_ODS#consumerPolicySetBindings"/>
<ConfigurableProperty uri="ey.opsesb.aircom.EY_OPSESB_AIRCOM_ODS#providerPolicySetBindings"/>
<ConfigurableProperty uri="ey.opsesb.aircom.EY_OPSESB_AIRCOM_ODS#securityProfileName"/>
<ConfigurableProperty uri="ey.opsesb.aircom.EY_OPSESB_AIRCOM_ODS#monitoringProfile"/>
<ConfigurableProperty uri="ey.opsesb.aircom.EY_OPSESB_AIRCOM_ODS#startMode"/>
<ConfigurableProperty uri="ey.opsesb.aircom.EY_OPSESB_AIRCOM_ODS#startInstancesWhenFlowStarts"/>
<ConfigurableProperty override="OPSESB_TST" uri="ey.opsesb.aircom.EY_OPSESB_AIRCOM_ODS#dataSource"/>
<ConfigurableProperty override="OPSESB_TST" uri="ey.opsesb.aircom.EY_OPSESB_AIRCOM_ODS#DB_Name"/>
<ConfigurableProperty override="ops_ods" uri="ey.opsesb.aircom.EY_OPSESB_AIRCOM_ODS#DB_Schema"/>
<ConfigurableProperty override="OPSESB" uri="ey.opsesb.aircom.EY_OPSESB_AIRCOM_ODS#ODS_USER_NM"/>
<ConfigurableProperty override="EY_A_OPSESB_FLIGHTSCHEDULE_AQ_01" uri="ey.opsesb.aircom.EY_OPSESB_AIRCOM_ODS#Queue_FLIGHTSCHEDULE"/>
<ConfigurableProperty override="EY_A_OPSESB_FLIGHTTURNAROUND_AQ_01" uri="ey.opsesb.aircom.EY_OPSESB_AIRCOM_ODS#Queue_FLIGHTTURNAROUND"/>
<ConfigurableProperty override="200" uri="ey.opsesb.aircom.EY_OPSESB_AIRCOM_ODS#SleepIntervalInMilliSec"/>
<ConfigurableProperty override="'CAN','NOP','CX'" uri="ey.opsesb.aircom.EY_OPSESB_AIRCOM_ODS#NonOpeFlightStatusCodes"/>
<ConfigurableProperty override="Movement Control System" uri="ey.opsesb.aircom.EY_OPSESB_AIRCOM_ODS#PrioritySourceSystem"/>
<ConfigurableProperty override="EY_A_AIRCOM_OPSESB_01" uri="ey.opsesb.aircom.EY_OPSESB_AIRCOM_ODS#EY_A_AIRCOM_OPSESB_01.queueName"/>
<ConfigurableProperty uri="ey.opsesb.aircom.EY_OPSESB_AIRCOM_ODS#EY_A_AIRCOM_OPSESB_01.connection"/>
<ConfigurableProperty uri="ey.opsesb.aircom.EY_OPSESB_AIRCOM_ODS#EY_A_AIRCOM_OPSESB_01.destinationQueueManagerName"/>
<ConfigurableProperty uri="ey.opsesb.aircom.EY_OPSESB_AIRCOM_ODS#EY_A_AIRCOM_OPSESB_01.queueManagerHostname"/>
<ConfigurableProperty uri="ey.opsesb.aircom.EY_OPSESB_AIRCOM_ODS#EY_A_AIRCOM_OPSESB_01.listenerPortNumber"/>
<ConfigurableProperty uri="ey.opsesb.aircom.EY_OPSESB_AIRCOM_ODS#EY_A_AIRCOM_OPSESB_01.channelName"/>
<ConfigurableProperty uri="ey.opsesb.aircom.EY_OPSESB_AIRCOM_ODS#EY_A_AIRCOM_OPSESB_01.securityIdentity"/>
<ConfigurableProperty uri="ey.opsesb.aircom.EY_OPSESB_AIRCOM_ODS#EY_A_AIRCOM_OPSESB_01.useSSL"/>
<ConfigurableProperty uri="ey.opsesb.aircom.EY_OPSESB_AIRCOM_ODS#EY_A_AIRCOM_OPSESB_01.SSLPeerName"/>
<ConfigurableProperty uri="ey.opsesb.aircom.EY_OPSESB_AIRCOM_ODS#EY_A_AIRCOM_OPSESB_01.SSLCipherSpec"/>
<ConfigurableProperty uri="ey.opsesb.aircom.EY_OPSESB_AIRCOM_ODS#EY_A_AIRCOM_OPSESB_01.serializationToken"/>
<ConfigurableProperty uri="ey.opsesb.aircom.EY_OPSESB_AIRCOM_ODS#EY_A_AIRCOM_OPSESB_01.topicProperty"/>
<ConfigurableProperty uri="ey.opsesb.aircom.EY_OPSESB_AIRCOM_ODS#EY_A_AIRCOM_OPSESB_01.resetBrowseTimeout"/>
<ConfigurableProperty override="contentAndValue" uri="ey.opsesb.aircom.EY_OPSESB_AIRCOM_ODS#EY_A_AIRCOM_OPSESB_01.validateMaster"/>
<ConfigurableProperty uri="ey.opsesb.aircom.EY_OPSESB_AIRCOM_ODS#EY_A_AIRCOM_OPSESB_01.securityProfileName"/>
<ConfigurableProperty uri="ey.opsesb.aircom.EY_OPSESB_AIRCOM_ODS#EY_A_AIRCOM_OPSESB_01.componentLevel"/>
<ConfigurableProperty uri="ey.opsesb.aircom.EY_OPSESB_AIRCOM_ODS#EY_A_AIRCOM_OPSESB_01.additionalInstances"/>
<ConfigurableProperty uri="ey.opsesb.aircom.EY_OPSESB_AIRCOM_ODS#EY_A_AIRCOM_OPSESB_01.policyUrl"/>
<ConfigurableProperty override="AIRCOM_OPSESB_ODS" uri="ey.opsesb.aircom.EY_OPSESB_AIRCOM_ODS#AuditLogger.InterfaceID"/>
<ConfigurableProperty override="Message Received in ESB" uri="ey.opsesb.aircom.EY_OPSESB_AIRCOM_ODS#AuditLogger.StatusText"/>
<ConfigurableProperty override="1a" uri="ey.opsesb.aircom.EY_OPSESB_AIRCOM_ODS#AuditLogger.ProcessStep"/>
<ConfigurableProperty uri="ey.opsesb.aircom.EY_OPSESB_AIRCOM_ODS#AuditLogger.IsMsgDetailsRequired"/>
<ConfigurableProperty uri="ey.opsesb.aircom.EY_OPSESB_AIRCOM_ODS#AuditLogger.IsPayloadRequired"/>
<ConfigurableProperty uri="ey.opsesb.aircom.EY_OPSESB_AIRCOM_ODS#AuditLogger.MsgFormat"/>
<ConfigurableProperty override="I" uri="ey.opsesb.aircom.EY_OPSESB_AIRCOM_ODS#AuditLogger.DataDirection"/>
<ConfigurableProperty uri="ey.opsesb.aircom.EY_OPSESB_AIRCOM_ODS#AuditLogger.CharacterSet"/>
<ConfigurableProperty uri="ey.opsesb.aircom.EY_OPSESB_AIRCOM_ODS#AuditLogger.MessageSizeInMB"/>
<ConfigurableProperty uri="ey.opsesb.aircom.EY_OPSESB_AIRCOM_ODS#AuditLogger.MsgType"/>
<ConfigurableProperty override="true" uri="ey.opsesb.aircom.EY_OPSESB_AIRCOM_ODS#AuditLogger.IsAuditLogRequired"/>
<ConfigurableProperty uri="ey.opsesb.aircom.EY_OPSESB_AIRCOM_ODS#AuditLogger.IsParentChildRelationRequired"/>
<ConfigurableProperty uri="ey.opsesb.aircom.EY_OPSESB_AIRCOM_ODS#AuditLogger.AuditFileRequired"/>
<ConfigurableProperty override="Data Inserted into ODS" uri="ey.opsesb.aircom.EY_OPSESB_AIRCOM_ODS#CaptureLog.StatusText"/>
<ConfigurableProperty uri="ey.opsesb.aircom.EY_OPSESB_AIRCOM_ODS#CaptureLog.IsMsgDetailsRequired"/>
<ConfigurableProperty uri="ey.opsesb.aircom.EY_OPSESB_AIRCOM_ODS#CaptureLog.IsPayloadRequired"/>
<ConfigurableProperty uri="ey.opsesb.aircom.EY_OPSESB_AIRCOM_ODS#CaptureLog.MsgFormat"/>
<ConfigurableProperty uri="ey.opsesb.aircom.EY_OPSESB_AIRCOM_ODS#CaptureLog.DataDirection"/>
<ConfigurableProperty uri="ey.opsesb.aircom.EY_OPSESB_AIRCOM_ODS#CaptureLog.CharacterSet"/>
<ConfigurableProperty uri="ey.opsesb.aircom.EY_OPSESB_AIRCOM_ODS#CaptureLog.MessageSizeInMB"/>
<ConfigurableProperty override="1b" uri="ey.opsesb.aircom.EY_OPSESB_AIRCOM_ODS#CaptureLog.ProcessStep"/>
<ConfigurableProperty uri="ey.opsesb.aircom.EY_OPSESB_AIRCOM_ODS#CaptureLog.IsParentChildRelationRequired"/>
<ConfigurableProperty uri="ey.opsesb.aircom.EY_OPSESB_AIRCOM_ODS#EY_OPSESB_AIRCOM_ODS.connectDatasourceBeforeFlowStarts"/>
<ConfigurableProperty uri="ey.opsesb.aircom.EY_OPSESB_AIRCOM_ODS#EY_OPSESB_AIRCOM_ODS.validateMaster"/>
<ConfigurableProperty uri="ey.opsesb.aircom.EY_OPSESB_AIRCOM_ODS#MQOutput.queueName"/>
<ConfigurableProperty uri="ey.opsesb.aircom.EY_OPSESB_AIRCOM_ODS#MQOutput.connection"/>
<ConfigurableProperty uri="ey.opsesb.aircom.EY_OPSESB_AIRCOM_ODS#MQOutput.destinationQueueManagerName"/>
<ConfigurableProperty uri="ey.opsesb.aircom.EY_OPSESB_AIRCOM_ODS#MQOutput.queueManagerHostname"/>
<ConfigurableProperty uri="ey.opsesb.aircom.EY_OPSESB_AIRCOM_ODS#MQOutput.listenerPortNumber"/>
<ConfigurableProperty uri="ey.opsesb.aircom.EY_OPSESB_AIRCOM_ODS#MQOutput.channelName"/>
<ConfigurableProperty uri="ey.opsesb.aircom.EY_OPSESB_AIRCOM_ODS#MQOutput.securityIdentity"/>
<ConfigurableProperty uri="ey.opsesb.aircom.EY_OPSESB_AIRCOM_ODS#MQOutput.useSSL"/>
<ConfigurableProperty uri="ey.opsesb.aircom.EY_OPSESB_AIRCOM_ODS#MQOutput.SSLPeerName"/>
<ConfigurableProperty uri="ey.opsesb.aircom.EY_OPSESB_AIRCOM_ODS#MQOutput.SSLCipherSpec"/>
<ConfigurableProperty uri="ey.opsesb.aircom.EY_OPSESB_AIRCOM_ODS#MQOutput.queueManagerName"/>
<ConfigurableProperty uri="ey.opsesb.aircom.EY_OPSESB_AIRCOM_ODS#MQOutput.replyToQMgr"/>
<ConfigurableProperty uri="ey.opsesb.aircom.EY_OPSESB_AIRCOM_ODS#MQOutput.replyToQ"/>
<ConfigurableProperty uri="ey.opsesb.aircom.EY_OPSESB_AIRCOM_ODS#MQOutput.validateMaster"/>
<ConfigurableProperty uri="ey.opsesb.aircom.EY_OPSESB_AIRCOM_ODS#MQOutput.securityProfileName"/>
<ConfigurableProperty uri="ey.opsesb.aircom.EY_OPSESB_AIRCOM_ODS#MQOutput.policyUrl"/>
<ConfigurableProperty uri="ey.opsesb.aircom.EY_OPSESB_AIRCOM_ODS#MQOutput.AddRequestToGroup"/>
<ConfigurableProperty uri="ey.opsesb.aircom.EY_OPSESB_AIRCOM_ODS#MQOutput.GroupRequestFolderName"/>
<ConfigurableProperty uri="ey.opsesb.aircom.EY_OPSESB_AIRCOM_ODS#MQOutput.GroupRequestTimeout"/>
<ConfigurableProperty override="Published the notification to topic" uri="ey.opsesb.aircom.EY_OPSESB_AIRCOM_ODS#CaptureLog_Topic.StatusText"/>
<ConfigurableProperty uri="ey.opsesb.aircom.EY_OPSESB_AIRCOM_ODS#CaptureLog_Topic.IsMsgDetailsRequired"/>
<ConfigurableProperty uri="ey.opsesb.aircom.EY_OPSESB_AIRCOM_ODS#CaptureLog_Topic.IsPayloadRequired"/>
<ConfigurableProperty uri="ey.opsesb.aircom.EY_OPSESB_AIRCOM_ODS#CaptureLog_Topic.MsgFormat"/>
<ConfigurableProperty uri="ey.opsesb.aircom.EY_OPSESB_AIRCOM_ODS#CaptureLog_Topic.DataDirection"/>
<ConfigurableProperty uri="ey.opsesb.aircom.EY_OPSESB_AIRCOM_ODS#CaptureLog_Topic.CharacterSet"/>
<ConfigurableProperty uri="ey.opsesb.aircom.EY_OPSESB_AIRCOM_ODS#CaptureLog_Topic.MessageSizeInMB"/>
<ConfigurableProperty override="1c" uri="ey.opsesb.aircom.EY_OPSESB_AIRCOM_ODS#CaptureLog_Topic.ProcessStep"/>
<ConfigurableProperty uri="ey.opsesb.aircom.EY_OPSESB_AIRCOM_ODS#CaptureLog_Topic.IsParentChildRelationRequired"/>
<ConfigurableProperty uri="ey.opsesb.aircom.EY_OPSESB_AIRCOM_ODS#CheckRetry.RetryIntervalInSec"/>
<ConfigurableProperty uri="ey.opsesb.aircom.EY_OPSESB_AIRCOM_ODS#CheckRetry.MaxRetryCount"/>
<ConfigurableProperty uri="ey.opsesb.aircom.EY_OPSESB_AIRCOM_ODS#CheckRetry.ErrorCodes"/>
</CompiledMessageFlow>
</Broker>