<?xml version="1.0" encoding="UTF-8"?><Broker>
<CompiledApplication>
<ConfigurableProperty uri="startMode"/>
</CompiledApplication>
<CompiledMessageFlow name="ey.opsesb.neo.EY_OPSESB_NEO_FLIGHTPAX">
<ConfigurableProperty uri="ey.opsesb.neo.EY_OPSESB_NEO_FLIGHTPAX#additionalInstances"/>
<ConfigurableProperty uri="ey.opsesb.neo.EY_OPSESB_NEO_FLIGHTPAX#notificationThresholdMsgsPerSec"/>
<ConfigurableProperty uri="ey.opsesb.neo.EY_OPSESB_NEO_FLIGHTPAX#maximumRateMsgsPerSec"/>
<ConfigurableProperty uri="ey.opsesb.neo.EY_OPSESB_NEO_FLIGHTPAX#processingTimeoutSec"/>
<ConfigurableProperty uri="ey.opsesb.neo.EY_OPSESB_NEO_FLIGHTPAX#processingTimeoutAction"/>
<ConfigurableProperty uri="ey.opsesb.neo.EY_OPSESB_NEO_FLIGHTPAX#wlmPolicy"/>
<ConfigurableProperty uri="ey.opsesb.neo.EY_OPSESB_NEO_FLIGHTPAX#commitCount"/>
<ConfigurableProperty uri="ey.opsesb.neo.EY_OPSESB_NEO_FLIGHTPAX#commitInterval"/>
<ConfigurableProperty uri="ey.opsesb.neo.EY_OPSESB_NEO_FLIGHTPAX#coordinatedTransaction"/>
<ConfigurableProperty uri="ey.opsesb.neo.EY_OPSESB_NEO_FLIGHTPAX#consumerPolicySet"/>
<ConfigurableProperty uri="ey.opsesb.neo.EY_OPSESB_NEO_FLIGHTPAX#providerPolicySet"/>
<ConfigurableProperty uri="ey.opsesb.neo.EY_OPSESB_NEO_FLIGHTPAX#consumerPolicySetBindings"/>
<ConfigurableProperty uri="ey.opsesb.neo.EY_OPSESB_NEO_FLIGHTPAX#providerPolicySetBindings"/>
<ConfigurableProperty uri="ey.opsesb.neo.EY_OPSESB_NEO_FLIGHTPAX#securityProfileName"/>
<ConfigurableProperty uri="ey.opsesb.neo.EY_OPSESB_NEO_FLIGHTPAX#monitoringProfile"/>
<ConfigurableProperty uri="ey.opsesb.neo.EY_OPSESB_NEO_FLIGHTPAX#startMode"/>
<ConfigurableProperty uri="ey.opsesb.neo.EY_OPSESB_NEO_FLIGHTPAX#startInstancesWhenFlowStarts"/>
<ConfigurableProperty override="OPSESB" uri="ey.opsesb.neo.EY_OPSESB_NEO_FLIGHTPAX#ODS_USER_NM"/>
<ConfigurableProperty override="ops_ods" uri="ey.opsesb.neo.EY_OPSESB_NEO_FLIGHTPAX#DB_Schema"/>
<ConfigurableProperty override="OPSESB_TST" uri="ey.opsesb.neo.EY_OPSESB_NEO_FLIGHTPAX#DB_Name"/>
<ConfigurableProperty override="24" uri="ey.opsesb.neo.EY_OPSESB_NEO_FLIGHTPAX#START_TIME_REALTIME"/>
<ConfigurableProperty override="72" uri="ey.opsesb.neo.EY_OPSESB_NEO_FLIGHTPAX#END_TIME_REALTIME"/>
<ConfigurableProperty override="EY_A_OPSESB_SS_ACTUALLOAD_PAX_FPAX_NEOCA" uri="ey.opsesb.neo.EY_OPSESB_NEO_FLIGHTPAX#ACTUALLOAD_PAX_INQUEUENM"/>
<ConfigurableProperty override="EY_A_OPSESB_SS_ACTUALBAG_TRMX_FPAX_NEOCA" uri="ey.opsesb.neo.EY_OPSESB_NEO_FLIGHTPAX#ACTUALBAG_TRMX_INQUEUENM"/>
<ConfigurableProperty override="EY_A_OPSESB_SS_ACTPAX_PRGV_RT_FPAX_NEOCA" uri="ey.opsesb.neo.EY_OPSESB_NEO_FLIGHTPAX#ACTUALPAX_PRGV_INQUEUENM"/>
<ConfigurableProperty override="EY_A_OPSESB_SS_PAXTRMX_REALTIME_FPAX_NEOCA" uri="ey.opsesb.neo.EY_OPSESB_NEO_FLIGHTPAX#PAXTRMX_REALTIME_INQUEUENM"/>
<ConfigurableProperty override="OPSESB_TST" uri="ey.opsesb.neo.EY_OPSESB_NEO_FLIGHTPAX#dataSource"/>
<ConfigurableProperty override="EY.NEO.FPAXREALTIME.TST.OUT" uri="ey.opsesb.neo.EY_OPSESB_NEO_FLIGHTPAX#REALTIME_OUTPUT_QUEUE"/>
<ConfigurableProperty override="EY.NEO.FPAXBATCH.TST.OUT" uri="ey.opsesb.neo.EY_OPSESB_NEO_FLIGHTPAX#BATCH_OUTPUT_QUEUE"/>
<ConfigurableProperty override="EY_A_OPSESB_SS_BOOKEDPAXLOAD_BATCH_FPAX_NEOCA" uri="ey.opsesb.neo.EY_OPSESB_NEO_FLIGHTPAX#BOOKEDPAXLOAD_BATCH.queueName"/>
<ConfigurableProperty uri="ey.opsesb.neo.EY_OPSESB_NEO_FLIGHTPAX#BOOKEDPAXLOAD_BATCH.connection"/>
<ConfigurableProperty uri="ey.opsesb.neo.EY_OPSESB_NEO_FLIGHTPAX#BOOKEDPAXLOAD_BATCH.destinationQueueManagerName"/>
<ConfigurableProperty uri="ey.opsesb.neo.EY_OPSESB_NEO_FLIGHTPAX#BOOKEDPAXLOAD_BATCH.queueManagerHostname"/>
<ConfigurableProperty uri="ey.opsesb.neo.EY_OPSESB_NEO_FLIGHTPAX#BOOKEDPAXLOAD_BATCH.listenerPortNumber"/>
<ConfigurableProperty uri="ey.opsesb.neo.EY_OPSESB_NEO_FLIGHTPAX#BOOKEDPAXLOAD_BATCH.channelName"/>
<ConfigurableProperty uri="ey.opsesb.neo.EY_OPSESB_NEO_FLIGHTPAX#BOOKEDPAXLOAD_BATCH.securityIdentity"/>
<ConfigurableProperty uri="ey.opsesb.neo.EY_OPSESB_NEO_FLIGHTPAX#BOOKEDPAXLOAD_BATCH.useSSL"/>
<ConfigurableProperty uri="ey.opsesb.neo.EY_OPSESB_NEO_FLIGHTPAX#BOOKEDPAXLOAD_BATCH.SSLPeerName"/>
<ConfigurableProperty uri="ey.opsesb.neo.EY_OPSESB_NEO_FLIGHTPAX#BOOKEDPAXLOAD_BATCH.SSLCipherSpec"/>
<ConfigurableProperty uri="ey.opsesb.neo.EY_OPSESB_NEO_FLIGHTPAX#BOOKEDPAXLOAD_BATCH.serializationToken"/>
<ConfigurableProperty uri="ey.opsesb.neo.EY_OPSESB_NEO_FLIGHTPAX#BOOKEDPAXLOAD_BATCH.topicProperty"/>
<ConfigurableProperty uri="ey.opsesb.neo.EY_OPSESB_NEO_FLIGHTPAX#BOOKEDPAXLOAD_BATCH.resetBrowseTimeout"/>
<ConfigurableProperty uri="ey.opsesb.neo.EY_OPSESB_NEO_FLIGHTPAX#BOOKEDPAXLOAD_BATCH.validateMaster"/>
<ConfigurableProperty uri="ey.opsesb.neo.EY_OPSESB_NEO_FLIGHTPAX#BOOKEDPAXLOAD_BATCH.securityProfileName"/>
<ConfigurableProperty uri="ey.opsesb.neo.EY_OPSESB_NEO_FLIGHTPAX#BOOKEDPAXLOAD_BATCH.componentLevel"/>
<ConfigurableProperty uri="ey.opsesb.neo.EY_OPSESB_NEO_FLIGHTPAX#BOOKEDPAXLOAD_BATCH.additionalInstances"/>
<ConfigurableProperty uri="ey.opsesb.neo.EY_OPSESB_NEO_FLIGHTPAX#BOOKEDPAXLOAD_BATCH.policyUrl"/>
<ConfigurableProperty override="EY_A_OPSESB_SS_PAXTRMX_REALTIME_FPAX_NEOCA" uri="ey.opsesb.neo.EY_OPSESB_NEO_FLIGHTPAX#PAXTRMX_REALTIME.queueName"/>
<ConfigurableProperty uri="ey.opsesb.neo.EY_OPSESB_NEO_FLIGHTPAX#PAXTRMX_REALTIME.connection"/>
<ConfigurableProperty uri="ey.opsesb.neo.EY_OPSESB_NEO_FLIGHTPAX#PAXTRMX_REALTIME.destinationQueueManagerName"/>
<ConfigurableProperty uri="ey.opsesb.neo.EY_OPSESB_NEO_FLIGHTPAX#PAXTRMX_REALTIME.queueManagerHostname"/>
<ConfigurableProperty uri="ey.opsesb.neo.EY_OPSESB_NEO_FLIGHTPAX#PAXTRMX_REALTIME.listenerPortNumber"/>
<ConfigurableProperty uri="ey.opsesb.neo.EY_OPSESB_NEO_FLIGHTPAX#PAXTRMX_REALTIME.channelName"/>
<ConfigurableProperty uri="ey.opsesb.neo.EY_OPSESB_NEO_FLIGHTPAX#PAXTRMX_REALTIME.securityIdentity"/>
<ConfigurableProperty uri="ey.opsesb.neo.EY_OPSESB_NEO_FLIGHTPAX#PAXTRMX_REALTIME.useSSL"/>
<ConfigurableProperty uri="ey.opsesb.neo.EY_OPSESB_NEO_FLIGHTPAX#PAXTRMX_REALTIME.SSLPeerName"/>
<ConfigurableProperty uri="ey.opsesb.neo.EY_OPSESB_NEO_FLIGHTPAX#PAXTRMX_REALTIME.SSLCipherSpec"/>
<ConfigurableProperty uri="ey.opsesb.neo.EY_OPSESB_NEO_FLIGHTPAX#PAXTRMX_REALTIME.serializationToken"/>
<ConfigurableProperty uri="ey.opsesb.neo.EY_OPSESB_NEO_FLIGHTPAX#PAXTRMX_REALTIME.topicProperty"/>
<ConfigurableProperty uri="ey.opsesb.neo.EY_OPSESB_NEO_FLIGHTPAX#PAXTRMX_REALTIME.resetBrowseTimeout"/>
<ConfigurableProperty uri="ey.opsesb.neo.EY_OPSESB_NEO_FLIGHTPAX#PAXTRMX_REALTIME.validateMaster"/>
<ConfigurableProperty uri="ey.opsesb.neo.EY_OPSESB_NEO_FLIGHTPAX#PAXTRMX_REALTIME.securityProfileName"/>
<ConfigurableProperty uri="ey.opsesb.neo.EY_OPSESB_NEO_FLIGHTPAX#PAXTRMX_REALTIME.componentLevel"/>
<ConfigurableProperty uri="ey.opsesb.neo.EY_OPSESB_NEO_FLIGHTPAX#PAXTRMX_REALTIME.additionalInstances"/>
<ConfigurableProperty uri="ey.opsesb.neo.EY_OPSESB_NEO_FLIGHTPAX#PAXTRMX_REALTIME.policyUrl"/>
<ConfigurableProperty override="EY_OPSESB_NEO_FLIGHTPAX" uri="ey.opsesb.neo.EY_OPSESB_NEO_FLIGHTPAX#AuditLogger.InterfaceID"/>
<ConfigurableProperty override="Message Received in ESB from SharedService" uri="ey.opsesb.neo.EY_OPSESB_NEO_FLIGHTPAX#AuditLogger.StatusText"/>
<ConfigurableProperty uri="ey.opsesb.neo.EY_OPSESB_NEO_FLIGHTPAX#AuditLogger.ProcessStep"/>
<ConfigurableProperty uri="ey.opsesb.neo.EY_OPSESB_NEO_FLIGHTPAX#AuditLogger.IsMsgDetailsRequired"/>
<ConfigurableProperty uri="ey.opsesb.neo.EY_OPSESB_NEO_FLIGHTPAX#AuditLogger.IsPayloadRequired"/>
<ConfigurableProperty uri="ey.opsesb.neo.EY_OPSESB_NEO_FLIGHTPAX#AuditLogger.MsgFormat"/>
<ConfigurableProperty override="I" uri="ey.opsesb.neo.EY_OPSESB_NEO_FLIGHTPAX#AuditLogger.DataDirection"/>
<ConfigurableProperty uri="ey.opsesb.neo.EY_OPSESB_NEO_FLIGHTPAX#AuditLogger.CharacterSet"/>
<ConfigurableProperty uri="ey.opsesb.neo.EY_OPSESB_NEO_FLIGHTPAX#AuditLogger.MessageSizeInMB"/>
<ConfigurableProperty uri="ey.opsesb.neo.EY_OPSESB_NEO_FLIGHTPAX#AuditLogger.MsgType"/>
<ConfigurableProperty override="true" uri="ey.opsesb.neo.EY_OPSESB_NEO_FLIGHTPAX#AuditLogger.IsAuditLogRequired"/>
<ConfigurableProperty uri="ey.opsesb.neo.EY_OPSESB_NEO_FLIGHTPAX#AuditLogger.IsParentChildRelationRequired"/>
<ConfigurableProperty uri="ey.opsesb.neo.EY_OPSESB_NEO_FLIGHTPAX#AuditLogger.AuditFileRequired"/>
<ConfigurableProperty override="FlightPax Output XML is Generated" uri="ey.opsesb.neo.EY_OPSESB_NEO_FLIGHTPAX#CaptureLog.StatusText"/>
<ConfigurableProperty uri="ey.opsesb.neo.EY_OPSESB_NEO_FLIGHTPAX#CaptureLog.IsMsgDetailsRequired"/>
<ConfigurableProperty uri="ey.opsesb.neo.EY_OPSESB_NEO_FLIGHTPAX#CaptureLog.IsPayloadRequired"/>
<ConfigurableProperty uri="ey.opsesb.neo.EY_OPSESB_NEO_FLIGHTPAX#CaptureLog.MsgFormat"/>
<ConfigurableProperty uri="ey.opsesb.neo.EY_OPSESB_NEO_FLIGHTPAX#CaptureLog.DataDirection"/>
<ConfigurableProperty uri="ey.opsesb.neo.EY_OPSESB_NEO_FLIGHTPAX#CaptureLog.CharacterSet"/>
<ConfigurableProperty uri="ey.opsesb.neo.EY_OPSESB_NEO_FLIGHTPAX#CaptureLog.MessageSizeInMB"/>
<ConfigurableProperty override="3b" uri="ey.opsesb.neo.EY_OPSESB_NEO_FLIGHTPAX#CaptureLog.ProcessStep"/>
<ConfigurableProperty uri="ey.opsesb.neo.EY_OPSESB_NEO_FLIGHTPAX#CaptureLog.IsParentChildRelationRequired"/>
<ConfigurableProperty uri="ey.opsesb.neo.EY_OPSESB_NEO_FLIGHTPAX#EY_OPSESB_NEO_FLIGHTPAX.connectDatasourceBeforeFlowStarts"/>
<ConfigurableProperty uri="ey.opsesb.neo.EY_OPSESB_NEO_FLIGHTPAX#EY_OPSESB_NEO_FLIGHTPAX.validateMaster"/>
<ConfigurableProperty uri="ey.opsesb.neo.EY_OPSESB_NEO_FLIGHTPAX#NEOCA_OUTPUT.queueName"/>
<ConfigurableProperty uri="ey.opsesb.neo.EY_OPSESB_NEO_FLIGHTPAX#NEOCA_OUTPUT.connection"/>
<ConfigurableProperty uri="ey.opsesb.neo.EY_OPSESB_NEO_FLIGHTPAX#NEOCA_OUTPUT.destinationQueueManagerName"/>
<ConfigurableProperty uri="ey.opsesb.neo.EY_OPSESB_NEO_FLIGHTPAX#NEOCA_OUTPUT.queueManagerHostname"/>
<ConfigurableProperty uri="ey.opsesb.neo.EY_OPSESB_NEO_FLIGHTPAX#NEOCA_OUTPUT.listenerPortNumber"/>
<ConfigurableProperty uri="ey.opsesb.neo.EY_OPSESB_NEO_FLIGHTPAX#NEOCA_OUTPUT.channelName"/>
<ConfigurableProperty uri="ey.opsesb.neo.EY_OPSESB_NEO_FLIGHTPAX#NEOCA_OUTPUT.securityIdentity"/>
<ConfigurableProperty uri="ey.opsesb.neo.EY_OPSESB_NEO_FLIGHTPAX#NEOCA_OUTPUT.useSSL"/>
<ConfigurableProperty uri="ey.opsesb.neo.EY_OPSESB_NEO_FLIGHTPAX#NEOCA_OUTPUT.SSLPeerName"/>
<ConfigurableProperty uri="ey.opsesb.neo.EY_OPSESB_NEO_FLIGHTPAX#NEOCA_OUTPUT.SSLCipherSpec"/>
<ConfigurableProperty uri="ey.opsesb.neo.EY_OPSESB_NEO_FLIGHTPAX#NEOCA_OUTPUT.queueManagerName"/>
<ConfigurableProperty uri="ey.opsesb.neo.EY_OPSESB_NEO_FLIGHTPAX#NEOCA_OUTPUT.replyToQMgr"/>
<ConfigurableProperty uri="ey.opsesb.neo.EY_OPSESB_NEO_FLIGHTPAX#NEOCA_OUTPUT.replyToQ"/>
<ConfigurableProperty uri="ey.opsesb.neo.EY_OPSESB_NEO_FLIGHTPAX#NEOCA_OUTPUT.validateMaster"/>
<ConfigurableProperty uri="ey.opsesb.neo.EY_OPSESB_NEO_FLIGHTPAX#NEOCA_OUTPUT.securityProfileName"/>
<ConfigurableProperty uri="ey.opsesb.neo.EY_OPSESB_NEO_FLIGHTPAX#NEOCA_OUTPUT.policyUrl"/>
<ConfigurableProperty uri="ey.opsesb.neo.EY_OPSESB_NEO_FLIGHTPAX#NEOCA_OUTPUT.AddRequestToGroup"/>
<ConfigurableProperty uri="ey.opsesb.neo.EY_OPSESB_NEO_FLIGHTPAX#NEOCA_OUTPUT.GroupRequestFolderName"/>
<ConfigurableProperty uri="ey.opsesb.neo.EY_OPSESB_NEO_FLIGHTPAX#NEOCA_OUTPUT.GroupRequestTimeout"/>
<ConfigurableProperty override="contentAndValue" uri="ey.opsesb.neo.EY_OPSESB_NEO_FLIGHTPAX#Validate.validateMaster"/>
<ConfigurableProperty override="EY_A_OPSESB_SS_PAXTRMX_BATCH_FPAX_NEOCA" uri="ey.opsesb.neo.EY_OPSESB_NEO_FLIGHTPAX#PAXTRMX_BATCH.queueName"/>
<ConfigurableProperty uri="ey.opsesb.neo.EY_OPSESB_NEO_FLIGHTPAX#PAXTRMX_BATCH.connection"/>
<ConfigurableProperty uri="ey.opsesb.neo.EY_OPSESB_NEO_FLIGHTPAX#PAXTRMX_BATCH.destinationQueueManagerName"/>
<ConfigurableProperty uri="ey.opsesb.neo.EY_OPSESB_NEO_FLIGHTPAX#PAXTRMX_BATCH.queueManagerHostname"/>
<ConfigurableProperty uri="ey.opsesb.neo.EY_OPSESB_NEO_FLIGHTPAX#PAXTRMX_BATCH.listenerPortNumber"/>
<ConfigurableProperty uri="ey.opsesb.neo.EY_OPSESB_NEO_FLIGHTPAX#PAXTRMX_BATCH.channelName"/>
<ConfigurableProperty uri="ey.opsesb.neo.EY_OPSESB_NEO_FLIGHTPAX#PAXTRMX_BATCH.securityIdentity"/>
<ConfigurableProperty uri="ey.opsesb.neo.EY_OPSESB_NEO_FLIGHTPAX#PAXTRMX_BATCH.useSSL"/>
<ConfigurableProperty uri="ey.opsesb.neo.EY_OPSESB_NEO_FLIGHTPAX#PAXTRMX_BATCH.SSLPeerName"/>
<ConfigurableProperty uri="ey.opsesb.neo.EY_OPSESB_NEO_FLIGHTPAX#PAXTRMX_BATCH.SSLCipherSpec"/>
<ConfigurableProperty uri="ey.opsesb.neo.EY_OPSESB_NEO_FLIGHTPAX#PAXTRMX_BATCH.serializationToken"/>
<ConfigurableProperty uri="ey.opsesb.neo.EY_OPSESB_NEO_FLIGHTPAX#PAXTRMX_BATCH.topicProperty"/>
<ConfigurableProperty uri="ey.opsesb.neo.EY_OPSESB_NEO_FLIGHTPAX#PAXTRMX_BATCH.resetBrowseTimeout"/>
<ConfigurableProperty uri="ey.opsesb.neo.EY_OPSESB_NEO_FLIGHTPAX#PAXTRMX_BATCH.validateMaster"/>
<ConfigurableProperty uri="ey.opsesb.neo.EY_OPSESB_NEO_FLIGHTPAX#PAXTRMX_BATCH.securityProfileName"/>
<ConfigurableProperty uri="ey.opsesb.neo.EY_OPSESB_NEO_FLIGHTPAX#PAXTRMX_BATCH.componentLevel"/>
<ConfigurableProperty uri="ey.opsesb.neo.EY_OPSESB_NEO_FLIGHTPAX#PAXTRMX_BATCH.additionalInstances"/>
<ConfigurableProperty uri="ey.opsesb.neo.EY_OPSESB_NEO_FLIGHTPAX#PAXTRMX_BATCH.policyUrl"/>
<ConfigurableProperty override="EY_A_OPSESB_SS_ACTUALBAG_TRMX_FPAX_NEOCA" uri="ey.opsesb.neo.EY_OPSESB_NEO_FLIGHTPAX#ACTUALBAG_TRMX.queueName"/>
<ConfigurableProperty uri="ey.opsesb.neo.EY_OPSESB_NEO_FLIGHTPAX#ACTUALBAG_TRMX.connection"/>
<ConfigurableProperty uri="ey.opsesb.neo.EY_OPSESB_NEO_FLIGHTPAX#ACTUALBAG_TRMX.destinationQueueManagerName"/>
<ConfigurableProperty uri="ey.opsesb.neo.EY_OPSESB_NEO_FLIGHTPAX#ACTUALBAG_TRMX.queueManagerHostname"/>
<ConfigurableProperty uri="ey.opsesb.neo.EY_OPSESB_NEO_FLIGHTPAX#ACTUALBAG_TRMX.listenerPortNumber"/>
<ConfigurableProperty uri="ey.opsesb.neo.EY_OPSESB_NEO_FLIGHTPAX#ACTUALBAG_TRMX.channelName"/>
<ConfigurableProperty uri="ey.opsesb.neo.EY_OPSESB_NEO_FLIGHTPAX#ACTUALBAG_TRMX.securityIdentity"/>
<ConfigurableProperty uri="ey.opsesb.neo.EY_OPSESB_NEO_FLIGHTPAX#ACTUALBAG_TRMX.useSSL"/>
<ConfigurableProperty uri="ey.opsesb.neo.EY_OPSESB_NEO_FLIGHTPAX#ACTUALBAG_TRMX.SSLPeerName"/>
<ConfigurableProperty uri="ey.opsesb.neo.EY_OPSESB_NEO_FLIGHTPAX#ACTUALBAG_TRMX.SSLCipherSpec"/>
<ConfigurableProperty uri="ey.opsesb.neo.EY_OPSESB_NEO_FLIGHTPAX#ACTUALBAG_TRMX.serializationToken"/>
<ConfigurableProperty uri="ey.opsesb.neo.EY_OPSESB_NEO_FLIGHTPAX#ACTUALBAG_TRMX.topicProperty"/>
<ConfigurableProperty uri="ey.opsesb.neo.EY_OPSESB_NEO_FLIGHTPAX#ACTUALBAG_TRMX.resetBrowseTimeout"/>
<ConfigurableProperty uri="ey.opsesb.neo.EY_OPSESB_NEO_FLIGHTPAX#ACTUALBAG_TRMX.validateMaster"/>
<ConfigurableProperty uri="ey.opsesb.neo.EY_OPSESB_NEO_FLIGHTPAX#ACTUALBAG_TRMX.securityProfileName"/>
<ConfigurableProperty uri="ey.opsesb.neo.EY_OPSESB_NEO_FLIGHTPAX#ACTUALBAG_TRMX.componentLevel"/>
<ConfigurableProperty uri="ey.opsesb.neo.EY_OPSESB_NEO_FLIGHTPAX#ACTUALBAG_TRMX.additionalInstances"/>
<ConfigurableProperty uri="ey.opsesb.neo.EY_OPSESB_NEO_FLIGHTPAX#ACTUALBAG_TRMX.policyUrl"/>
<ConfigurableProperty override="EY_A_OPSESB_SS_ACTUALLOAD_PAX_FPAX_NEOCA" uri="ey.opsesb.neo.EY_OPSESB_NEO_FLIGHTPAX#ACTUALLOAD_PAX.queueName"/>
<ConfigurableProperty uri="ey.opsesb.neo.EY_OPSESB_NEO_FLIGHTPAX#ACTUALLOAD_PAX.connection"/>
<ConfigurableProperty uri="ey.opsesb.neo.EY_OPSESB_NEO_FLIGHTPAX#ACTUALLOAD_PAX.destinationQueueManagerName"/>
<ConfigurableProperty uri="ey.opsesb.neo.EY_OPSESB_NEO_FLIGHTPAX#ACTUALLOAD_PAX.queueManagerHostname"/>
<ConfigurableProperty uri="ey.opsesb.neo.EY_OPSESB_NEO_FLIGHTPAX#ACTUALLOAD_PAX.listenerPortNumber"/>
<ConfigurableProperty uri="ey.opsesb.neo.EY_OPSESB_NEO_FLIGHTPAX#ACTUALLOAD_PAX.channelName"/>
<ConfigurableProperty uri="ey.opsesb.neo.EY_OPSESB_NEO_FLIGHTPAX#ACTUALLOAD_PAX.securityIdentity"/>
<ConfigurableProperty uri="ey.opsesb.neo.EY_OPSESB_NEO_FLIGHTPAX#ACTUALLOAD_PAX.useSSL"/>
<ConfigurableProperty uri="ey.opsesb.neo.EY_OPSESB_NEO_FLIGHTPAX#ACTUALLOAD_PAX.SSLPeerName"/>
<ConfigurableProperty uri="ey.opsesb.neo.EY_OPSESB_NEO_FLIGHTPAX#ACTUALLOAD_PAX.SSLCipherSpec"/>
<ConfigurableProperty uri="ey.opsesb.neo.EY_OPSESB_NEO_FLIGHTPAX#ACTUALLOAD_PAX.serializationToken"/>
<ConfigurableProperty uri="ey.opsesb.neo.EY_OPSESB_NEO_FLIGHTPAX#ACTUALLOAD_PAX.topicProperty"/>
<ConfigurableProperty uri="ey.opsesb.neo.EY_OPSESB_NEO_FLIGHTPAX#ACTUALLOAD_PAX.resetBrowseTimeout"/>
<ConfigurableProperty uri="ey.opsesb.neo.EY_OPSESB_NEO_FLIGHTPAX#ACTUALLOAD_PAX.validateMaster"/>
<ConfigurableProperty uri="ey.opsesb.neo.EY_OPSESB_NEO_FLIGHTPAX#ACTUALLOAD_PAX.securityProfileName"/>
<ConfigurableProperty uri="ey.opsesb.neo.EY_OPSESB_NEO_FLIGHTPAX#ACTUALLOAD_PAX.componentLevel"/>
<ConfigurableProperty uri="ey.opsesb.neo.EY_OPSESB_NEO_FLIGHTPAX#ACTUALLOAD_PAX.additionalInstances"/>
<ConfigurableProperty uri="ey.opsesb.neo.EY_OPSESB_NEO_FLIGHTPAX#ACTUALLOAD_PAX.policyUrl"/>
<ConfigurableProperty override="EY_A_OPSESB_SS_ACTPAX_PRGV_RT_FPAX_NEOCA" uri="ey.opsesb.neo.EY_OPSESB_NEO_FLIGHTPAX#ACTUALPAX_PRGV.queueName"/>
<ConfigurableProperty uri="ey.opsesb.neo.EY_OPSESB_NEO_FLIGHTPAX#ACTUALPAX_PRGV.connection"/>
<ConfigurableProperty uri="ey.opsesb.neo.EY_OPSESB_NEO_FLIGHTPAX#ACTUALPAX_PRGV.destinationQueueManagerName"/>
<ConfigurableProperty uri="ey.opsesb.neo.EY_OPSESB_NEO_FLIGHTPAX#ACTUALPAX_PRGV.queueManagerHostname"/>
<ConfigurableProperty uri="ey.opsesb.neo.EY_OPSESB_NEO_FLIGHTPAX#ACTUALPAX_PRGV.listenerPortNumber"/>
<ConfigurableProperty uri="ey.opsesb.neo.EY_OPSESB_NEO_FLIGHTPAX#ACTUALPAX_PRGV.channelName"/>
<ConfigurableProperty uri="ey.opsesb.neo.EY_OPSESB_NEO_FLIGHTPAX#ACTUALPAX_PRGV.securityIdentity"/>
<ConfigurableProperty uri="ey.opsesb.neo.EY_OPSESB_NEO_FLIGHTPAX#ACTUALPAX_PRGV.useSSL"/>
<ConfigurableProperty uri="ey.opsesb.neo.EY_OPSESB_NEO_FLIGHTPAX#ACTUALPAX_PRGV.SSLPeerName"/>
<ConfigurableProperty uri="ey.opsesb.neo.EY_OPSESB_NEO_FLIGHTPAX#ACTUALPAX_PRGV.SSLCipherSpec"/>
<ConfigurableProperty uri="ey.opsesb.neo.EY_OPSESB_NEO_FLIGHTPAX#ACTUALPAX_PRGV.serializationToken"/>
<ConfigurableProperty uri="ey.opsesb.neo.EY_OPSESB_NEO_FLIGHTPAX#ACTUALPAX_PRGV.topicProperty"/>
<ConfigurableProperty uri="ey.opsesb.neo.EY_OPSESB_NEO_FLIGHTPAX#ACTUALPAX_PRGV.resetBrowseTimeout"/>
<ConfigurableProperty uri="ey.opsesb.neo.EY_OPSESB_NEO_FLIGHTPAX#ACTUALPAX_PRGV.validateMaster"/>
<ConfigurableProperty uri="ey.opsesb.neo.EY_OPSESB_NEO_FLIGHTPAX#ACTUALPAX_PRGV.securityProfileName"/>
<ConfigurableProperty uri="ey.opsesb.neo.EY_OPSESB_NEO_FLIGHTPAX#ACTUALPAX_PRGV.componentLevel"/>
<ConfigurableProperty uri="ey.opsesb.neo.EY_OPSESB_NEO_FLIGHTPAX#ACTUALPAX_PRGV.additionalInstances"/>
<ConfigurableProperty uri="ey.opsesb.neo.EY_OPSESB_NEO_FLIGHTPAX#ACTUALPAX_PRGV.policyUrl"/>
<ConfigurableProperty override="FlightPax XML is successfully shared to Consumer Queue" uri="ey.opsesb.neo.EY_OPSESB_NEO_FLIGHTPAX#CaptureLog1.StatusText"/>
<ConfigurableProperty uri="ey.opsesb.neo.EY_OPSESB_NEO_FLIGHTPAX#CaptureLog1.IsMsgDetailsRequired"/>
<ConfigurableProperty uri="ey.opsesb.neo.EY_OPSESB_NEO_FLIGHTPAX#CaptureLog1.IsPayloadRequired"/>
<ConfigurableProperty uri="ey.opsesb.neo.EY_OPSESB_NEO_FLIGHTPAX#CaptureLog1.MsgFormat"/>
<ConfigurableProperty uri="ey.opsesb.neo.EY_OPSESB_NEO_FLIGHTPAX#CaptureLog1.DataDirection"/>
<ConfigurableProperty uri="ey.opsesb.neo.EY_OPSESB_NEO_FLIGHTPAX#CaptureLog1.CharacterSet"/>
<ConfigurableProperty uri="ey.opsesb.neo.EY_OPSESB_NEO_FLIGHTPAX#CaptureLog1.MessageSizeInMB"/>
<ConfigurableProperty override="3c" uri="ey.opsesb.neo.EY_OPSESB_NEO_FLIGHTPAX#CaptureLog1.ProcessStep"/>
<ConfigurableProperty uri="ey.opsesb.neo.EY_OPSESB_NEO_FLIGHTPAX#CaptureLog1.IsParentChildRelationRequired"/>
<ConfigurableProperty uri="ey.opsesb.neo.EY_OPSESB_NEO_FLIGHTPAX#CheckRetry.RetryIntervalInSec"/>
<ConfigurableProperty uri="ey.opsesb.neo.EY_OPSESB_NEO_FLIGHTPAX#CheckRetry.MaxRetryCount"/>
<ConfigurableProperty uri="ey.opsesb.neo.EY_OPSESB_NEO_FLIGHTPAX#CheckRetry.ErrorCodes"/>
</CompiledMessageFlow>
</Broker>