<?xml version="1.0" encoding="UTF-8"?><Broker>
<CompiledApplication>
<ConfigurableProperty uri="startMode"/>
</CompiledApplication>
<CompiledMessageFlow name="ey.opsesb.aodb.EY_OPSESB_AODB_ODS_FLIGHTSCHEDULE">
<ConfigurableProperty uri="ey.opsesb.aodb.EY_OPSESB_AODB_ODS_FLIGHTSCHEDULE#additionalInstances"/>
<ConfigurableProperty uri="ey.opsesb.aodb.EY_OPSESB_AODB_ODS_FLIGHTSCHEDULE#notificationThresholdMsgsPerSec"/>
<ConfigurableProperty uri="ey.opsesb.aodb.EY_OPSESB_AODB_ODS_FLIGHTSCHEDULE#maximumRateMsgsPerSec"/>
<ConfigurableProperty uri="ey.opsesb.aodb.EY_OPSESB_AODB_ODS_FLIGHTSCHEDULE#processingTimeoutSec"/>
<ConfigurableProperty uri="ey.opsesb.aodb.EY_OPSESB_AODB_ODS_FLIGHTSCHEDULE#processingTimeoutAction"/>
<ConfigurableProperty uri="ey.opsesb.aodb.EY_OPSESB_AODB_ODS_FLIGHTSCHEDULE#wlmPolicy"/>
<ConfigurableProperty uri="ey.opsesb.aodb.EY_OPSESB_AODB_ODS_FLIGHTSCHEDULE#commitCount"/>
<ConfigurableProperty uri="ey.opsesb.aodb.EY_OPSESB_AODB_ODS_FLIGHTSCHEDULE#commitInterval"/>
<ConfigurableProperty uri="ey.opsesb.aodb.EY_OPSESB_AODB_ODS_FLIGHTSCHEDULE#coordinatedTransaction"/>
<ConfigurableProperty uri="ey.opsesb.aodb.EY_OPSESB_AODB_ODS_FLIGHTSCHEDULE#consumerPolicySet"/>
<ConfigurableProperty uri="ey.opsesb.aodb.EY_OPSESB_AODB_ODS_FLIGHTSCHEDULE#providerPolicySet"/>
<ConfigurableProperty uri="ey.opsesb.aodb.EY_OPSESB_AODB_ODS_FLIGHTSCHEDULE#consumerPolicySetBindings"/>
<ConfigurableProperty uri="ey.opsesb.aodb.EY_OPSESB_AODB_ODS_FLIGHTSCHEDULE#providerPolicySetBindings"/>
<ConfigurableProperty uri="ey.opsesb.aodb.EY_OPSESB_AODB_ODS_FLIGHTSCHEDULE#securityProfileName"/>
<ConfigurableProperty uri="ey.opsesb.aodb.EY_OPSESB_AODB_ODS_FLIGHTSCHEDULE#monitoringProfile"/>
<ConfigurableProperty uri="ey.opsesb.aodb.EY_OPSESB_AODB_ODS_FLIGHTSCHEDULE#startMode"/>
<ConfigurableProperty uri="ey.opsesb.aodb.EY_OPSESB_AODB_ODS_FLIGHTSCHEDULE#startInstancesWhenFlowStarts"/>
<ConfigurableProperty override="OPSESB_TST" uri="ey.opsesb.aodb.EY_OPSESB_AODB_ODS_FLIGHTSCHEDULE#dataSource"/>
<ConfigurableProperty override="OPSESB" uri="ey.opsesb.aodb.EY_OPSESB_AODB_ODS_FLIGHTSCHEDULE#ODS_USER_NM"/>
<ConfigurableProperty override="ops_ods" uri="ey.opsesb.aodb.EY_OPSESB_AODB_ODS_FLIGHTSCHEDULE#DB_Schema"/>
<ConfigurableProperty override="OPSESB_TST" uri="ey.opsesb.aodb.EY_OPSESB_AODB_ODS_FLIGHTSCHEDULE#DB_Name"/>
<ConfigurableProperty override="408" uri="ey.opsesb.aodb.EY_OPSESB_AODB_ODS_FLIGHTSCHEDULE#Window_In_Hours"/>
<ConfigurableProperty override="20" uri="ey.opsesb.aodb.EY_OPSESB_AODB_ODS_FLIGHTSCHEDULE#EventTime_Check"/>
<ConfigurableProperty override="4" uri="ey.opsesb.aodb.EY_OPSESB_AODB_ODS_FLIGHTSCHEDULE#UTCTime_Check"/>
<ConfigurableProperty override="AODB_OPSESB_ODS_FLIGHTSCHEDULE" uri="ey.opsesb.aodb.EY_OPSESB_AODB_ODS_FLIGHTSCHEDULE#AuditLogger.InterfaceID"/>
<ConfigurableProperty override="Message Received in ESB" uri="ey.opsesb.aodb.EY_OPSESB_AODB_ODS_FLIGHTSCHEDULE#AuditLogger.StatusText"/>
<ConfigurableProperty override="1a" uri="ey.opsesb.aodb.EY_OPSESB_AODB_ODS_FLIGHTSCHEDULE#AuditLogger.ProcessStep"/>
<ConfigurableProperty uri="ey.opsesb.aodb.EY_OPSESB_AODB_ODS_FLIGHTSCHEDULE#AuditLogger.IsMsgDetailsRequired"/>
<ConfigurableProperty override="false" uri="ey.opsesb.aodb.EY_OPSESB_AODB_ODS_FLIGHTSCHEDULE#AuditLogger.IsPayloadRequired"/>
<ConfigurableProperty override="CSV" uri="ey.opsesb.aodb.EY_OPSESB_AODB_ODS_FLIGHTSCHEDULE#AuditLogger.MsgFormat"/>
<ConfigurableProperty override="I" uri="ey.opsesb.aodb.EY_OPSESB_AODB_ODS_FLIGHTSCHEDULE#AuditLogger.DataDirection"/>
<ConfigurableProperty uri="ey.opsesb.aodb.EY_OPSESB_AODB_ODS_FLIGHTSCHEDULE#AuditLogger.CharacterSet"/>
<ConfigurableProperty uri="ey.opsesb.aodb.EY_OPSESB_AODB_ODS_FLIGHTSCHEDULE#AuditLogger.MessageSizeInMB"/>
<ConfigurableProperty uri="ey.opsesb.aodb.EY_OPSESB_AODB_ODS_FLIGHTSCHEDULE#AuditLogger.MsgType"/>
<ConfigurableProperty override="true" uri="ey.opsesb.aodb.EY_OPSESB_AODB_ODS_FLIGHTSCHEDULE#AuditLogger.IsAuditLogRequired"/>
<ConfigurableProperty uri="ey.opsesb.aodb.EY_OPSESB_AODB_ODS_FLIGHTSCHEDULE#AuditLogger.IsParentChildRelationRequired"/>
<ConfigurableProperty uri="ey.opsesb.aodb.EY_OPSESB_AODB_ODS_FLIGHTSCHEDULE#AuditLogger.AuditFileRequired"/>
<ConfigurableProperty uri="ey.opsesb.aodb.EY_OPSESB_AODB_ODS_FLIGHTSCHEDULE#FLIGHTSCHEDULE.connectDatasourceBeforeFlowStarts"/>
<ConfigurableProperty uri="ey.opsesb.aodb.EY_OPSESB_AODB_ODS_FLIGHTSCHEDULE#FLIGHTSCHEDULE.validateMaster"/>
<ConfigurableProperty override="SeasonalData Inserted into ODS" uri="ey.opsesb.aodb.EY_OPSESB_AODB_ODS_FLIGHTSCHEDULE#CaptureLog.StatusText"/>
<ConfigurableProperty uri="ey.opsesb.aodb.EY_OPSESB_AODB_ODS_FLIGHTSCHEDULE#CaptureLog.IsMsgDetailsRequired"/>
<ConfigurableProperty override="false" uri="ey.opsesb.aodb.EY_OPSESB_AODB_ODS_FLIGHTSCHEDULE#CaptureLog.IsPayloadRequired"/>
<ConfigurableProperty uri="ey.opsesb.aodb.EY_OPSESB_AODB_ODS_FLIGHTSCHEDULE#CaptureLog.MsgFormat"/>
<ConfigurableProperty uri="ey.opsesb.aodb.EY_OPSESB_AODB_ODS_FLIGHTSCHEDULE#CaptureLog.DataDirection"/>
<ConfigurableProperty uri="ey.opsesb.aodb.EY_OPSESB_AODB_ODS_FLIGHTSCHEDULE#CaptureLog.CharacterSet"/>
<ConfigurableProperty uri="ey.opsesb.aodb.EY_OPSESB_AODB_ODS_FLIGHTSCHEDULE#CaptureLog.MessageSizeInMB"/>
<ConfigurableProperty override="1b" uri="ey.opsesb.aodb.EY_OPSESB_AODB_ODS_FLIGHTSCHEDULE#CaptureLog.ProcessStep"/>
<ConfigurableProperty uri="ey.opsesb.aodb.EY_OPSESB_AODB_ODS_FLIGHTSCHEDULE#CaptureLog.IsParentChildRelationRequired"/>
<ConfigurableProperty override="/var/mqm/config/AODB/FlightSchedule" uri="ey.opsesb.aodb.EY_OPSESB_AODB_ODS_FLIGHTSCHEDULE#FileInput.inputDirectory"/>
<ConfigurableProperty uri="ey.opsesb.aodb.EY_OPSESB_AODB_ODS_FLIGHTSCHEDULE#FileInput.recursiveDirectories"/>
<ConfigurableProperty override="AODB_FLIGHT_SCHEDULE*.csv" uri="ey.opsesb.aodb.EY_OPSESB_AODB_ODS_FLIGHTSCHEDULE#FileInput.filenamePattern"/>
<ConfigurableProperty uri="ey.opsesb.aodb.EY_OPSESB_AODB_ODS_FLIGHTSCHEDULE#FileInput.excludePattern"/>
<ConfigurableProperty uri="ey.opsesb.aodb.EY_OPSESB_AODB_ODS_FLIGHTSCHEDULE#FileInput.messageCodedCharSetIdProperty"/>
<ConfigurableProperty uri="ey.opsesb.aodb.EY_OPSESB_AODB_ODS_FLIGHTSCHEDULE#FileInput.messageEncodingProperty"/>
<ConfigurableProperty uri="ey.opsesb.aodb.EY_OPSESB_AODB_ODS_FLIGHTSCHEDULE#FileInput.waitInterval"/>
<ConfigurableProperty uri="ey.opsesb.aodb.EY_OPSESB_AODB_ODS_FLIGHTSCHEDULE#FileInput.retryThreshold"/>
<ConfigurableProperty uri="ey.opsesb.aodb.EY_OPSESB_AODB_ODS_FLIGHTSCHEDULE#FileInput.shortRetryInterval"/>
<ConfigurableProperty uri="ey.opsesb.aodb.EY_OPSESB_AODB_ODS_FLIGHTSCHEDULE#FileInput.longRetryInterval"/>
<ConfigurableProperty uri="ey.opsesb.aodb.EY_OPSESB_AODB_ODS_FLIGHTSCHEDULE#FileInput.customDelimiter"/>
<ConfigurableProperty override="contentAndValue" uri="ey.opsesb.aodb.EY_OPSESB_AODB_ODS_FLIGHTSCHEDULE#FileInput.validateMaster"/>
<ConfigurableProperty uri="ey.opsesb.aodb.EY_OPSESB_AODB_ODS_FLIGHTSCHEDULE#FileInput.fileFtp"/>
<ConfigurableProperty override="SFTP" uri="ey.opsesb.aodb.EY_OPSESB_AODB_ODS_FLIGHTSCHEDULE#FileInput.remoteTransferType"/>
<ConfigurableProperty uri="ey.opsesb.aodb.EY_OPSESB_AODB_ODS_FLIGHTSCHEDULE#FileInput.fileFtpServer"/>
<ConfigurableProperty uri="ey.opsesb.aodb.EY_OPSESB_AODB_ODS_FLIGHTSCHEDULE#FileInput.fileFtpUser"/>
<ConfigurableProperty override="" uri="ey.opsesb.aodb.EY_OPSESB_AODB_ODS_FLIGHTSCHEDULE#FileInput.fileFtpDirectory"/>
<ConfigurableProperty uri="ey.opsesb.aodb.EY_OPSESB_AODB_ODS_FLIGHTSCHEDULE#FileInput.componentLevel"/>
<ConfigurableProperty uri="ey.opsesb.aodb.EY_OPSESB_AODB_ODS_FLIGHTSCHEDULE#FileInput.additionalInstances"/>
<ConfigurableProperty uri="ey.opsesb.aodb.EY_OPSESB_AODB_ODS_FLIGHTSCHEDULE#ErrorMsgThrow.dataSource"/>
<ConfigurableProperty uri="ey.opsesb.aodb.EY_OPSESB_AODB_ODS_FLIGHTSCHEDULE#ErrorMsgThrow.connectDatasourceBeforeFlowStarts"/>
<ConfigurableProperty uri="ey.opsesb.aodb.EY_OPSESB_AODB_ODS_FLIGHTSCHEDULE#ErrorMsgThrow.validateMaster"/>
<ConfigurableProperty uri="ey.opsesb.aodb.EY_OPSESB_AODB_ODS_FLIGHTSCHEDULE#FlightSchedule_SplitRecords.dataSource"/>
<ConfigurableProperty uri="ey.opsesb.aodb.EY_OPSESB_AODB_ODS_FLIGHTSCHEDULE#FlightSchedule_SplitRecords.connectDatasourceBeforeFlowStarts"/>
<ConfigurableProperty uri="ey.opsesb.aodb.EY_OPSESB_AODB_ODS_FLIGHTSCHEDULE#FlightSchedule_SplitRecords.validateMaster"/>
<ConfigurableProperty uri="ey.opsesb.aodb.EY_OPSESB_AODB_ODS_FLIGHTSCHEDULE#Catch_Compute.dataSource"/>
<ConfigurableProperty uri="ey.opsesb.aodb.EY_OPSESB_AODB_ODS_FLIGHTSCHEDULE#Catch_Compute.connectDatasourceBeforeFlowStarts"/>
<ConfigurableProperty uri="ey.opsesb.aodb.EY_OPSESB_AODB_ODS_FLIGHTSCHEDULE#Catch_Compute.validateMaster"/>
<ConfigurableProperty uri="ey.opsesb.aodb.EY_OPSESB_AODB_ODS_FLIGHTSCHEDULE#CheckRetry.RetryIntervalInSec"/>
<ConfigurableProperty uri="ey.opsesb.aodb.EY_OPSESB_AODB_ODS_FLIGHTSCHEDULE#CheckRetry.MaxRetryCount"/>
<ConfigurableProperty uri="ey.opsesb.aodb.EY_OPSESB_AODB_ODS_FLIGHTSCHEDULE#CheckRetry.ErrorCodes"/>
</CompiledMessageFlow>
</Broker>