<?xml version="1.0" encoding="UTF-8"?><Broker>
<CompiledApplication>
<ConfigurableProperty uri="startMode"/>
</CompiledApplication>
<CompiledMessageFlow name="ey.opsesb.sabreix.EY_OPSESB_SABREIX_ODS_PUBLISHLOAD">
<ConfigurableProperty uri="ey.opsesb.sabreix.EY_OPSESB_SABREIX_ODS_PUBLISHLOAD#additionalInstances"/>
<ConfigurableProperty uri="ey.opsesb.sabreix.EY_OPSESB_SABREIX_ODS_PUBLISHLOAD#notificationThresholdMsgsPerSec"/>
<ConfigurableProperty uri="ey.opsesb.sabreix.EY_OPSESB_SABREIX_ODS_PUBLISHLOAD#maximumRateMsgsPerSec"/>
<ConfigurableProperty uri="ey.opsesb.sabreix.EY_OPSESB_SABREIX_ODS_PUBLISHLOAD#processingTimeoutSec"/>
<ConfigurableProperty uri="ey.opsesb.sabreix.EY_OPSESB_SABREIX_ODS_PUBLISHLOAD#processingTimeoutAction"/>
<ConfigurableProperty uri="ey.opsesb.sabreix.EY_OPSESB_SABREIX_ODS_PUBLISHLOAD#wlmPolicy"/>
<ConfigurableProperty uri="ey.opsesb.sabreix.EY_OPSESB_SABREIX_ODS_PUBLISHLOAD#commitCount"/>
<ConfigurableProperty uri="ey.opsesb.sabreix.EY_OPSESB_SABREIX_ODS_PUBLISHLOAD#commitInterval"/>
<ConfigurableProperty uri="ey.opsesb.sabreix.EY_OPSESB_SABREIX_ODS_PUBLISHLOAD#coordinatedTransaction"/>
<ConfigurableProperty uri="ey.opsesb.sabreix.EY_OPSESB_SABREIX_ODS_PUBLISHLOAD#consumerPolicySet"/>
<ConfigurableProperty uri="ey.opsesb.sabreix.EY_OPSESB_SABREIX_ODS_PUBLISHLOAD#providerPolicySet"/>
<ConfigurableProperty uri="ey.opsesb.sabreix.EY_OPSESB_SABREIX_ODS_PUBLISHLOAD#consumerPolicySetBindings"/>
<ConfigurableProperty uri="ey.opsesb.sabreix.EY_OPSESB_SABREIX_ODS_PUBLISHLOAD#providerPolicySetBindings"/>
<ConfigurableProperty uri="ey.opsesb.sabreix.EY_OPSESB_SABREIX_ODS_PUBLISHLOAD#securityProfileName"/>
<ConfigurableProperty uri="ey.opsesb.sabreix.EY_OPSESB_SABREIX_ODS_PUBLISHLOAD#monitoringProfile"/>
<ConfigurableProperty uri="ey.opsesb.sabreix.EY_OPSESB_SABREIX_ODS_PUBLISHLOAD#startMode"/>
<ConfigurableProperty uri="ey.opsesb.sabreix.EY_OPSESB_SABREIX_ODS_PUBLISHLOAD#startInstancesWhenFlowStarts"/>
<ConfigurableProperty override="OPSESB" uri="ey.opsesb.sabreix.EY_OPSESB_SABREIX_ODS_PUBLISHLOAD#ODS_USER_NM"/>
<ConfigurableProperty override="ops_ods" uri="ey.opsesb.sabreix.EY_OPSESB_SABREIX_ODS_PUBLISHLOAD#DB_Schema"/>
<ConfigurableProperty override="OPSESB_TST" uri="ey.opsesb.sabreix.EY_OPSESB_SABREIX_ODS_PUBLISHLOAD#DB_Name"/>
<ConfigurableProperty override="OPSESB_TST" uri="ey.opsesb.sabreix.EY_OPSESB_SABREIX_ODS_PUBLISHLOAD#dataSource"/>
<ConfigurableProperty override="EY_A_OPSESB_FLIGHTSCHEDULE_AQ_01" uri="ey.opsesb.sabreix.EY_OPSESB_SABREIX_ODS_PUBLISHLOAD#Queue_FLIGHTSCHEDULE"/>
<ConfigurableProperty override="EY_A_OPSESB_FLIGHTBOOKEDPAXLOAD_AQ_01" uri="ey.opsesb.sabreix.EY_OPSESB_SABREIX_ODS_PUBLISHLOAD#Queue_FLIGHTBOOKEDPAXLOAD"/>
<ConfigurableProperty override="EY_A_OPSESB_FLIGHTACTUALPAXLOAD_AQ_01" uri="ey.opsesb.sabreix.EY_OPSESB_SABREIX_ODS_PUBLISHLOAD#Queue_FLIGHTACTUALPAXLOAD"/>
<ConfigurableProperty override="EY_A_OPSESB_FLIGHTTURNAROUND_AQ_01" uri="ey.opsesb.sabreix.EY_OPSESB_SABREIX_ODS_PUBLISHLOAD#Queue_FLIGHTTURNAROUND"/>
<ConfigurableProperty override="200" uri="ey.opsesb.sabreix.EY_OPSESB_SABREIX_ODS_PUBLISHLOAD#SleepIntervalInMilliSec"/>
<ConfigurableProperty override="'CAN','NOP','CX'" uri="ey.opsesb.sabreix.EY_OPSESB_SABREIX_ODS_PUBLISHLOAD#NonOpeFlightStatusCodes"/>
<ConfigurableProperty override="Movement Control System" uri="ey.opsesb.sabreix.EY_OPSESB_SABREIX_ODS_PUBLISHLOAD#PrioritySourceSystem"/>
<ConfigurableProperty uri="ey.opsesb.sabreix.EY_OPSESB_SABREIX_ODS_PUBLISHLOAD#RelaxationRequired"/>
<ConfigurableProperty uri="ey.opsesb.sabreix.EY_OPSESB_SABREIX_ODS_PUBLISHLOAD#EY_OPSESB_SABREIX_ODS_PublishLoad.connectDatasourceBeforeFlowStarts"/>
<ConfigurableProperty uri="ey.opsesb.sabreix.EY_OPSESB_SABREIX_ODS_PUBLISHLOAD#EY_OPSESB_SABREIX_ODS_PublishLoad.validateMaster"/>
<ConfigurableProperty override="Data Inserted into ODS" uri="ey.opsesb.sabreix.EY_OPSESB_SABREIX_ODS_PUBLISHLOAD#CaptureLog.StatusText"/>
<ConfigurableProperty uri="ey.opsesb.sabreix.EY_OPSESB_SABREIX_ODS_PUBLISHLOAD#CaptureLog.IsMsgDetailsRequired"/>
<ConfigurableProperty uri="ey.opsesb.sabreix.EY_OPSESB_SABREIX_ODS_PUBLISHLOAD#CaptureLog.IsPayloadRequired"/>
<ConfigurableProperty uri="ey.opsesb.sabreix.EY_OPSESB_SABREIX_ODS_PUBLISHLOAD#CaptureLog.MsgFormat"/>
<ConfigurableProperty uri="ey.opsesb.sabreix.EY_OPSESB_SABREIX_ODS_PUBLISHLOAD#CaptureLog.DataDirection"/>
<ConfigurableProperty uri="ey.opsesb.sabreix.EY_OPSESB_SABREIX_ODS_PUBLISHLOAD#CaptureLog.CharacterSet"/>
<ConfigurableProperty uri="ey.opsesb.sabreix.EY_OPSESB_SABREIX_ODS_PUBLISHLOAD#CaptureLog.MessageSizeInMB"/>
<ConfigurableProperty override="1b" uri="ey.opsesb.sabreix.EY_OPSESB_SABREIX_ODS_PUBLISHLOAD#CaptureLog.ProcessStep"/>
<ConfigurableProperty uri="ey.opsesb.sabreix.EY_OPSESB_SABREIX_ODS_PUBLISHLOAD#CaptureLog.IsParentChildRelationRequired"/>
<ConfigurableProperty override="SABREIX_OPSESB_ODS_PUBLISHLOAD" uri="ey.opsesb.sabreix.EY_OPSESB_SABREIX_ODS_PUBLISHLOAD#AuditLogger.InterfaceID"/>
<ConfigurableProperty override="Message Received in ESB" uri="ey.opsesb.sabreix.EY_OPSESB_SABREIX_ODS_PUBLISHLOAD#AuditLogger.StatusText"/>
<ConfigurableProperty override="1a" uri="ey.opsesb.sabreix.EY_OPSESB_SABREIX_ODS_PUBLISHLOAD#AuditLogger.ProcessStep"/>
<ConfigurableProperty uri="ey.opsesb.sabreix.EY_OPSESB_SABREIX_ODS_PUBLISHLOAD#AuditLogger.IsMsgDetailsRequired"/>
<ConfigurableProperty uri="ey.opsesb.sabreix.EY_OPSESB_SABREIX_ODS_PUBLISHLOAD#AuditLogger.IsPayloadRequired"/>
<ConfigurableProperty uri="ey.opsesb.sabreix.EY_OPSESB_SABREIX_ODS_PUBLISHLOAD#AuditLogger.MsgFormat"/>
<ConfigurableProperty override="I" uri="ey.opsesb.sabreix.EY_OPSESB_SABREIX_ODS_PUBLISHLOAD#AuditLogger.DataDirection"/>
<ConfigurableProperty uri="ey.opsesb.sabreix.EY_OPSESB_SABREIX_ODS_PUBLISHLOAD#AuditLogger.CharacterSet"/>
<ConfigurableProperty uri="ey.opsesb.sabreix.EY_OPSESB_SABREIX_ODS_PUBLISHLOAD#AuditLogger.MessageSizeInMB"/>
<ConfigurableProperty uri="ey.opsesb.sabreix.EY_OPSESB_SABREIX_ODS_PUBLISHLOAD#AuditLogger.MsgType"/>
<ConfigurableProperty override="true" uri="ey.opsesb.sabreix.EY_OPSESB_SABREIX_ODS_PUBLISHLOAD#AuditLogger.IsAuditLogRequired"/>
<ConfigurableProperty uri="ey.opsesb.sabreix.EY_OPSESB_SABREIX_ODS_PUBLISHLOAD#AuditLogger.IsParentChildRelationRequired"/>
<ConfigurableProperty uri="ey.opsesb.sabreix.EY_OPSESB_SABREIX_ODS_PUBLISHLOAD#AuditLogger.AuditFileRequired"/>
<ConfigurableProperty override="EY_A_SABREIX_OPSESB_FLIGHTLOAD_01" uri="ey.opsesb.sabreix.EY_OPSESB_SABREIX_ODS_PUBLISHLOAD#EY_A_SABREIX_OPSESB_FLIGHTLOAD_01.queueName"/>
<ConfigurableProperty uri="ey.opsesb.sabreix.EY_OPSESB_SABREIX_ODS_PUBLISHLOAD#EY_A_SABREIX_OPSESB_FLIGHTLOAD_01.connection"/>
<ConfigurableProperty uri="ey.opsesb.sabreix.EY_OPSESB_SABREIX_ODS_PUBLISHLOAD#EY_A_SABREIX_OPSESB_FLIGHTLOAD_01.destinationQueueManagerName"/>
<ConfigurableProperty uri="ey.opsesb.sabreix.EY_OPSESB_SABREIX_ODS_PUBLISHLOAD#EY_A_SABREIX_OPSESB_FLIGHTLOAD_01.queueManagerHostname"/>
<ConfigurableProperty uri="ey.opsesb.sabreix.EY_OPSESB_SABREIX_ODS_PUBLISHLOAD#EY_A_SABREIX_OPSESB_FLIGHTLOAD_01.listenerPortNumber"/>
<ConfigurableProperty uri="ey.opsesb.sabreix.EY_OPSESB_SABREIX_ODS_PUBLISHLOAD#EY_A_SABREIX_OPSESB_FLIGHTLOAD_01.channelName"/>
<ConfigurableProperty uri="ey.opsesb.sabreix.EY_OPSESB_SABREIX_ODS_PUBLISHLOAD#EY_A_SABREIX_OPSESB_FLIGHTLOAD_01.securityIdentity"/>
<ConfigurableProperty uri="ey.opsesb.sabreix.EY_OPSESB_SABREIX_ODS_PUBLISHLOAD#EY_A_SABREIX_OPSESB_FLIGHTLOAD_01.useSSL"/>
<ConfigurableProperty uri="ey.opsesb.sabreix.EY_OPSESB_SABREIX_ODS_PUBLISHLOAD#EY_A_SABREIX_OPSESB_FLIGHTLOAD_01.SSLPeerName"/>
<ConfigurableProperty uri="ey.opsesb.sabreix.EY_OPSESB_SABREIX_ODS_PUBLISHLOAD#EY_A_SABREIX_OPSESB_FLIGHTLOAD_01.SSLCipherSpec"/>
<ConfigurableProperty uri="ey.opsesb.sabreix.EY_OPSESB_SABREIX_ODS_PUBLISHLOAD#EY_A_SABREIX_OPSESB_FLIGHTLOAD_01.serializationToken"/>
<ConfigurableProperty uri="ey.opsesb.sabreix.EY_OPSESB_SABREIX_ODS_PUBLISHLOAD#EY_A_SABREIX_OPSESB_FLIGHTLOAD_01.topicProperty"/>
<ConfigurableProperty uri="ey.opsesb.sabreix.EY_OPSESB_SABREIX_ODS_PUBLISHLOAD#EY_A_SABREIX_OPSESB_FLIGHTLOAD_01.resetBrowseTimeout"/>
<ConfigurableProperty override="contentAndValue" uri="ey.opsesb.sabreix.EY_OPSESB_SABREIX_ODS_PUBLISHLOAD#EY_A_SABREIX_OPSESB_FLIGHTLOAD_01.validateMaster"/>
<ConfigurableProperty uri="ey.opsesb.sabreix.EY_OPSESB_SABREIX_ODS_PUBLISHLOAD#EY_A_SABREIX_OPSESB_FLIGHTLOAD_01.securityProfileName"/>
<ConfigurableProperty uri="ey.opsesb.sabreix.EY_OPSESB_SABREIX_ODS_PUBLISHLOAD#EY_A_SABREIX_OPSESB_FLIGHTLOAD_01.componentLevel"/>
<ConfigurableProperty uri="ey.opsesb.sabreix.EY_OPSESB_SABREIX_ODS_PUBLISHLOAD#EY_A_SABREIX_OPSESB_FLIGHTLOAD_01.additionalInstances"/>
<ConfigurableProperty uri="ey.opsesb.sabreix.EY_OPSESB_SABREIX_ODS_PUBLISHLOAD#EY_A_SABREIX_OPSESB_FLIGHTLOAD_01.policyUrl"/>
<ConfigurableProperty uri="ey.opsesb.sabreix.EY_OPSESB_SABREIX_ODS_PUBLISHLOAD#MQOutput.queueName"/>
<ConfigurableProperty uri="ey.opsesb.sabreix.EY_OPSESB_SABREIX_ODS_PUBLISHLOAD#MQOutput.connection"/>
<ConfigurableProperty uri="ey.opsesb.sabreix.EY_OPSESB_SABREIX_ODS_PUBLISHLOAD#MQOutput.destinationQueueManagerName"/>
<ConfigurableProperty uri="ey.opsesb.sabreix.EY_OPSESB_SABREIX_ODS_PUBLISHLOAD#MQOutput.queueManagerHostname"/>
<ConfigurableProperty uri="ey.opsesb.sabreix.EY_OPSESB_SABREIX_ODS_PUBLISHLOAD#MQOutput.listenerPortNumber"/>
<ConfigurableProperty uri="ey.opsesb.sabreix.EY_OPSESB_SABREIX_ODS_PUBLISHLOAD#MQOutput.channelName"/>
<ConfigurableProperty uri="ey.opsesb.sabreix.EY_OPSESB_SABREIX_ODS_PUBLISHLOAD#MQOutput.securityIdentity"/>
<ConfigurableProperty uri="ey.opsesb.sabreix.EY_OPSESB_SABREIX_ODS_PUBLISHLOAD#MQOutput.useSSL"/>
<ConfigurableProperty uri="ey.opsesb.sabreix.EY_OPSESB_SABREIX_ODS_PUBLISHLOAD#MQOutput.SSLPeerName"/>
<ConfigurableProperty uri="ey.opsesb.sabreix.EY_OPSESB_SABREIX_ODS_PUBLISHLOAD#MQOutput.SSLCipherSpec"/>
<ConfigurableProperty uri="ey.opsesb.sabreix.EY_OPSESB_SABREIX_ODS_PUBLISHLOAD#MQOutput.queueManagerName"/>
<ConfigurableProperty uri="ey.opsesb.sabreix.EY_OPSESB_SABREIX_ODS_PUBLISHLOAD#MQOutput.replyToQMgr"/>
<ConfigurableProperty uri="ey.opsesb.sabreix.EY_OPSESB_SABREIX_ODS_PUBLISHLOAD#MQOutput.replyToQ"/>
<ConfigurableProperty uri="ey.opsesb.sabreix.EY_OPSESB_SABREIX_ODS_PUBLISHLOAD#MQOutput.validateMaster"/>
<ConfigurableProperty uri="ey.opsesb.sabreix.EY_OPSESB_SABREIX_ODS_PUBLISHLOAD#MQOutput.securityProfileName"/>
<ConfigurableProperty uri="ey.opsesb.sabreix.EY_OPSESB_SABREIX_ODS_PUBLISHLOAD#MQOutput.policyUrl"/>
<ConfigurableProperty uri="ey.opsesb.sabreix.EY_OPSESB_SABREIX_ODS_PUBLISHLOAD#MQOutput.AddRequestToGroup"/>
<ConfigurableProperty uri="ey.opsesb.sabreix.EY_OPSESB_SABREIX_ODS_PUBLISHLOAD#MQOutput.GroupRequestFolderName"/>
<ConfigurableProperty uri="ey.opsesb.sabreix.EY_OPSESB_SABREIX_ODS_PUBLISHLOAD#MQOutput.GroupRequestTimeout"/>
<ConfigurableProperty override="Published the notification to topic" uri="ey.opsesb.sabreix.EY_OPSESB_SABREIX_ODS_PUBLISHLOAD#CaptureLog_Topic.StatusText"/>
<ConfigurableProperty uri="ey.opsesb.sabreix.EY_OPSESB_SABREIX_ODS_PUBLISHLOAD#CaptureLog_Topic.IsMsgDetailsRequired"/>
<ConfigurableProperty uri="ey.opsesb.sabreix.EY_OPSESB_SABREIX_ODS_PUBLISHLOAD#CaptureLog_Topic.IsPayloadRequired"/>
<ConfigurableProperty uri="ey.opsesb.sabreix.EY_OPSESB_SABREIX_ODS_PUBLISHLOAD#CaptureLog_Topic.MsgFormat"/>
<ConfigurableProperty uri="ey.opsesb.sabreix.EY_OPSESB_SABREIX_ODS_PUBLISHLOAD#CaptureLog_Topic.DataDirection"/>
<ConfigurableProperty uri="ey.opsesb.sabreix.EY_OPSESB_SABREIX_ODS_PUBLISHLOAD#CaptureLog_Topic.CharacterSet"/>
<ConfigurableProperty uri="ey.opsesb.sabreix.EY_OPSESB_SABREIX_ODS_PUBLISHLOAD#CaptureLog_Topic.MessageSizeInMB"/>
<ConfigurableProperty override="1c" uri="ey.opsesb.sabreix.EY_OPSESB_SABREIX_ODS_PUBLISHLOAD#CaptureLog_Topic.ProcessStep"/>
<ConfigurableProperty uri="ey.opsesb.sabreix.EY_OPSESB_SABREIX_ODS_PUBLISHLOAD#CaptureLog_Topic.IsParentChildRelationRequired"/>
<ConfigurableProperty uri="ey.opsesb.sabreix.EY_OPSESB_SABREIX_ODS_PUBLISHLOAD#CheckRetry.RetryIntervalInSec"/>
<ConfigurableProperty uri="ey.opsesb.sabreix.EY_OPSESB_SABREIX_ODS_PUBLISHLOAD#CheckRetry.MaxRetryCount"/>
<ConfigurableProperty override="1205,deadlocked on lock resources with another process,53,Could not open a connection to SQL Server,08001,Connection refused" uri="ey.opsesb.sabreix.EY_OPSESB_SABREIX_ODS_PUBLISHLOAD#CheckRetry.ErrorCodes"/>
<ConfigurableProperty override="EY_A_SABREIX_OPSESB_FLIGHTLOADBATCH_01" uri="ey.opsesb.sabreix.EY_OPSESB_SABREIX_ODS_PUBLISHLOAD#EY_A_SABREIX_OPSESB_FLIGHTLOADBATCH_01.queueName"/>
<ConfigurableProperty uri="ey.opsesb.sabreix.EY_OPSESB_SABREIX_ODS_PUBLISHLOAD#EY_A_SABREIX_OPSESB_FLIGHTLOADBATCH_01.connection"/>
<ConfigurableProperty uri="ey.opsesb.sabreix.EY_OPSESB_SABREIX_ODS_PUBLISHLOAD#EY_A_SABREIX_OPSESB_FLIGHTLOADBATCH_01.destinationQueueManagerName"/>
<ConfigurableProperty uri="ey.opsesb.sabreix.EY_OPSESB_SABREIX_ODS_PUBLISHLOAD#EY_A_SABREIX_OPSESB_FLIGHTLOADBATCH_01.queueManagerHostname"/>
<ConfigurableProperty uri="ey.opsesb.sabreix.EY_OPSESB_SABREIX_ODS_PUBLISHLOAD#EY_A_SABREIX_OPSESB_FLIGHTLOADBATCH_01.listenerPortNumber"/>
<ConfigurableProperty uri="ey.opsesb.sabreix.EY_OPSESB_SABREIX_ODS_PUBLISHLOAD#EY_A_SABREIX_OPSESB_FLIGHTLOADBATCH_01.channelName"/>
<ConfigurableProperty uri="ey.opsesb.sabreix.EY_OPSESB_SABREIX_ODS_PUBLISHLOAD#EY_A_SABREIX_OPSESB_FLIGHTLOADBATCH_01.securityIdentity"/>
<ConfigurableProperty uri="ey.opsesb.sabreix.EY_OPSESB_SABREIX_ODS_PUBLISHLOAD#EY_A_SABREIX_OPSESB_FLIGHTLOADBATCH_01.useSSL"/>
<ConfigurableProperty uri="ey.opsesb.sabreix.EY_OPSESB_SABREIX_ODS_PUBLISHLOAD#EY_A_SABREIX_OPSESB_FLIGHTLOADBATCH_01.SSLPeerName"/>
<ConfigurableProperty uri="ey.opsesb.sabreix.EY_OPSESB_SABREIX_ODS_PUBLISHLOAD#EY_A_SABREIX_OPSESB_FLIGHTLOADBATCH_01.SSLCipherSpec"/>
<ConfigurableProperty uri="ey.opsesb.sabreix.EY_OPSESB_SABREIX_ODS_PUBLISHLOAD#EY_A_SABREIX_OPSESB_FLIGHTLOADBATCH_01.serializationToken"/>
<ConfigurableProperty uri="ey.opsesb.sabreix.EY_OPSESB_SABREIX_ODS_PUBLISHLOAD#EY_A_SABREIX_OPSESB_FLIGHTLOADBATCH_01.topicProperty"/>
<ConfigurableProperty uri="ey.opsesb.sabreix.EY_OPSESB_SABREIX_ODS_PUBLISHLOAD#EY_A_SABREIX_OPSESB_FLIGHTLOADBATCH_01.resetBrowseTimeout"/>
<ConfigurableProperty override="contentAndValue" uri="ey.opsesb.sabreix.EY_OPSESB_SABREIX_ODS_PUBLISHLOAD#EY_A_SABREIX_OPSESB_FLIGHTLOADBATCH_01.validateMaster"/>
<ConfigurableProperty uri="ey.opsesb.sabreix.EY_OPSESB_SABREIX_ODS_PUBLISHLOAD#EY_A_SABREIX_OPSESB_FLIGHTLOADBATCH_01.securityProfileName"/>
<ConfigurableProperty uri="ey.opsesb.sabreix.EY_OPSESB_SABREIX_ODS_PUBLISHLOAD#EY_A_SABREIX_OPSESB_FLIGHTLOADBATCH_01.componentLevel"/>
<ConfigurableProperty uri="ey.opsesb.sabreix.EY_OPSESB_SABREIX_ODS_PUBLISHLOAD#EY_A_SABREIX_OPSESB_FLIGHTLOADBATCH_01.additionalInstances"/>
<ConfigurableProperty uri="ey.opsesb.sabreix.EY_OPSESB_SABREIX_ODS_PUBLISHLOAD#EY_A_SABREIX_OPSESB_FLIGHTLOADBATCH_01.policyUrl"/>
<ConfigurableProperty override="SABREIX_OPSESB_ODS_PUBLISHLOAD_BATCH" uri="ey.opsesb.sabreix.EY_OPSESB_SABREIX_ODS_PUBLISHLOAD#AuditLogger_Batch.InterfaceID"/>
<ConfigurableProperty override="Message Received in ESB" uri="ey.opsesb.sabreix.EY_OPSESB_SABREIX_ODS_PUBLISHLOAD#AuditLogger_Batch.StatusText"/>
<ConfigurableProperty override="1a" uri="ey.opsesb.sabreix.EY_OPSESB_SABREIX_ODS_PUBLISHLOAD#AuditLogger_Batch.ProcessStep"/>
<ConfigurableProperty uri="ey.opsesb.sabreix.EY_OPSESB_SABREIX_ODS_PUBLISHLOAD#AuditLogger_Batch.IsMsgDetailsRequired"/>
<ConfigurableProperty uri="ey.opsesb.sabreix.EY_OPSESB_SABREIX_ODS_PUBLISHLOAD#AuditLogger_Batch.IsPayloadRequired"/>
<ConfigurableProperty uri="ey.opsesb.sabreix.EY_OPSESB_SABREIX_ODS_PUBLISHLOAD#AuditLogger_Batch.MsgFormat"/>
<ConfigurableProperty override="I" uri="ey.opsesb.sabreix.EY_OPSESB_SABREIX_ODS_PUBLISHLOAD#AuditLogger_Batch.DataDirection"/>
<ConfigurableProperty uri="ey.opsesb.sabreix.EY_OPSESB_SABREIX_ODS_PUBLISHLOAD#AuditLogger_Batch.CharacterSet"/>
<ConfigurableProperty uri="ey.opsesb.sabreix.EY_OPSESB_SABREIX_ODS_PUBLISHLOAD#AuditLogger_Batch.MessageSizeInMB"/>
<ConfigurableProperty uri="ey.opsesb.sabreix.EY_OPSESB_SABREIX_ODS_PUBLISHLOAD#AuditLogger_Batch.MsgType"/>
<ConfigurableProperty override="true" uri="ey.opsesb.sabreix.EY_OPSESB_SABREIX_ODS_PUBLISHLOAD#AuditLogger_Batch.IsAuditLogRequired"/>
<ConfigurableProperty uri="ey.opsesb.sabreix.EY_OPSESB_SABREIX_ODS_PUBLISHLOAD#AuditLogger_Batch.IsParentChildRelationRequired"/>
<ConfigurableProperty uri="ey.opsesb.sabreix.EY_OPSESB_SABREIX_ODS_PUBLISHLOAD#AuditLogger_Batch.AuditFileRequired"/>
</CompiledMessageFlow>
</Broker>