<?xml version="1.0" encoding="UTF-8"?><Broker>
<CompiledApplication>
<ConfigurableProperty uri="startMode"/>
</CompiledApplication>
<CompiledMessageFlow name="ey.opsesb.sharedservice.EY_OPSESB_SS_PROGRESSIVELOADS">
<ConfigurableProperty uri="ey.opsesb.sharedservice.EY_OPSESB_SS_PROGRESSIVELOADS#additionalInstances"/>
<ConfigurableProperty uri="ey.opsesb.sharedservice.EY_OPSESB_SS_PROGRESSIVELOADS#notificationThresholdMsgsPerSec"/>
<ConfigurableProperty uri="ey.opsesb.sharedservice.EY_OPSESB_SS_PROGRESSIVELOADS#maximumRateMsgsPerSec"/>
<ConfigurableProperty uri="ey.opsesb.sharedservice.EY_OPSESB_SS_PROGRESSIVELOADS#processingTimeoutSec"/>
<ConfigurableProperty uri="ey.opsesb.sharedservice.EY_OPSESB_SS_PROGRESSIVELOADS#processingTimeoutAction"/>
<ConfigurableProperty uri="ey.opsesb.sharedservice.EY_OPSESB_SS_PROGRESSIVELOADS#wlmPolicy"/>
<ConfigurableProperty uri="ey.opsesb.sharedservice.EY_OPSESB_SS_PROGRESSIVELOADS#commitCount"/>
<ConfigurableProperty uri="ey.opsesb.sharedservice.EY_OPSESB_SS_PROGRESSIVELOADS#commitInterval"/>
<ConfigurableProperty uri="ey.opsesb.sharedservice.EY_OPSESB_SS_PROGRESSIVELOADS#coordinatedTransaction"/>
<ConfigurableProperty uri="ey.opsesb.sharedservice.EY_OPSESB_SS_PROGRESSIVELOADS#consumerPolicySet"/>
<ConfigurableProperty uri="ey.opsesb.sharedservice.EY_OPSESB_SS_PROGRESSIVELOADS#providerPolicySet"/>
<ConfigurableProperty uri="ey.opsesb.sharedservice.EY_OPSESB_SS_PROGRESSIVELOADS#consumerPolicySetBindings"/>
<ConfigurableProperty uri="ey.opsesb.sharedservice.EY_OPSESB_SS_PROGRESSIVELOADS#providerPolicySetBindings"/>
<ConfigurableProperty uri="ey.opsesb.sharedservice.EY_OPSESB_SS_PROGRESSIVELOADS#securityProfileName"/>
<ConfigurableProperty uri="ey.opsesb.sharedservice.EY_OPSESB_SS_PROGRESSIVELOADS#monitoringProfile"/>
<ConfigurableProperty uri="ey.opsesb.sharedservice.EY_OPSESB_SS_PROGRESSIVELOADS#startMode"/>
<ConfigurableProperty uri="ey.opsesb.sharedservice.EY_OPSESB_SS_PROGRESSIVELOADS#startInstancesWhenFlowStarts"/>
<ConfigurableProperty override="OPSESB_TST" uri="ey.opsesb.sharedservice.EY_OPSESB_SS_PROGRESSIVELOADS#DB_Name"/>
<ConfigurableProperty override="ops_ods" uri="ey.opsesb.sharedservice.EY_OPSESB_SS_PROGRESSIVELOADS#DB_Schema"/>
<ConfigurableProperty override="OPS-ESB" uri="ey.opsesb.sharedservice.EY_OPSESB_SS_PROGRESSIVELOADS#OPESESB_SOURCE_SYSTEM"/>
<ConfigurableProperty override="EY_OPSESB_SS_PROGRESSIVELOAD_BAG_AQ_01" uri="ey.opsesb.sharedservice.EY_OPSESB_SS_PROGRESSIVELOADS#OUTBAGQueue_Topic"/>
<ConfigurableProperty override="EY_OPSESB_SS_PROGRESSIVELOAD_PAX_AQ_01" uri="ey.opsesb.sharedservice.EY_OPSESB_SS_PROGRESSIVELOADS#OUTPAXQueue_Topic"/>
<ConfigurableProperty override="First" uri="ey.opsesb.sharedservice.EY_OPSESB_SS_PROGRESSIVELOADS#ClassF_Name"/>
<ConfigurableProperty override="Business" uri="ey.opsesb.sharedservice.EY_OPSESB_SS_PROGRESSIVELOADS#ClassJ_Name"/>
<ConfigurableProperty override="Economy" uri="ey.opsesb.sharedservice.EY_OPSESB_SS_PROGRESSIVELOADS#ClassY_Name"/>
<ConfigurableProperty override="Onboard" uri="ey.opsesb.sharedservice.EY_OPSESB_SS_PROGRESSIVELOADS#ActualOnboard_Name"/>
<ConfigurableProperty override="Total" uri="ey.opsesb.sharedservice.EY_OPSESB_SS_PROGRESSIVELOADS#ClassAll_Name"/>
<ConfigurableProperty override="CheckedIn" uri="ey.opsesb.sharedservice.EY_OPSESB_SS_PROGRESSIVELOADS#ActualCheckedIn_Name"/>
<ConfigurableProperty override="All" uri="ey.opsesb.sharedservice.EY_OPSESB_SS_PROGRESSIVELOADS#AllPaxType_Name"/>
<ConfigurableProperty override="OPSESB_TST" uri="ey.opsesb.sharedservice.EY_OPSESB_SS_PROGRESSIVELOADS#dataSource"/>
<ConfigurableProperty override="EY_A_SABREIX_OPSESB_PROGRESSIVE_01" uri="ey.opsesb.sharedservice.EY_OPSESB_SS_PROGRESSIVELOADS#SabreIX_IN_Queue"/>
<ConfigurableProperty override="EY_A_BMS_OPSESB_PROGRESSIVE_01" uri="ey.opsesb.sharedservice.EY_OPSESB_SS_PROGRESSIVELOADS#BMS_IN_Queue"/>
<ConfigurableProperty override="true" uri="ey.opsesb.sharedservice.EY_OPSESB_SS_PROGRESSIVELOADS#LockDownFilter"/>
<ConfigurableProperty uri="ey.opsesb.sharedservice.EY_OPSESB_SS_PROGRESSIVELOADS#EY_A_SABREIX_OPSESB_PROGRESSIVE_01.connection"/>
<ConfigurableProperty uri="ey.opsesb.sharedservice.EY_OPSESB_SS_PROGRESSIVELOADS#EY_A_SABREIX_OPSESB_PROGRESSIVE_01.destinationQueueManagerName"/>
<ConfigurableProperty uri="ey.opsesb.sharedservice.EY_OPSESB_SS_PROGRESSIVELOADS#EY_A_SABREIX_OPSESB_PROGRESSIVE_01.queueManagerHostname"/>
<ConfigurableProperty uri="ey.opsesb.sharedservice.EY_OPSESB_SS_PROGRESSIVELOADS#EY_A_SABREIX_OPSESB_PROGRESSIVE_01.listenerPortNumber"/>
<ConfigurableProperty uri="ey.opsesb.sharedservice.EY_OPSESB_SS_PROGRESSIVELOADS#EY_A_SABREIX_OPSESB_PROGRESSIVE_01.channelName"/>
<ConfigurableProperty uri="ey.opsesb.sharedservice.EY_OPSESB_SS_PROGRESSIVELOADS#EY_A_SABREIX_OPSESB_PROGRESSIVE_01.securityIdentity"/>
<ConfigurableProperty uri="ey.opsesb.sharedservice.EY_OPSESB_SS_PROGRESSIVELOADS#EY_A_SABREIX_OPSESB_PROGRESSIVE_01.useSSL"/>
<ConfigurableProperty uri="ey.opsesb.sharedservice.EY_OPSESB_SS_PROGRESSIVELOADS#EY_A_SABREIX_OPSESB_PROGRESSIVE_01.SSLPeerName"/>
<ConfigurableProperty uri="ey.opsesb.sharedservice.EY_OPSESB_SS_PROGRESSIVELOADS#EY_A_SABREIX_OPSESB_PROGRESSIVE_01.SSLCipherSpec"/>
<ConfigurableProperty uri="ey.opsesb.sharedservice.EY_OPSESB_SS_PROGRESSIVELOADS#EY_A_SABREIX_OPSESB_PROGRESSIVE_01.serializationToken"/>
<ConfigurableProperty uri="ey.opsesb.sharedservice.EY_OPSESB_SS_PROGRESSIVELOADS#EY_A_SABREIX_OPSESB_PROGRESSIVE_01.topicProperty"/>
<ConfigurableProperty uri="ey.opsesb.sharedservice.EY_OPSESB_SS_PROGRESSIVELOADS#EY_A_SABREIX_OPSESB_PROGRESSIVE_01.resetBrowseTimeout"/>
<ConfigurableProperty uri="ey.opsesb.sharedservice.EY_OPSESB_SS_PROGRESSIVELOADS#EY_A_SABREIX_OPSESB_PROGRESSIVE_01.validateMaster"/>
<ConfigurableProperty uri="ey.opsesb.sharedservice.EY_OPSESB_SS_PROGRESSIVELOADS#EY_A_SABREIX_OPSESB_PROGRESSIVE_01.securityProfileName"/>
<ConfigurableProperty uri="ey.opsesb.sharedservice.EY_OPSESB_SS_PROGRESSIVELOADS#EY_A_SABREIX_OPSESB_PROGRESSIVE_01.componentLevel"/>
<ConfigurableProperty uri="ey.opsesb.sharedservice.EY_OPSESB_SS_PROGRESSIVELOADS#EY_A_SABREIX_OPSESB_PROGRESSIVE_01.additionalInstances"/>
<ConfigurableProperty uri="ey.opsesb.sharedservice.EY_OPSESB_SS_PROGRESSIVELOADS#EY_A_SABREIX_OPSESB_PROGRESSIVE_01.policyUrl"/>
<ConfigurableProperty uri="ey.opsesb.sharedservice.EY_OPSESB_SS_PROGRESSIVELOADS#EY_A_BMS_OPSESB_PROGRESSIVE_01.connection"/>
<ConfigurableProperty uri="ey.opsesb.sharedservice.EY_OPSESB_SS_PROGRESSIVELOADS#EY_A_BMS_OPSESB_PROGRESSIVE_01.destinationQueueManagerName"/>
<ConfigurableProperty uri="ey.opsesb.sharedservice.EY_OPSESB_SS_PROGRESSIVELOADS#EY_A_BMS_OPSESB_PROGRESSIVE_01.queueManagerHostname"/>
<ConfigurableProperty uri="ey.opsesb.sharedservice.EY_OPSESB_SS_PROGRESSIVELOADS#EY_A_BMS_OPSESB_PROGRESSIVE_01.listenerPortNumber"/>
<ConfigurableProperty uri="ey.opsesb.sharedservice.EY_OPSESB_SS_PROGRESSIVELOADS#EY_A_BMS_OPSESB_PROGRESSIVE_01.channelName"/>
<ConfigurableProperty uri="ey.opsesb.sharedservice.EY_OPSESB_SS_PROGRESSIVELOADS#EY_A_BMS_OPSESB_PROGRESSIVE_01.securityIdentity"/>
<ConfigurableProperty uri="ey.opsesb.sharedservice.EY_OPSESB_SS_PROGRESSIVELOADS#EY_A_BMS_OPSESB_PROGRESSIVE_01.useSSL"/>
<ConfigurableProperty uri="ey.opsesb.sharedservice.EY_OPSESB_SS_PROGRESSIVELOADS#EY_A_BMS_OPSESB_PROGRESSIVE_01.SSLPeerName"/>
<ConfigurableProperty uri="ey.opsesb.sharedservice.EY_OPSESB_SS_PROGRESSIVELOADS#EY_A_BMS_OPSESB_PROGRESSIVE_01.SSLCipherSpec"/>
<ConfigurableProperty uri="ey.opsesb.sharedservice.EY_OPSESB_SS_PROGRESSIVELOADS#EY_A_BMS_OPSESB_PROGRESSIVE_01.serializationToken"/>
<ConfigurableProperty uri="ey.opsesb.sharedservice.EY_OPSESB_SS_PROGRESSIVELOADS#EY_A_BMS_OPSESB_PROGRESSIVE_01.topicProperty"/>
<ConfigurableProperty uri="ey.opsesb.sharedservice.EY_OPSESB_SS_PROGRESSIVELOADS#EY_A_BMS_OPSESB_PROGRESSIVE_01.resetBrowseTimeout"/>
<ConfigurableProperty uri="ey.opsesb.sharedservice.EY_OPSESB_SS_PROGRESSIVELOADS#EY_A_BMS_OPSESB_PROGRESSIVE_01.validateMaster"/>
<ConfigurableProperty uri="ey.opsesb.sharedservice.EY_OPSESB_SS_PROGRESSIVELOADS#EY_A_BMS_OPSESB_PROGRESSIVE_01.securityProfileName"/>
<ConfigurableProperty uri="ey.opsesb.sharedservice.EY_OPSESB_SS_PROGRESSIVELOADS#EY_A_BMS_OPSESB_PROGRESSIVE_01.componentLevel"/>
<ConfigurableProperty uri="ey.opsesb.sharedservice.EY_OPSESB_SS_PROGRESSIVELOADS#EY_A_BMS_OPSESB_PROGRESSIVE_01.additionalInstances"/>
<ConfigurableProperty uri="ey.opsesb.sharedservice.EY_OPSESB_SS_PROGRESSIVELOADS#EY_A_BMS_OPSESB_PROGRESSIVE_01.policyUrl"/>
<ConfigurableProperty uri="ey.opsesb.sharedservice.EY_OPSESB_SS_PROGRESSIVELOADS#PublishProgressiveLoads.queueName"/>
<ConfigurableProperty uri="ey.opsesb.sharedservice.EY_OPSESB_SS_PROGRESSIVELOADS#PublishProgressiveLoads.connection"/>
<ConfigurableProperty uri="ey.opsesb.sharedservice.EY_OPSESB_SS_PROGRESSIVELOADS#PublishProgressiveLoads.destinationQueueManagerName"/>
<ConfigurableProperty uri="ey.opsesb.sharedservice.EY_OPSESB_SS_PROGRESSIVELOADS#PublishProgressiveLoads.queueManagerHostname"/>
<ConfigurableProperty uri="ey.opsesb.sharedservice.EY_OPSESB_SS_PROGRESSIVELOADS#PublishProgressiveLoads.listenerPortNumber"/>
<ConfigurableProperty uri="ey.opsesb.sharedservice.EY_OPSESB_SS_PROGRESSIVELOADS#PublishProgressiveLoads.channelName"/>
<ConfigurableProperty uri="ey.opsesb.sharedservice.EY_OPSESB_SS_PROGRESSIVELOADS#PublishProgressiveLoads.securityIdentity"/>
<ConfigurableProperty uri="ey.opsesb.sharedservice.EY_OPSESB_SS_PROGRESSIVELOADS#PublishProgressiveLoads.useSSL"/>
<ConfigurableProperty uri="ey.opsesb.sharedservice.EY_OPSESB_SS_PROGRESSIVELOADS#PublishProgressiveLoads.SSLPeerName"/>
<ConfigurableProperty uri="ey.opsesb.sharedservice.EY_OPSESB_SS_PROGRESSIVELOADS#PublishProgressiveLoads.SSLCipherSpec"/>
<ConfigurableProperty uri="ey.opsesb.sharedservice.EY_OPSESB_SS_PROGRESSIVELOADS#PublishProgressiveLoads.queueManagerName"/>
<ConfigurableProperty uri="ey.opsesb.sharedservice.EY_OPSESB_SS_PROGRESSIVELOADS#PublishProgressiveLoads.replyToQMgr"/>
<ConfigurableProperty uri="ey.opsesb.sharedservice.EY_OPSESB_SS_PROGRESSIVELOADS#PublishProgressiveLoads.replyToQ"/>
<ConfigurableProperty uri="ey.opsesb.sharedservice.EY_OPSESB_SS_PROGRESSIVELOADS#PublishProgressiveLoads.validateMaster"/>
<ConfigurableProperty uri="ey.opsesb.sharedservice.EY_OPSESB_SS_PROGRESSIVELOADS#PublishProgressiveLoads.securityProfileName"/>
<ConfigurableProperty uri="ey.opsesb.sharedservice.EY_OPSESB_SS_PROGRESSIVELOADS#PublishProgressiveLoads.policyUrl"/>
<ConfigurableProperty uri="ey.opsesb.sharedservice.EY_OPSESB_SS_PROGRESSIVELOADS#PublishProgressiveLoads.AddRequestToGroup"/>
<ConfigurableProperty uri="ey.opsesb.sharedservice.EY_OPSESB_SS_PROGRESSIVELOADS#PublishProgressiveLoads.GroupRequestFolderName"/>
<ConfigurableProperty uri="ey.opsesb.sharedservice.EY_OPSESB_SS_PROGRESSIVELOADS#PublishProgressiveLoads.GroupRequestTimeout"/>
<ConfigurableProperty override="EY_OPSESB_SS_PROGRESSIVELOADS" uri="ey.opsesb.sharedservice.EY_OPSESB_SS_PROGRESSIVELOADS#AuditLogger.InterfaceID"/>
<ConfigurableProperty override="Progressive Data Received" uri="ey.opsesb.sharedservice.EY_OPSESB_SS_PROGRESSIVELOADS#AuditLogger.StatusText"/>
<ConfigurableProperty override="2a" uri="ey.opsesb.sharedservice.EY_OPSESB_SS_PROGRESSIVELOADS#AuditLogger.ProcessStep"/>
<ConfigurableProperty uri="ey.opsesb.sharedservice.EY_OPSESB_SS_PROGRESSIVELOADS#AuditLogger.IsMsgDetailsRequired"/>
<ConfigurableProperty uri="ey.opsesb.sharedservice.EY_OPSESB_SS_PROGRESSIVELOADS#AuditLogger.IsPayloadRequired"/>
<ConfigurableProperty uri="ey.opsesb.sharedservice.EY_OPSESB_SS_PROGRESSIVELOADS#AuditLogger.MsgFormat"/>
<ConfigurableProperty override="I" uri="ey.opsesb.sharedservice.EY_OPSESB_SS_PROGRESSIVELOADS#AuditLogger.DataDirection"/>
<ConfigurableProperty uri="ey.opsesb.sharedservice.EY_OPSESB_SS_PROGRESSIVELOADS#AuditLogger.CharacterSet"/>
<ConfigurableProperty uri="ey.opsesb.sharedservice.EY_OPSESB_SS_PROGRESSIVELOADS#AuditLogger.MessageSizeInMB"/>
<ConfigurableProperty uri="ey.opsesb.sharedservice.EY_OPSESB_SS_PROGRESSIVELOADS#AuditLogger.MsgType"/>
<ConfigurableProperty override="true" uri="ey.opsesb.sharedservice.EY_OPSESB_SS_PROGRESSIVELOADS#AuditLogger.IsAuditLogRequired"/>
<ConfigurableProperty uri="ey.opsesb.sharedservice.EY_OPSESB_SS_PROGRESSIVELOADS#AuditLogger.IsParentChildRelationRequired"/>
<ConfigurableProperty uri="ey.opsesb.sharedservice.EY_OPSESB_SS_PROGRESSIVELOADS#AuditLogger.AuditFileRequired"/>
<ConfigurableProperty override="Progressive Data published to Topic" uri="ey.opsesb.sharedservice.EY_OPSESB_SS_PROGRESSIVELOADS#CaptureLog.StatusText"/>
<ConfigurableProperty uri="ey.opsesb.sharedservice.EY_OPSESB_SS_PROGRESSIVELOADS#CaptureLog.IsMsgDetailsRequired"/>
<ConfigurableProperty uri="ey.opsesb.sharedservice.EY_OPSESB_SS_PROGRESSIVELOADS#CaptureLog.IsPayloadRequired"/>
<ConfigurableProperty uri="ey.opsesb.sharedservice.EY_OPSESB_SS_PROGRESSIVELOADS#CaptureLog.MsgFormat"/>
<ConfigurableProperty uri="ey.opsesb.sharedservice.EY_OPSESB_SS_PROGRESSIVELOADS#CaptureLog.DataDirection"/>
<ConfigurableProperty uri="ey.opsesb.sharedservice.EY_OPSESB_SS_PROGRESSIVELOADS#CaptureLog.CharacterSet"/>
<ConfigurableProperty uri="ey.opsesb.sharedservice.EY_OPSESB_SS_PROGRESSIVELOADS#CaptureLog.MessageSizeInMB"/>
<ConfigurableProperty override="2b" uri="ey.opsesb.sharedservice.EY_OPSESB_SS_PROGRESSIVELOADS#CaptureLog.ProcessStep"/>
<ConfigurableProperty uri="ey.opsesb.sharedservice.EY_OPSESB_SS_PROGRESSIVELOADS#CaptureLog.IsParentChildRelationRequired"/>
<ConfigurableProperty uri="ey.opsesb.sharedservice.EY_OPSESB_SS_PROGRESSIVELOADS#Validate.validateMaster"/>
<ConfigurableProperty uri="ey.opsesb.sharedservice.EY_OPSESB_SS_PROGRESSIVELOADS#EY_OPSESB_SS_ProgressiveLoads.connectDatasourceBeforeFlowStarts"/>
<ConfigurableProperty uri="ey.opsesb.sharedservice.EY_OPSESB_SS_PROGRESSIVELOADS#EY_OPSESB_SS_ProgressiveLoads.validateMaster"/>
<ConfigurableProperty override="Progressive Data Sent to Consumer Queue" uri="ey.opsesb.sharedservice.EY_OPSESB_SS_PROGRESSIVELOADS#CaptureLog1.StatusText"/>
<ConfigurableProperty uri="ey.opsesb.sharedservice.EY_OPSESB_SS_PROGRESSIVELOADS#CaptureLog1.IsMsgDetailsRequired"/>
<ConfigurableProperty uri="ey.opsesb.sharedservice.EY_OPSESB_SS_PROGRESSIVELOADS#CaptureLog1.IsPayloadRequired"/>
<ConfigurableProperty uri="ey.opsesb.sharedservice.EY_OPSESB_SS_PROGRESSIVELOADS#CaptureLog1.MsgFormat"/>
<ConfigurableProperty uri="ey.opsesb.sharedservice.EY_OPSESB_SS_PROGRESSIVELOADS#CaptureLog1.DataDirection"/>
<ConfigurableProperty uri="ey.opsesb.sharedservice.EY_OPSESB_SS_PROGRESSIVELOADS#CaptureLog1.CharacterSet"/>
<ConfigurableProperty uri="ey.opsesb.sharedservice.EY_OPSESB_SS_PROGRESSIVELOADS#CaptureLog1.MessageSizeInMB"/>
<ConfigurableProperty override="2c" uri="ey.opsesb.sharedservice.EY_OPSESB_SS_PROGRESSIVELOADS#CaptureLog1.ProcessStep"/>
<ConfigurableProperty uri="ey.opsesb.sharedservice.EY_OPSESB_SS_PROGRESSIVELOADS#CaptureLog1.IsParentChildRelationRequired"/>
<ConfigurableProperty uri="ey.opsesb.sharedservice.EY_OPSESB_SS_PROGRESSIVELOADS#CheckRetry.RetryIntervalInSec"/>
<ConfigurableProperty uri="ey.opsesb.sharedservice.EY_OPSESB_SS_PROGRESSIVELOADS#CheckRetry.MaxRetryCount"/>
<ConfigurableProperty uri="ey.opsesb.sharedservice.EY_OPSESB_SS_PROGRESSIVELOADS#CheckRetry.ErrorCodes"/>
</CompiledMessageFlow>
</Broker>