<?xml version="1.0" encoding="UTF-8"?><Broker>
<CompiledApplication>
<ConfigurableProperty uri="startMode"/>
</CompiledApplication>
<CompiledMessageFlow name="ey.opsesb.sabreix.EY_OPSESB_SABREIX_ODS_TRANSFERMATRIX">
<ConfigurableProperty uri="ey.opsesb.sabreix.EY_OPSESB_SABREIX_ODS_TRANSFERMATRIX#additionalInstances"/>
<ConfigurableProperty uri="ey.opsesb.sabreix.EY_OPSESB_SABREIX_ODS_TRANSFERMATRIX#notificationThresholdMsgsPerSec"/>
<ConfigurableProperty uri="ey.opsesb.sabreix.EY_OPSESB_SABREIX_ODS_TRANSFERMATRIX#maximumRateMsgsPerSec"/>
<ConfigurableProperty uri="ey.opsesb.sabreix.EY_OPSESB_SABREIX_ODS_TRANSFERMATRIX#processingTimeoutSec"/>
<ConfigurableProperty uri="ey.opsesb.sabreix.EY_OPSESB_SABREIX_ODS_TRANSFERMATRIX#processingTimeoutAction"/>
<ConfigurableProperty uri="ey.opsesb.sabreix.EY_OPSESB_SABREIX_ODS_TRANSFERMATRIX#wlmPolicy"/>
<ConfigurableProperty uri="ey.opsesb.sabreix.EY_OPSESB_SABREIX_ODS_TRANSFERMATRIX#commitCount"/>
<ConfigurableProperty uri="ey.opsesb.sabreix.EY_OPSESB_SABREIX_ODS_TRANSFERMATRIX#commitInterval"/>
<ConfigurableProperty uri="ey.opsesb.sabreix.EY_OPSESB_SABREIX_ODS_TRANSFERMATRIX#coordinatedTransaction"/>
<ConfigurableProperty uri="ey.opsesb.sabreix.EY_OPSESB_SABREIX_ODS_TRANSFERMATRIX#consumerPolicySet"/>
<ConfigurableProperty uri="ey.opsesb.sabreix.EY_OPSESB_SABREIX_ODS_TRANSFERMATRIX#providerPolicySet"/>
<ConfigurableProperty uri="ey.opsesb.sabreix.EY_OPSESB_SABREIX_ODS_TRANSFERMATRIX#consumerPolicySetBindings"/>
<ConfigurableProperty uri="ey.opsesb.sabreix.EY_OPSESB_SABREIX_ODS_TRANSFERMATRIX#providerPolicySetBindings"/>
<ConfigurableProperty uri="ey.opsesb.sabreix.EY_OPSESB_SABREIX_ODS_TRANSFERMATRIX#securityProfileName"/>
<ConfigurableProperty uri="ey.opsesb.sabreix.EY_OPSESB_SABREIX_ODS_TRANSFERMATRIX#monitoringProfile"/>
<ConfigurableProperty uri="ey.opsesb.sabreix.EY_OPSESB_SABREIX_ODS_TRANSFERMATRIX#startMode"/>
<ConfigurableProperty uri="ey.opsesb.sabreix.EY_OPSESB_SABREIX_ODS_TRANSFERMATRIX#startInstancesWhenFlowStarts"/>
<ConfigurableProperty override="OPSESB" uri="ey.opsesb.sabreix.EY_OPSESB_SABREIX_ODS_TRANSFERMATRIX#ODS_USER_NM"/>
<ConfigurableProperty override="ops_ods" uri="ey.opsesb.sabreix.EY_OPSESB_SABREIX_ODS_TRANSFERMATRIX#DB_Schema"/>
<ConfigurableProperty override="OPSESB_TST" uri="ey.opsesb.sabreix.EY_OPSESB_SABREIX_ODS_TRANSFERMATRIX#DB_Name"/>
<ConfigurableProperty override="OPSESB_TST" uri="ey.opsesb.sabreix.EY_OPSESB_SABREIX_ODS_TRANSFERMATRIX#dataSource"/>
<ConfigurableProperty override="EY_A_OPSESB_FLIGHTTRANSFERMATRIXPAX_AQ_01" uri="ey.opsesb.sabreix.EY_OPSESB_SABREIX_ODS_TRANSFERMATRIX#Queue_TRANSFERMATRIXPAX"/>
<ConfigurableProperty override="600" uri="ey.opsesb.sabreix.EY_OPSESB_SABREIX_ODS_TRANSFERMATRIX#SleepIntervalInMilliSec"/>
<ConfigurableProperty override="'CAN','NOP','CX'" uri="ey.opsesb.sabreix.EY_OPSESB_SABREIX_ODS_TRANSFERMATRIX#NonOpeFlightStatusCodes"/>
<ConfigurableProperty override="Movement Control System" uri="ey.opsesb.sabreix.EY_OPSESB_SABREIX_ODS_TRANSFERMATRIX#PrioritySourceSystem"/>
<ConfigurableProperty uri="ey.opsesb.sabreix.EY_OPSESB_SABREIX_ODS_TRANSFERMATRIX#RelaxationRequired"/>
<ConfigurableProperty override="EY_A_OPSESB_FLIGHTSCHEDULE_AQ_01" uri="ey.opsesb.sabreix.EY_OPSESB_SABREIX_ODS_TRANSFERMATRIX#Queue_FLIGHTSCHEDULE"/>
<ConfigurableProperty uri="ey.opsesb.sabreix.EY_OPSESB_SABREIX_ODS_TRANSFERMATRIX#EY_OPSESB_SABREIX_ODS_TRANSFERMATRIX.connectDatasourceBeforeFlowStarts"/>
<ConfigurableProperty uri="ey.opsesb.sabreix.EY_OPSESB_SABREIX_ODS_TRANSFERMATRIX#EY_OPSESB_SABREIX_ODS_TRANSFERMATRIX.validateMaster"/>
<ConfigurableProperty override="Data Inserted into ODS" uri="ey.opsesb.sabreix.EY_OPSESB_SABREIX_ODS_TRANSFERMATRIX#CaptureLog.StatusText"/>
<ConfigurableProperty uri="ey.opsesb.sabreix.EY_OPSESB_SABREIX_ODS_TRANSFERMATRIX#CaptureLog.IsMsgDetailsRequired"/>
<ConfigurableProperty uri="ey.opsesb.sabreix.EY_OPSESB_SABREIX_ODS_TRANSFERMATRIX#CaptureLog.IsPayloadRequired"/>
<ConfigurableProperty uri="ey.opsesb.sabreix.EY_OPSESB_SABREIX_ODS_TRANSFERMATRIX#CaptureLog.MsgFormat"/>
<ConfigurableProperty uri="ey.opsesb.sabreix.EY_OPSESB_SABREIX_ODS_TRANSFERMATRIX#CaptureLog.DataDirection"/>
<ConfigurableProperty uri="ey.opsesb.sabreix.EY_OPSESB_SABREIX_ODS_TRANSFERMATRIX#CaptureLog.CharacterSet"/>
<ConfigurableProperty uri="ey.opsesb.sabreix.EY_OPSESB_SABREIX_ODS_TRANSFERMATRIX#CaptureLog.MessageSizeInMB"/>
<ConfigurableProperty override="1b" uri="ey.opsesb.sabreix.EY_OPSESB_SABREIX_ODS_TRANSFERMATRIX#CaptureLog.ProcessStep"/>
<ConfigurableProperty uri="ey.opsesb.sabreix.EY_OPSESB_SABREIX_ODS_TRANSFERMATRIX#CaptureLog.IsParentChildRelationRequired"/>
<ConfigurableProperty override="SABREIX_OPSESB_ODS_TRANSFERMATRIX" uri="ey.opsesb.sabreix.EY_OPSESB_SABREIX_ODS_TRANSFERMATRIX#AuditLogger.InterfaceID"/>
<ConfigurableProperty override="SabreIx Transfer Matrix Message Received in ESB" uri="ey.opsesb.sabreix.EY_OPSESB_SABREIX_ODS_TRANSFERMATRIX#AuditLogger.StatusText"/>
<ConfigurableProperty override="1a" uri="ey.opsesb.sabreix.EY_OPSESB_SABREIX_ODS_TRANSFERMATRIX#AuditLogger.ProcessStep"/>
<ConfigurableProperty uri="ey.opsesb.sabreix.EY_OPSESB_SABREIX_ODS_TRANSFERMATRIX#AuditLogger.IsMsgDetailsRequired"/>
<ConfigurableProperty uri="ey.opsesb.sabreix.EY_OPSESB_SABREIX_ODS_TRANSFERMATRIX#AuditLogger.IsPayloadRequired"/>
<ConfigurableProperty uri="ey.opsesb.sabreix.EY_OPSESB_SABREIX_ODS_TRANSFERMATRIX#AuditLogger.MsgFormat"/>
<ConfigurableProperty override="I" uri="ey.opsesb.sabreix.EY_OPSESB_SABREIX_ODS_TRANSFERMATRIX#AuditLogger.DataDirection"/>
<ConfigurableProperty uri="ey.opsesb.sabreix.EY_OPSESB_SABREIX_ODS_TRANSFERMATRIX#AuditLogger.CharacterSet"/>
<ConfigurableProperty uri="ey.opsesb.sabreix.EY_OPSESB_SABREIX_ODS_TRANSFERMATRIX#AuditLogger.MessageSizeInMB"/>
<ConfigurableProperty uri="ey.opsesb.sabreix.EY_OPSESB_SABREIX_ODS_TRANSFERMATRIX#AuditLogger.MsgType"/>
<ConfigurableProperty override="true" uri="ey.opsesb.sabreix.EY_OPSESB_SABREIX_ODS_TRANSFERMATRIX#AuditLogger.IsAuditLogRequired"/>
<ConfigurableProperty uri="ey.opsesb.sabreix.EY_OPSESB_SABREIX_ODS_TRANSFERMATRIX#AuditLogger.IsParentChildRelationRequired"/>
<ConfigurableProperty uri="ey.opsesb.sabreix.EY_OPSESB_SABREIX_ODS_TRANSFERMATRIX#AuditLogger.AuditFileRequired"/>
<ConfigurableProperty override="EY_A_SABREIX_OPSESB_TRANSMATRIX_01" uri="ey.opsesb.sabreix.EY_OPSESB_SABREIX_ODS_TRANSFERMATRIX#EY_A_SABREIX_OPSESB_TRANSMATRIX_01.queueName"/>
<ConfigurableProperty uri="ey.opsesb.sabreix.EY_OPSESB_SABREIX_ODS_TRANSFERMATRIX#EY_A_SABREIX_OPSESB_TRANSMATRIX_01.connection"/>
<ConfigurableProperty uri="ey.opsesb.sabreix.EY_OPSESB_SABREIX_ODS_TRANSFERMATRIX#EY_A_SABREIX_OPSESB_TRANSMATRIX_01.destinationQueueManagerName"/>
<ConfigurableProperty uri="ey.opsesb.sabreix.EY_OPSESB_SABREIX_ODS_TRANSFERMATRIX#EY_A_SABREIX_OPSESB_TRANSMATRIX_01.queueManagerHostname"/>
<ConfigurableProperty uri="ey.opsesb.sabreix.EY_OPSESB_SABREIX_ODS_TRANSFERMATRIX#EY_A_SABREIX_OPSESB_TRANSMATRIX_01.listenerPortNumber"/>
<ConfigurableProperty uri="ey.opsesb.sabreix.EY_OPSESB_SABREIX_ODS_TRANSFERMATRIX#EY_A_SABREIX_OPSESB_TRANSMATRIX_01.channelName"/>
<ConfigurableProperty uri="ey.opsesb.sabreix.EY_OPSESB_SABREIX_ODS_TRANSFERMATRIX#EY_A_SABREIX_OPSESB_TRANSMATRIX_01.securityIdentity"/>
<ConfigurableProperty uri="ey.opsesb.sabreix.EY_OPSESB_SABREIX_ODS_TRANSFERMATRIX#EY_A_SABREIX_OPSESB_TRANSMATRIX_01.useSSL"/>
<ConfigurableProperty uri="ey.opsesb.sabreix.EY_OPSESB_SABREIX_ODS_TRANSFERMATRIX#EY_A_SABREIX_OPSESB_TRANSMATRIX_01.SSLPeerName"/>
<ConfigurableProperty uri="ey.opsesb.sabreix.EY_OPSESB_SABREIX_ODS_TRANSFERMATRIX#EY_A_SABREIX_OPSESB_TRANSMATRIX_01.SSLCipherSpec"/>
<ConfigurableProperty uri="ey.opsesb.sabreix.EY_OPSESB_SABREIX_ODS_TRANSFERMATRIX#EY_A_SABREIX_OPSESB_TRANSMATRIX_01.serializationToken"/>
<ConfigurableProperty uri="ey.opsesb.sabreix.EY_OPSESB_SABREIX_ODS_TRANSFERMATRIX#EY_A_SABREIX_OPSESB_TRANSMATRIX_01.topicProperty"/>
<ConfigurableProperty uri="ey.opsesb.sabreix.EY_OPSESB_SABREIX_ODS_TRANSFERMATRIX#EY_A_SABREIX_OPSESB_TRANSMATRIX_01.resetBrowseTimeout"/>
<ConfigurableProperty override="contentAndValue" uri="ey.opsesb.sabreix.EY_OPSESB_SABREIX_ODS_TRANSFERMATRIX#EY_A_SABREIX_OPSESB_TRANSMATRIX_01.validateMaster"/>
<ConfigurableProperty uri="ey.opsesb.sabreix.EY_OPSESB_SABREIX_ODS_TRANSFERMATRIX#EY_A_SABREIX_OPSESB_TRANSMATRIX_01.securityProfileName"/>
<ConfigurableProperty uri="ey.opsesb.sabreix.EY_OPSESB_SABREIX_ODS_TRANSFERMATRIX#EY_A_SABREIX_OPSESB_TRANSMATRIX_01.componentLevel"/>
<ConfigurableProperty uri="ey.opsesb.sabreix.EY_OPSESB_SABREIX_ODS_TRANSFERMATRIX#EY_A_SABREIX_OPSESB_TRANSMATRIX_01.additionalInstances"/>
<ConfigurableProperty uri="ey.opsesb.sabreix.EY_OPSESB_SABREIX_ODS_TRANSFERMATRIX#EY_A_SABREIX_OPSESB_TRANSMATRIX_01.policyUrl"/>
<ConfigurableProperty uri="ey.opsesb.sabreix.EY_OPSESB_SABREIX_ODS_TRANSFERMATRIX#MQOutput.queueName"/>
<ConfigurableProperty uri="ey.opsesb.sabreix.EY_OPSESB_SABREIX_ODS_TRANSFERMATRIX#MQOutput.connection"/>
<ConfigurableProperty uri="ey.opsesb.sabreix.EY_OPSESB_SABREIX_ODS_TRANSFERMATRIX#MQOutput.destinationQueueManagerName"/>
<ConfigurableProperty uri="ey.opsesb.sabreix.EY_OPSESB_SABREIX_ODS_TRANSFERMATRIX#MQOutput.queueManagerHostname"/>
<ConfigurableProperty uri="ey.opsesb.sabreix.EY_OPSESB_SABREIX_ODS_TRANSFERMATRIX#MQOutput.listenerPortNumber"/>
<ConfigurableProperty uri="ey.opsesb.sabreix.EY_OPSESB_SABREIX_ODS_TRANSFERMATRIX#MQOutput.channelName"/>
<ConfigurableProperty uri="ey.opsesb.sabreix.EY_OPSESB_SABREIX_ODS_TRANSFERMATRIX#MQOutput.securityIdentity"/>
<ConfigurableProperty uri="ey.opsesb.sabreix.EY_OPSESB_SABREIX_ODS_TRANSFERMATRIX#MQOutput.useSSL"/>
<ConfigurableProperty uri="ey.opsesb.sabreix.EY_OPSESB_SABREIX_ODS_TRANSFERMATRIX#MQOutput.SSLPeerName"/>
<ConfigurableProperty uri="ey.opsesb.sabreix.EY_OPSESB_SABREIX_ODS_TRANSFERMATRIX#MQOutput.SSLCipherSpec"/>
<ConfigurableProperty uri="ey.opsesb.sabreix.EY_OPSESB_SABREIX_ODS_TRANSFERMATRIX#MQOutput.queueManagerName"/>
<ConfigurableProperty uri="ey.opsesb.sabreix.EY_OPSESB_SABREIX_ODS_TRANSFERMATRIX#MQOutput.replyToQMgr"/>
<ConfigurableProperty uri="ey.opsesb.sabreix.EY_OPSESB_SABREIX_ODS_TRANSFERMATRIX#MQOutput.replyToQ"/>
<ConfigurableProperty uri="ey.opsesb.sabreix.EY_OPSESB_SABREIX_ODS_TRANSFERMATRIX#MQOutput.validateMaster"/>
<ConfigurableProperty uri="ey.opsesb.sabreix.EY_OPSESB_SABREIX_ODS_TRANSFERMATRIX#MQOutput.securityProfileName"/>
<ConfigurableProperty uri="ey.opsesb.sabreix.EY_OPSESB_SABREIX_ODS_TRANSFERMATRIX#MQOutput.policyUrl"/>
<ConfigurableProperty uri="ey.opsesb.sabreix.EY_OPSESB_SABREIX_ODS_TRANSFERMATRIX#MQOutput.AddRequestToGroup"/>
<ConfigurableProperty uri="ey.opsesb.sabreix.EY_OPSESB_SABREIX_ODS_TRANSFERMATRIX#MQOutput.GroupRequestFolderName"/>
<ConfigurableProperty uri="ey.opsesb.sabreix.EY_OPSESB_SABREIX_ODS_TRANSFERMATRIX#MQOutput.GroupRequestTimeout"/>
<ConfigurableProperty override="Published the notification to topic" uri="ey.opsesb.sabreix.EY_OPSESB_SABREIX_ODS_TRANSFERMATRIX#CaptureLog_Topic.StatusText"/>
<ConfigurableProperty uri="ey.opsesb.sabreix.EY_OPSESB_SABREIX_ODS_TRANSFERMATRIX#CaptureLog_Topic.IsMsgDetailsRequired"/>
<ConfigurableProperty uri="ey.opsesb.sabreix.EY_OPSESB_SABREIX_ODS_TRANSFERMATRIX#CaptureLog_Topic.IsPayloadRequired"/>
<ConfigurableProperty uri="ey.opsesb.sabreix.EY_OPSESB_SABREIX_ODS_TRANSFERMATRIX#CaptureLog_Topic.MsgFormat"/>
<ConfigurableProperty uri="ey.opsesb.sabreix.EY_OPSESB_SABREIX_ODS_TRANSFERMATRIX#CaptureLog_Topic.DataDirection"/>
<ConfigurableProperty uri="ey.opsesb.sabreix.EY_OPSESB_SABREIX_ODS_TRANSFERMATRIX#CaptureLog_Topic.CharacterSet"/>
<ConfigurableProperty uri="ey.opsesb.sabreix.EY_OPSESB_SABREIX_ODS_TRANSFERMATRIX#CaptureLog_Topic.MessageSizeInMB"/>
<ConfigurableProperty override="1c" uri="ey.opsesb.sabreix.EY_OPSESB_SABREIX_ODS_TRANSFERMATRIX#CaptureLog_Topic.ProcessStep"/>
<ConfigurableProperty uri="ey.opsesb.sabreix.EY_OPSESB_SABREIX_ODS_TRANSFERMATRIX#CaptureLog_Topic.IsParentChildRelationRequired"/>
<ConfigurableProperty uri="ey.opsesb.sabreix.EY_OPSESB_SABREIX_ODS_TRANSFERMATRIX#CheckRetry.RetryIntervalInSec"/>
<ConfigurableProperty uri="ey.opsesb.sabreix.EY_OPSESB_SABREIX_ODS_TRANSFERMATRIX#CheckRetry.MaxRetryCount"/>
<ConfigurableProperty uri="ey.opsesb.sabreix.EY_OPSESB_SABREIX_ODS_TRANSFERMATRIX#CheckRetry.ErrorCodes"/>
<ConfigurableProperty override="EY_A_SABREIX_OPSESB_TRANSMATRIXBATCH_01" uri="ey.opsesb.sabreix.EY_OPSESB_SABREIX_ODS_TRANSFERMATRIX#EY_A_SABREIX_OPSESB_TRANSMATRIXBATCH_01.queueName"/>
<ConfigurableProperty uri="ey.opsesb.sabreix.EY_OPSESB_SABREIX_ODS_TRANSFERMATRIX#EY_A_SABREIX_OPSESB_TRANSMATRIXBATCH_01.connection"/>
<ConfigurableProperty uri="ey.opsesb.sabreix.EY_OPSESB_SABREIX_ODS_TRANSFERMATRIX#EY_A_SABREIX_OPSESB_TRANSMATRIXBATCH_01.destinationQueueManagerName"/>
<ConfigurableProperty uri="ey.opsesb.sabreix.EY_OPSESB_SABREIX_ODS_TRANSFERMATRIX#EY_A_SABREIX_OPSESB_TRANSMATRIXBATCH_01.queueManagerHostname"/>
<ConfigurableProperty uri="ey.opsesb.sabreix.EY_OPSESB_SABREIX_ODS_TRANSFERMATRIX#EY_A_SABREIX_OPSESB_TRANSMATRIXBATCH_01.listenerPortNumber"/>
<ConfigurableProperty uri="ey.opsesb.sabreix.EY_OPSESB_SABREIX_ODS_TRANSFERMATRIX#EY_A_SABREIX_OPSESB_TRANSMATRIXBATCH_01.channelName"/>
<ConfigurableProperty uri="ey.opsesb.sabreix.EY_OPSESB_SABREIX_ODS_TRANSFERMATRIX#EY_A_SABREIX_OPSESB_TRANSMATRIXBATCH_01.securityIdentity"/>
<ConfigurableProperty uri="ey.opsesb.sabreix.EY_OPSESB_SABREIX_ODS_TRANSFERMATRIX#EY_A_SABREIX_OPSESB_TRANSMATRIXBATCH_01.useSSL"/>
<ConfigurableProperty uri="ey.opsesb.sabreix.EY_OPSESB_SABREIX_ODS_TRANSFERMATRIX#EY_A_SABREIX_OPSESB_TRANSMATRIXBATCH_01.SSLPeerName"/>
<ConfigurableProperty uri="ey.opsesb.sabreix.EY_OPSESB_SABREIX_ODS_TRANSFERMATRIX#EY_A_SABREIX_OPSESB_TRANSMATRIXBATCH_01.SSLCipherSpec"/>
<ConfigurableProperty uri="ey.opsesb.sabreix.EY_OPSESB_SABREIX_ODS_TRANSFERMATRIX#EY_A_SABREIX_OPSESB_TRANSMATRIXBATCH_01.serializationToken"/>
<ConfigurableProperty uri="ey.opsesb.sabreix.EY_OPSESB_SABREIX_ODS_TRANSFERMATRIX#EY_A_SABREIX_OPSESB_TRANSMATRIXBATCH_01.topicProperty"/>
<ConfigurableProperty uri="ey.opsesb.sabreix.EY_OPSESB_SABREIX_ODS_TRANSFERMATRIX#EY_A_SABREIX_OPSESB_TRANSMATRIXBATCH_01.resetBrowseTimeout"/>
<ConfigurableProperty override="contentAndValue" uri="ey.opsesb.sabreix.EY_OPSESB_SABREIX_ODS_TRANSFERMATRIX#EY_A_SABREIX_OPSESB_TRANSMATRIXBATCH_01.validateMaster"/>
<ConfigurableProperty uri="ey.opsesb.sabreix.EY_OPSESB_SABREIX_ODS_TRANSFERMATRIX#EY_A_SABREIX_OPSESB_TRANSMATRIXBATCH_01.securityProfileName"/>
<ConfigurableProperty uri="ey.opsesb.sabreix.EY_OPSESB_SABREIX_ODS_TRANSFERMATRIX#EY_A_SABREIX_OPSESB_TRANSMATRIXBATCH_01.componentLevel"/>
<ConfigurableProperty uri="ey.opsesb.sabreix.EY_OPSESB_SABREIX_ODS_TRANSFERMATRIX#EY_A_SABREIX_OPSESB_TRANSMATRIXBATCH_01.additionalInstances"/>
<ConfigurableProperty uri="ey.opsesb.sabreix.EY_OPSESB_SABREIX_ODS_TRANSFERMATRIX#EY_A_SABREIX_OPSESB_TRANSMATRIXBATCH_01.policyUrl"/>
<ConfigurableProperty override="SABREIX_OPSESB_ODS_TRANSFERMATRIX_BATCH" uri="ey.opsesb.sabreix.EY_OPSESB_SABREIX_ODS_TRANSFERMATRIX#AuditLogger_Batch.InterfaceID"/>
<ConfigurableProperty override="SabreIx Transfer Matrix Message Received in ESB" uri="ey.opsesb.sabreix.EY_OPSESB_SABREIX_ODS_TRANSFERMATRIX#AuditLogger_Batch.StatusText"/>
<ConfigurableProperty override="1a" uri="ey.opsesb.sabreix.EY_OPSESB_SABREIX_ODS_TRANSFERMATRIX#AuditLogger_Batch.ProcessStep"/>
<ConfigurableProperty uri="ey.opsesb.sabreix.EY_OPSESB_SABREIX_ODS_TRANSFERMATRIX#AuditLogger_Batch.IsMsgDetailsRequired"/>
<ConfigurableProperty uri="ey.opsesb.sabreix.EY_OPSESB_SABREIX_ODS_TRANSFERMATRIX#AuditLogger_Batch.IsPayloadRequired"/>
<ConfigurableProperty uri="ey.opsesb.sabreix.EY_OPSESB_SABREIX_ODS_TRANSFERMATRIX#AuditLogger_Batch.MsgFormat"/>
<ConfigurableProperty override="I" uri="ey.opsesb.sabreix.EY_OPSESB_SABREIX_ODS_TRANSFERMATRIX#AuditLogger_Batch.DataDirection"/>
<ConfigurableProperty uri="ey.opsesb.sabreix.EY_OPSESB_SABREIX_ODS_TRANSFERMATRIX#AuditLogger_Batch.CharacterSet"/>
<ConfigurableProperty uri="ey.opsesb.sabreix.EY_OPSESB_SABREIX_ODS_TRANSFERMATRIX#AuditLogger_Batch.MessageSizeInMB"/>
<ConfigurableProperty uri="ey.opsesb.sabreix.EY_OPSESB_SABREIX_ODS_TRANSFERMATRIX#AuditLogger_Batch.MsgType"/>
<ConfigurableProperty override="true" uri="ey.opsesb.sabreix.EY_OPSESB_SABREIX_ODS_TRANSFERMATRIX#AuditLogger_Batch.IsAuditLogRequired"/>
<ConfigurableProperty uri="ey.opsesb.sabreix.EY_OPSESB_SABREIX_ODS_TRANSFERMATRIX#AuditLogger_Batch.IsParentChildRelationRequired"/>
<ConfigurableProperty uri="ey.opsesb.sabreix.EY_OPSESB_SABREIX_ODS_TRANSFERMATRIX#AuditLogger_Batch.AuditFileRequired"/>
</CompiledMessageFlow>
</Broker>