<?xml version="1.0" encoding="UTF-8"?>
<FlightScheduleRQ Version="1.0" xmlns:xsi="http://www.w3.org/2001/XMLSchema-instance" xsi:noNamespaceSchemaLocation="FlightSchedule_Request_Schema_v1.1.xsd">
  <Header>
    <SourceTrackingId>SourceTrackingId</SourceTrackingId>
    <SourceSystem ShortName="">OPSESB</SourceSystem>
    <Timestamp>2001-12-31T12:00:00</Timestamp>
    <DestinationSystem xsi:type="anyType"/>
  </Header>
  <Body>
    <FlightCriteria>
      <LegIdentifierCriteria>
        <SystemUniqueIdentifier SourceSystem=""/>
        <Airline CodeContext="IATA">Airline</Airline>
        <FlightNumber>FlightNumber</FlightNumber>
        <FlightSuffix>FlightSuffix</FlightSuffix>
        <DepartureAirport>
          <Code CodeContext="IATA">Code</Code>
        </DepartureAirport>
        <ArrivalAirport>
          <Code CodeContext="IATA">Code</Code>
        </ArrivalAirport>
        <ServiceType>ServiceType</ServiceType>
        <OperationTimeCriteria OperationQualifier="INB" TimeType="SCT">
          <Equal>2001-12-31T12:00:00</Equal>
        </OperationTimeCriteria>
      </LegIdentifierCriteria>
      <AircraftCriteria>
        <AircraftType CodeContext="IATA">AircraftType</AircraftType>
        <RegistrationNumber>RegistrationNumber</RegistrationNumber>
      </AircraftCriteria>
      <FlightInfoCriteria>
        <FlightStatus Source="">FlightStatus</FlightStatus>
        <OperatingAirlineCode>OperatingAirlineCode</OperatingAirlineCode>
      </FlightInfoCriteria>
    </FlightCriteria>
  </Body>
</FlightScheduleRQ>
