<?xml version="1.0" encoding="UTF-8"?><Broker>
<CompiledApplication>
<ConfigurableProperty uri="startMode"/>
</CompiledApplication>
<CompiledMessageFlow name="ey.opsesb.sharedservices.EY_OPSESB_SS_FLIGHTSCHUPDATE_ONDEMAND">
<ConfigurableProperty uri="ey.opsesb.sharedservices.EY_OPSESB_SS_FLIGHTSCHUPDATE_ONDEMAND#additionalInstances"/>
<ConfigurableProperty uri="ey.opsesb.sharedservices.EY_OPSESB_SS_FLIGHTSCHUPDATE_ONDEMAND#notificationThresholdMsgsPerSec"/>
<ConfigurableProperty uri="ey.opsesb.sharedservices.EY_OPSESB_SS_FLIGHTSCHUPDATE_ONDEMAND#maximumRateMsgsPerSec"/>
<ConfigurableProperty uri="ey.opsesb.sharedservices.EY_OPSESB_SS_FLIGHTSCHUPDATE_ONDEMAND#processingTimeoutSec"/>
<ConfigurableProperty uri="ey.opsesb.sharedservices.EY_OPSESB_SS_FLIGHTSCHUPDATE_ONDEMAND#processingTimeoutAction"/>
<ConfigurableProperty uri="ey.opsesb.sharedservices.EY_OPSESB_SS_FLIGHTSCHUPDATE_ONDEMAND#wlmPolicy"/>
<ConfigurableProperty uri="ey.opsesb.sharedservices.EY_OPSESB_SS_FLIGHTSCHUPDATE_ONDEMAND#commitCount"/>
<ConfigurableProperty uri="ey.opsesb.sharedservices.EY_OPSESB_SS_FLIGHTSCHUPDATE_ONDEMAND#commitInterval"/>
<ConfigurableProperty uri="ey.opsesb.sharedservices.EY_OPSESB_SS_FLIGHTSCHUPDATE_ONDEMAND#coordinatedTransaction"/>
<ConfigurableProperty uri="ey.opsesb.sharedservices.EY_OPSESB_SS_FLIGHTSCHUPDATE_ONDEMAND#consumerPolicySet"/>
<ConfigurableProperty uri="ey.opsesb.sharedservices.EY_OPSESB_SS_FLIGHTSCHUPDATE_ONDEMAND#providerPolicySet"/>
<ConfigurableProperty uri="ey.opsesb.sharedservices.EY_OPSESB_SS_FLIGHTSCHUPDATE_ONDEMAND#consumerPolicySetBindings"/>
<ConfigurableProperty uri="ey.opsesb.sharedservices.EY_OPSESB_SS_FLIGHTSCHUPDATE_ONDEMAND#providerPolicySetBindings"/>
<ConfigurableProperty uri="ey.opsesb.sharedservices.EY_OPSESB_SS_FLIGHTSCHUPDATE_ONDEMAND#securityProfileName"/>
<ConfigurableProperty uri="ey.opsesb.sharedservices.EY_OPSESB_SS_FLIGHTSCHUPDATE_ONDEMAND#monitoringProfile"/>
<ConfigurableProperty uri="ey.opsesb.sharedservices.EY_OPSESB_SS_FLIGHTSCHUPDATE_ONDEMAND#startMode"/>
<ConfigurableProperty uri="ey.opsesb.sharedservices.EY_OPSESB_SS_FLIGHTSCHUPDATE_ONDEMAND#startInstancesWhenFlowStarts"/>
<ConfigurableProperty override="OPSESB_TST" uri="ey.opsesb.sharedservices.EY_OPSESB_SS_FLIGHTSCHUPDATE_ONDEMAND#DB_Name"/>
<ConfigurableProperty override="ops_ods" uri="ey.opsesb.sharedservices.EY_OPSESB_SS_FLIGHTSCHUPDATE_ONDEMAND#DB_Schema"/>
<ConfigurableProperty override="12" uri="ey.opsesb.sharedservices.EY_OPSESB_SS_FLIGHTSCHUPDATE_ONDEMAND#RangeFrom"/>
<ConfigurableProperty override="12" uri="ey.opsesb.sharedservices.EY_OPSESB_SS_FLIGHTSCHUPDATE_ONDEMAND#RangeTo"/>
<ConfigurableProperty override="EY_A_OPSESB_SS_FSUPDATE_ONDEMAND_" uri="ey.opsesb.sharedservices.EY_OPSESB_SS_FLIGHTSCHUPDATE_ONDEMAND#ConsumerOutPutQueueName"/>
<ConfigurableProperty override="TRUE" uri="ey.opsesb.sharedservices.EY_OPSESB_SS_FLIGHTSCHUPDATE_ONDEMAND#FilterOfLockDownFlights"/>
<ConfigurableProperty override="OPSESB_TST" uri="ey.opsesb.sharedservices.EY_OPSESB_SS_FLIGHTSCHUPDATE_ONDEMAND#dataSource"/>
<ConfigurableProperty override="00:30:00" uri="ey.opsesb.sharedservices.EY_OPSESB_SS_FLIGHTSCHUPDATE_ONDEMAND#timediff"/>
<ConfigurableProperty override="EY_A_OPSESB_SS_FSUPDATE_ONDEMAND_IN_02" uri="ey.opsesb.sharedservices.EY_OPSESB_SS_FLIGHTSCHUPDATE_ONDEMAND#EY_A_OPSESB_SS_FSUPDATE_ONDEMAND_IN_02.queueName"/>
<ConfigurableProperty uri="ey.opsesb.sharedservices.EY_OPSESB_SS_FLIGHTSCHUPDATE_ONDEMAND#EY_A_OPSESB_SS_FSUPDATE_ONDEMAND_IN_02.connection"/>
<ConfigurableProperty uri="ey.opsesb.sharedservices.EY_OPSESB_SS_FLIGHTSCHUPDATE_ONDEMAND#EY_A_OPSESB_SS_FSUPDATE_ONDEMAND_IN_02.destinationQueueManagerName"/>
<ConfigurableProperty uri="ey.opsesb.sharedservices.EY_OPSESB_SS_FLIGHTSCHUPDATE_ONDEMAND#EY_A_OPSESB_SS_FSUPDATE_ONDEMAND_IN_02.queueManagerHostname"/>
<ConfigurableProperty uri="ey.opsesb.sharedservices.EY_OPSESB_SS_FLIGHTSCHUPDATE_ONDEMAND#EY_A_OPSESB_SS_FSUPDATE_ONDEMAND_IN_02.listenerPortNumber"/>
<ConfigurableProperty uri="ey.opsesb.sharedservices.EY_OPSESB_SS_FLIGHTSCHUPDATE_ONDEMAND#EY_A_OPSESB_SS_FSUPDATE_ONDEMAND_IN_02.channelName"/>
<ConfigurableProperty uri="ey.opsesb.sharedservices.EY_OPSESB_SS_FLIGHTSCHUPDATE_ONDEMAND#EY_A_OPSESB_SS_FSUPDATE_ONDEMAND_IN_02.securityIdentity"/>
<ConfigurableProperty uri="ey.opsesb.sharedservices.EY_OPSESB_SS_FLIGHTSCHUPDATE_ONDEMAND#EY_A_OPSESB_SS_FSUPDATE_ONDEMAND_IN_02.useSSL"/>
<ConfigurableProperty uri="ey.opsesb.sharedservices.EY_OPSESB_SS_FLIGHTSCHUPDATE_ONDEMAND#EY_A_OPSESB_SS_FSUPDATE_ONDEMAND_IN_02.SSLPeerName"/>
<ConfigurableProperty uri="ey.opsesb.sharedservices.EY_OPSESB_SS_FLIGHTSCHUPDATE_ONDEMAND#EY_A_OPSESB_SS_FSUPDATE_ONDEMAND_IN_02.SSLCipherSpec"/>
<ConfigurableProperty uri="ey.opsesb.sharedservices.EY_OPSESB_SS_FLIGHTSCHUPDATE_ONDEMAND#EY_A_OPSESB_SS_FSUPDATE_ONDEMAND_IN_02.serializationToken"/>
<ConfigurableProperty uri="ey.opsesb.sharedservices.EY_OPSESB_SS_FLIGHTSCHUPDATE_ONDEMAND#EY_A_OPSESB_SS_FSUPDATE_ONDEMAND_IN_02.topicProperty"/>
<ConfigurableProperty uri="ey.opsesb.sharedservices.EY_OPSESB_SS_FLIGHTSCHUPDATE_ONDEMAND#EY_A_OPSESB_SS_FSUPDATE_ONDEMAND_IN_02.resetBrowseTimeout"/>
<ConfigurableProperty override="contentAndValue" uri="ey.opsesb.sharedservices.EY_OPSESB_SS_FLIGHTSCHUPDATE_ONDEMAND#EY_A_OPSESB_SS_FSUPDATE_ONDEMAND_IN_02.validateMaster"/>
<ConfigurableProperty uri="ey.opsesb.sharedservices.EY_OPSESB_SS_FLIGHTSCHUPDATE_ONDEMAND#EY_A_OPSESB_SS_FSUPDATE_ONDEMAND_IN_02.securityProfileName"/>
<ConfigurableProperty uri="ey.opsesb.sharedservices.EY_OPSESB_SS_FLIGHTSCHUPDATE_ONDEMAND#EY_A_OPSESB_SS_FSUPDATE_ONDEMAND_IN_02.componentLevel"/>
<ConfigurableProperty uri="ey.opsesb.sharedservices.EY_OPSESB_SS_FLIGHTSCHUPDATE_ONDEMAND#EY_A_OPSESB_SS_FSUPDATE_ONDEMAND_IN_02.additionalInstances"/>
<ConfigurableProperty uri="ey.opsesb.sharedservices.EY_OPSESB_SS_FLIGHTSCHUPDATE_ONDEMAND#EY_A_OPSESB_SS_FSUPDATE_ONDEMAND_IN_02.policyUrl"/>
<ConfigurableProperty uri="ey.opsesb.sharedservices.EY_OPSESB_SS_FLIGHTSCHUPDATE_ONDEMAND#MQOutput.queueName"/>
<ConfigurableProperty uri="ey.opsesb.sharedservices.EY_OPSESB_SS_FLIGHTSCHUPDATE_ONDEMAND#MQOutput.connection"/>
<ConfigurableProperty uri="ey.opsesb.sharedservices.EY_OPSESB_SS_FLIGHTSCHUPDATE_ONDEMAND#MQOutput.destinationQueueManagerName"/>
<ConfigurableProperty uri="ey.opsesb.sharedservices.EY_OPSESB_SS_FLIGHTSCHUPDATE_ONDEMAND#MQOutput.queueManagerHostname"/>
<ConfigurableProperty uri="ey.opsesb.sharedservices.EY_OPSESB_SS_FLIGHTSCHUPDATE_ONDEMAND#MQOutput.listenerPortNumber"/>
<ConfigurableProperty uri="ey.opsesb.sharedservices.EY_OPSESB_SS_FLIGHTSCHUPDATE_ONDEMAND#MQOutput.channelName"/>
<ConfigurableProperty uri="ey.opsesb.sharedservices.EY_OPSESB_SS_FLIGHTSCHUPDATE_ONDEMAND#MQOutput.securityIdentity"/>
<ConfigurableProperty uri="ey.opsesb.sharedservices.EY_OPSESB_SS_FLIGHTSCHUPDATE_ONDEMAND#MQOutput.useSSL"/>
<ConfigurableProperty uri="ey.opsesb.sharedservices.EY_OPSESB_SS_FLIGHTSCHUPDATE_ONDEMAND#MQOutput.SSLPeerName"/>
<ConfigurableProperty uri="ey.opsesb.sharedservices.EY_OPSESB_SS_FLIGHTSCHUPDATE_ONDEMAND#MQOutput.SSLCipherSpec"/>
<ConfigurableProperty uri="ey.opsesb.sharedservices.EY_OPSESB_SS_FLIGHTSCHUPDATE_ONDEMAND#MQOutput.queueManagerName"/>
<ConfigurableProperty uri="ey.opsesb.sharedservices.EY_OPSESB_SS_FLIGHTSCHUPDATE_ONDEMAND#MQOutput.replyToQMgr"/>
<ConfigurableProperty uri="ey.opsesb.sharedservices.EY_OPSESB_SS_FLIGHTSCHUPDATE_ONDEMAND#MQOutput.replyToQ"/>
<ConfigurableProperty uri="ey.opsesb.sharedservices.EY_OPSESB_SS_FLIGHTSCHUPDATE_ONDEMAND#MQOutput.validateMaster"/>
<ConfigurableProperty uri="ey.opsesb.sharedservices.EY_OPSESB_SS_FLIGHTSCHUPDATE_ONDEMAND#MQOutput.securityProfileName"/>
<ConfigurableProperty uri="ey.opsesb.sharedservices.EY_OPSESB_SS_FLIGHTSCHUPDATE_ONDEMAND#MQOutput.policyUrl"/>
<ConfigurableProperty uri="ey.opsesb.sharedservices.EY_OPSESB_SS_FLIGHTSCHUPDATE_ONDEMAND#MQOutput.AddRequestToGroup"/>
<ConfigurableProperty uri="ey.opsesb.sharedservices.EY_OPSESB_SS_FLIGHTSCHUPDATE_ONDEMAND#MQOutput.GroupRequestFolderName"/>
<ConfigurableProperty uri="ey.opsesb.sharedservices.EY_OPSESB_SS_FLIGHTSCHUPDATE_ONDEMAND#MQOutput.GroupRequestTimeout"/>
<ConfigurableProperty override="OPSESB_SS_PUBLISHFSUPDATE_ONDEMAND_V2" uri="ey.opsesb.sharedservices.EY_OPSESB_SS_FLIGHTSCHUPDATE_ONDEMAND#AuditLogger.InterfaceID"/>
<ConfigurableProperty override="XML" uri="ey.opsesb.sharedservices.EY_OPSESB_SS_FLIGHTSCHUPDATE_ONDEMAND#AuditLogger.MsgType"/>
<ConfigurableProperty override="true" uri="ey.opsesb.sharedservices.EY_OPSESB_SS_FLIGHTSCHUPDATE_ONDEMAND#AuditLogger.IsAuditLogRequired"/>
<ConfigurableProperty uri="ey.opsesb.sharedservices.EY_OPSESB_SS_FLIGHTSCHUPDATE_ONDEMAND#AuditLogger.IsParentChildRelationRequired"/>
<ConfigurableProperty override="true" uri="ey.opsesb.sharedservices.EY_OPSESB_SS_FLIGHTSCHUPDATE_ONDEMAND#AuditLogger.IsInprogress"/>
<ConfigurableProperty uri="ey.opsesb.sharedservices.EY_OPSESB_SS_FLIGHTSCHUPDATE_ONDEMAND#AuditLogger.AuditFileRequired"/>
<ConfigurableProperty uri="ey.opsesb.sharedservices.EY_OPSESB_SS_FLIGHTSCHUPDATE_ONDEMAND#AuditLogger.CharacterSet"/>
<ConfigurableProperty override="I" uri="ey.opsesb.sharedservices.EY_OPSESB_SS_FLIGHTSCHUPDATE_ONDEMAND#AuditLogger.DataDirection"/>
<ConfigurableProperty uri="ey.opsesb.sharedservices.EY_OPSESB_SS_FLIGHTSCHUPDATE_ONDEMAND#AuditLogger.MessageSizeInMB"/>
<ConfigurableProperty uri="ey.opsesb.sharedservices.EY_OPSESB_SS_FLIGHTSCHUPDATE_ONDEMAND#AuditLogger.MsgFormat"/>
<ConfigurableProperty override="true" uri="ey.opsesb.sharedservices.EY_OPSESB_SS_FLIGHTSCHUPDATE_ONDEMAND#AuditLogger.FirstMsg"/>
<ConfigurableProperty uri="ey.opsesb.sharedservices.EY_OPSESB_SS_FLIGHTSCHUPDATE_ONDEMAND#AuditLogger.IsMsgDetailsRequired"/>
<ConfigurableProperty uri="ey.opsesb.sharedservices.EY_OPSESB_SS_FLIGHTSCHUPDATE_ONDEMAND#AuditLogger.IsPayloadRequired"/>
<ConfigurableProperty override="1a" uri="ey.opsesb.sharedservices.EY_OPSESB_SS_FLIGHTSCHUPDATE_ONDEMAND#AuditLogger.ProcessStep"/>
<ConfigurableProperty override="Received a Request From Cron Job/Consumer" uri="ey.opsesb.sharedservices.EY_OPSESB_SS_FLIGHTSCHUPDATE_ONDEMAND#AuditLogger.StatusText"/>
<ConfigurableProperty uri="ey.opsesb.sharedservices.EY_OPSESB_SS_FLIGHTSCHUPDATE_ONDEMAND#PublishFS_UpdateOnDemand_Mapping.connectDatasourceBeforeFlowStarts"/>
<ConfigurableProperty uri="ey.opsesb.sharedservices.EY_OPSESB_SS_FLIGHTSCHUPDATE_ONDEMAND#PublishFS_UpdateOnDemand_Mapping.validateMaster"/>
<ConfigurableProperty override="OutPut XML Generated Successfully" uri="ey.opsesb.sharedservices.EY_OPSESB_SS_FLIGHTSCHUPDATE_ONDEMAND#CaptureLog.StatusText"/>
<ConfigurableProperty uri="ey.opsesb.sharedservices.EY_OPSESB_SS_FLIGHTSCHUPDATE_ONDEMAND#CaptureLog.IsMsgDetailsRequired"/>
<ConfigurableProperty uri="ey.opsesb.sharedservices.EY_OPSESB_SS_FLIGHTSCHUPDATE_ONDEMAND#CaptureLog.IsPayloadRequired"/>
<ConfigurableProperty uri="ey.opsesb.sharedservices.EY_OPSESB_SS_FLIGHTSCHUPDATE_ONDEMAND#CaptureLog.MsgFormat"/>
<ConfigurableProperty override="O" uri="ey.opsesb.sharedservices.EY_OPSESB_SS_FLIGHTSCHUPDATE_ONDEMAND#CaptureLog.DataDirection"/>
<ConfigurableProperty uri="ey.opsesb.sharedservices.EY_OPSESB_SS_FLIGHTSCHUPDATE_ONDEMAND#CaptureLog.CharacterSet"/>
<ConfigurableProperty uri="ey.opsesb.sharedservices.EY_OPSESB_SS_FLIGHTSCHUPDATE_ONDEMAND#CaptureLog.MessageSizeInMB"/>
<ConfigurableProperty override="1b" uri="ey.opsesb.sharedservices.EY_OPSESB_SS_FLIGHTSCHUPDATE_ONDEMAND#CaptureLog.ProcessStep"/>
<ConfigurableProperty uri="ey.opsesb.sharedservices.EY_OPSESB_SS_FLIGHTSCHUPDATE_ONDEMAND#CaptureLog.IsParentChildRelationRequired"/>
<ConfigurableProperty uri="ey.opsesb.sharedservices.EY_OPSESB_SS_FLIGHTSCHUPDATE_ONDEMAND#CaptureLog.AuditFileRequired"/>
<ConfigurableProperty uri="ey.opsesb.sharedservices.EY_OPSESB_SS_FLIGHTSCHUPDATE_ONDEMAND#CaptureLog.FirstMsg"/>
<ConfigurableProperty override="contentAndValue" uri="ey.opsesb.sharedservices.EY_OPSESB_SS_FLIGHTSCHUPDATE_ONDEMAND#Validate.validateMaster"/>
<ConfigurableProperty override="EY_A_OPSESB_SS_FSUPDATE_BATCH_IN_02" uri="ey.opsesb.sharedservices.EY_OPSESB_SS_FLIGHTSCHUPDATE_ONDEMAND#EY_A_OPSESB_SS_FSUPDATE_BATCH_IN_02.queueName"/>
<ConfigurableProperty uri="ey.opsesb.sharedservices.EY_OPSESB_SS_FLIGHTSCHUPDATE_ONDEMAND#EY_A_OPSESB_SS_FSUPDATE_BATCH_IN_02.connection"/>
<ConfigurableProperty uri="ey.opsesb.sharedservices.EY_OPSESB_SS_FLIGHTSCHUPDATE_ONDEMAND#EY_A_OPSESB_SS_FSUPDATE_BATCH_IN_02.destinationQueueManagerName"/>
<ConfigurableProperty uri="ey.opsesb.sharedservices.EY_OPSESB_SS_FLIGHTSCHUPDATE_ONDEMAND#EY_A_OPSESB_SS_FSUPDATE_BATCH_IN_02.queueManagerHostname"/>
<ConfigurableProperty uri="ey.opsesb.sharedservices.EY_OPSESB_SS_FLIGHTSCHUPDATE_ONDEMAND#EY_A_OPSESB_SS_FSUPDATE_BATCH_IN_02.listenerPortNumber"/>
<ConfigurableProperty uri="ey.opsesb.sharedservices.EY_OPSESB_SS_FLIGHTSCHUPDATE_ONDEMAND#EY_A_OPSESB_SS_FSUPDATE_BATCH_IN_02.channelName"/>
<ConfigurableProperty uri="ey.opsesb.sharedservices.EY_OPSESB_SS_FLIGHTSCHUPDATE_ONDEMAND#EY_A_OPSESB_SS_FSUPDATE_BATCH_IN_02.securityIdentity"/>
<ConfigurableProperty uri="ey.opsesb.sharedservices.EY_OPSESB_SS_FLIGHTSCHUPDATE_ONDEMAND#EY_A_OPSESB_SS_FSUPDATE_BATCH_IN_02.useSSL"/>
<ConfigurableProperty uri="ey.opsesb.sharedservices.EY_OPSESB_SS_FLIGHTSCHUPDATE_ONDEMAND#EY_A_OPSESB_SS_FSUPDATE_BATCH_IN_02.SSLPeerName"/>
<ConfigurableProperty uri="ey.opsesb.sharedservices.EY_OPSESB_SS_FLIGHTSCHUPDATE_ONDEMAND#EY_A_OPSESB_SS_FSUPDATE_BATCH_IN_02.SSLCipherSpec"/>
<ConfigurableProperty uri="ey.opsesb.sharedservices.EY_OPSESB_SS_FLIGHTSCHUPDATE_ONDEMAND#EY_A_OPSESB_SS_FSUPDATE_BATCH_IN_02.serializationToken"/>
<ConfigurableProperty uri="ey.opsesb.sharedservices.EY_OPSESB_SS_FLIGHTSCHUPDATE_ONDEMAND#EY_A_OPSESB_SS_FSUPDATE_BATCH_IN_02.topicProperty"/>
<ConfigurableProperty uri="ey.opsesb.sharedservices.EY_OPSESB_SS_FLIGHTSCHUPDATE_ONDEMAND#EY_A_OPSESB_SS_FSUPDATE_BATCH_IN_02.resetBrowseTimeout"/>
<ConfigurableProperty override="contentAndValue" uri="ey.opsesb.sharedservices.EY_OPSESB_SS_FLIGHTSCHUPDATE_ONDEMAND#EY_A_OPSESB_SS_FSUPDATE_BATCH_IN_02.validateMaster"/>
<ConfigurableProperty uri="ey.opsesb.sharedservices.EY_OPSESB_SS_FLIGHTSCHUPDATE_ONDEMAND#EY_A_OPSESB_SS_FSUPDATE_BATCH_IN_02.securityProfileName"/>
<ConfigurableProperty uri="ey.opsesb.sharedservices.EY_OPSESB_SS_FLIGHTSCHUPDATE_ONDEMAND#EY_A_OPSESB_SS_FSUPDATE_BATCH_IN_02.componentLevel"/>
<ConfigurableProperty uri="ey.opsesb.sharedservices.EY_OPSESB_SS_FLIGHTSCHUPDATE_ONDEMAND#EY_A_OPSESB_SS_FSUPDATE_BATCH_IN_02.additionalInstances"/>
<ConfigurableProperty uri="ey.opsesb.sharedservices.EY_OPSESB_SS_FLIGHTSCHUPDATE_ONDEMAND#EY_A_OPSESB_SS_FSUPDATE_BATCH_IN_02.policyUrl"/>
<ConfigurableProperty override="Messages Posted To Respective Consumer Queue Successfully" uri="ey.opsesb.sharedservices.EY_OPSESB_SS_FLIGHTSCHUPDATE_ONDEMAND#CaptureLog1.StatusText"/>
<ConfigurableProperty uri="ey.opsesb.sharedservices.EY_OPSESB_SS_FLIGHTSCHUPDATE_ONDEMAND#CaptureLog1.IsMsgDetailsRequired"/>
<ConfigurableProperty uri="ey.opsesb.sharedservices.EY_OPSESB_SS_FLIGHTSCHUPDATE_ONDEMAND#CaptureLog1.IsPayloadRequired"/>
<ConfigurableProperty uri="ey.opsesb.sharedservices.EY_OPSESB_SS_FLIGHTSCHUPDATE_ONDEMAND#CaptureLog1.MsgFormat"/>
<ConfigurableProperty override="O" uri="ey.opsesb.sharedservices.EY_OPSESB_SS_FLIGHTSCHUPDATE_ONDEMAND#CaptureLog1.DataDirection"/>
<ConfigurableProperty uri="ey.opsesb.sharedservices.EY_OPSESB_SS_FLIGHTSCHUPDATE_ONDEMAND#CaptureLog1.CharacterSet"/>
<ConfigurableProperty uri="ey.opsesb.sharedservices.EY_OPSESB_SS_FLIGHTSCHUPDATE_ONDEMAND#CaptureLog1.MessageSizeInMB"/>
<ConfigurableProperty override="1c" uri="ey.opsesb.sharedservices.EY_OPSESB_SS_FLIGHTSCHUPDATE_ONDEMAND#CaptureLog1.ProcessStep"/>
<ConfigurableProperty uri="ey.opsesb.sharedservices.EY_OPSESB_SS_FLIGHTSCHUPDATE_ONDEMAND#CaptureLog1.IsParentChildRelationRequired"/>
<ConfigurableProperty uri="ey.opsesb.sharedservices.EY_OPSESB_SS_FLIGHTSCHUPDATE_ONDEMAND#CaptureLog1.AuditFileRequired"/>
<ConfigurableProperty uri="ey.opsesb.sharedservices.EY_OPSESB_SS_FLIGHTSCHUPDATE_ONDEMAND#CaptureLog1.FirstMsg"/>
<ConfigurableProperty uri="ey.opsesb.sharedservices.EY_OPSESB_SS_FLIGHTSCHUPDATE_ONDEMAND#FetchODSFlights_CheckRetry.RetryIntervalInSec"/>
<ConfigurableProperty uri="ey.opsesb.sharedservices.EY_OPSESB_SS_FLIGHTSCHUPDATE_ONDEMAND#FetchODSFlights_CheckRetry.MaxRetryCount"/>
<ConfigurableProperty uri="ey.opsesb.sharedservices.EY_OPSESB_SS_FLIGHTSCHUPDATE_ONDEMAND#FetchODSFlights_CheckRetry.ErrorCodes"/>
<ConfigurableProperty uri="ey.opsesb.sharedservices.EY_OPSESB_SS_FLIGHTSCHUPDATE_ONDEMAND#MappingODSFlights_CheckRetry.RetryIntervalInSec"/>
<ConfigurableProperty uri="ey.opsesb.sharedservices.EY_OPSESB_SS_FLIGHTSCHUPDATE_ONDEMAND#MappingODSFlights_CheckRetry.MaxRetryCount"/>
<ConfigurableProperty uri="ey.opsesb.sharedservices.EY_OPSESB_SS_FLIGHTSCHUPDATE_ONDEMAND#MappingODSFlights_CheckRetry.ErrorCodes"/>
<ConfigurableProperty uri="ey.opsesb.sharedservices.EY_OPSESB_SS_FLIGHTSCHUPDATE_ONDEMAND#PublishFS_UpdateOnDemand_FetchODSFlights.connectDatasourceBeforeFlowStarts"/>
<ConfigurableProperty uri="ey.opsesb.sharedservices.EY_OPSESB_SS_FLIGHTSCHUPDATE_ONDEMAND#PublishFS_UpdateOnDemand_FetchODSFlights.validateMaster"/>
<ConfigurableProperty uri="ey.opsesb.sharedservices.EY_OPSESB_SS_FLIGHTSCHUPDATE_ONDEMAND#ExceptionHandler.ApplicationName"/>
<ConfigurableProperty uri="ey.opsesb.sharedservices.EY_OPSESB_SS_FLIGHTSCHUPDATE_ONDEMAND#ExceptionHandler.ExceptionFileRequired"/>
</CompiledMessageFlow>
</Broker>