<?xml version="1.0" encoding="UTF-8"?><Broker>
<CompiledApplication>
<ConfigurableProperty uri="startMode"/>
</CompiledApplication>
<CompiledMessageFlow name="ey.oct.ifeAircom.EY_OCT_IFE_AIRCOM">
<ConfigurableProperty uri="ey.oct.ifeAircom.EY_OCT_IFE_AIRCOM#additionalInstances"/>
<ConfigurableProperty uri="ey.oct.ifeAircom.EY_OCT_IFE_AIRCOM#notificationThresholdMsgsPerSec"/>
<ConfigurableProperty uri="ey.oct.ifeAircom.EY_OCT_IFE_AIRCOM#maximumRateMsgsPerSec"/>
<ConfigurableProperty uri="ey.oct.ifeAircom.EY_OCT_IFE_AIRCOM#processingTimeoutSec"/>
<ConfigurableProperty uri="ey.oct.ifeAircom.EY_OCT_IFE_AIRCOM#processingTimeoutAction"/>
<ConfigurableProperty uri="ey.oct.ifeAircom.EY_OCT_IFE_AIRCOM#wlmPolicy"/>
<ConfigurableProperty uri="ey.oct.ifeAircom.EY_OCT_IFE_AIRCOM#commitCount"/>
<ConfigurableProperty uri="ey.oct.ifeAircom.EY_OCT_IFE_AIRCOM#commitInterval"/>
<ConfigurableProperty uri="ey.oct.ifeAircom.EY_OCT_IFE_AIRCOM#coordinatedTransaction"/>
<ConfigurableProperty uri="ey.oct.ifeAircom.EY_OCT_IFE_AIRCOM#consumerPolicySet"/>
<ConfigurableProperty uri="ey.oct.ifeAircom.EY_OCT_IFE_AIRCOM#providerPolicySet"/>
<ConfigurableProperty uri="ey.oct.ifeAircom.EY_OCT_IFE_AIRCOM#consumerPolicySetBindings"/>
<ConfigurableProperty uri="ey.oct.ifeAircom.EY_OCT_IFE_AIRCOM#providerPolicySetBindings"/>
<ConfigurableProperty uri="ey.oct.ifeAircom.EY_OCT_IFE_AIRCOM#securityProfileName"/>
<ConfigurableProperty uri="ey.oct.ifeAircom.EY_OCT_IFE_AIRCOM#monitoringProfile"/>
<ConfigurableProperty uri="ey.oct.ifeAircom.EY_OCT_IFE_AIRCOM#startMode"/>
<ConfigurableProperty uri="ey.oct.ifeAircom.EY_OCT_IFE_AIRCOM#startInstancesWhenFlowStarts"/>
<ConfigurableProperty override="http://10.223.126.89:7080/v1/flight/schedule" uri="ey.oct.ifeAircom.EY_OCT_IFE_AIRCOM#FS_RestURL"/>
<ConfigurableProperty override="CAN,NOP,CNX,DIV,HLD,GOA,RTR,ART,TOW" uri="ey.oct.ifeAircom.EY_OCT_IFE_AIRCOM#FlightStatus"/>
<ConfigurableProperty override="2013.6.0.0" uri="ey.oct.ifeAircom.EY_OCT_IFE_AIRCOM#HeaderVersion"/>
<ConfigurableProperty override="/tmp/IFENarrowFile" uri="ey.oct.ifeAircom.EY_OCT_IFE_AIRCOM#IFEFileDir"/>
<ConfigurableProperty override="60" uri="ey.oct.ifeAircom.EY_OCT_IFE_AIRCOM#SOBTFrom"/>
<ConfigurableProperty override="120" uri="ey.oct.ifeAircom.EY_OCT_IFE_AIRCOM#SOBTTo"/>
<ConfigurableProperty override="24" uri="ey.oct.ifeAircom.EY_OCT_IFE_AIRCOM#SIBTValue"/>
<ConfigurableProperty override="EY" uri="ey.oct.ifeAircom.EY_OCT_IFE_AIRCOM#iataAirlineCode"/>
<ConfigurableProperty override="AUH" uri="ey.oct.ifeAircom.EY_OCT_IFE_AIRCOM#iataAirportCode"/>
<ConfigurableProperty override="J" uri="ey.oct.ifeAircom.EY_OCT_IFE_AIRCOM#serviceType"/>
<ConfigurableProperty override="/tmp/IFENarrowFile" uri="ey.oct.ifeAircom.EY_OCT_IFE_AIRCOM#inputDirectory"/>
<ConfigurableProperty override="30" uri="ey.oct.ifeAircom.EY_OCT_IFE_AIRCOM#EIBTValue"/>
<ConfigurableProperty override="EY.IFE.FLTSCHREALTIME.TST.REQ" uri="ey.oct.ifeAircom.EY_OCT_IFE_AIRCOM#AIRCOMInputQueue.queueName"/>
<ConfigurableProperty uri="ey.oct.ifeAircom.EY_OCT_IFE_AIRCOM#AIRCOMInputQueue.connection"/>
<ConfigurableProperty uri="ey.oct.ifeAircom.EY_OCT_IFE_AIRCOM#AIRCOMInputQueue.destinationQueueManagerName"/>
<ConfigurableProperty uri="ey.oct.ifeAircom.EY_OCT_IFE_AIRCOM#AIRCOMInputQueue.queueManagerHostname"/>
<ConfigurableProperty uri="ey.oct.ifeAircom.EY_OCT_IFE_AIRCOM#AIRCOMInputQueue.listenerPortNumber"/>
<ConfigurableProperty uri="ey.oct.ifeAircom.EY_OCT_IFE_AIRCOM#AIRCOMInputQueue.channelName"/>
<ConfigurableProperty uri="ey.oct.ifeAircom.EY_OCT_IFE_AIRCOM#AIRCOMInputQueue.securityIdentity"/>
<ConfigurableProperty uri="ey.oct.ifeAircom.EY_OCT_IFE_AIRCOM#AIRCOMInputQueue.useSSL"/>
<ConfigurableProperty uri="ey.oct.ifeAircom.EY_OCT_IFE_AIRCOM#AIRCOMInputQueue.SSLPeerName"/>
<ConfigurableProperty uri="ey.oct.ifeAircom.EY_OCT_IFE_AIRCOM#AIRCOMInputQueue.SSLCipherSpec"/>
<ConfigurableProperty uri="ey.oct.ifeAircom.EY_OCT_IFE_AIRCOM#AIRCOMInputQueue.serializationToken"/>
<ConfigurableProperty uri="ey.oct.ifeAircom.EY_OCT_IFE_AIRCOM#AIRCOMInputQueue.topicProperty"/>
<ConfigurableProperty uri="ey.oct.ifeAircom.EY_OCT_IFE_AIRCOM#AIRCOMInputQueue.resetBrowseTimeout"/>
<ConfigurableProperty uri="ey.oct.ifeAircom.EY_OCT_IFE_AIRCOM#AIRCOMInputQueue.validateMaster"/>
<ConfigurableProperty uri="ey.oct.ifeAircom.EY_OCT_IFE_AIRCOM#AIRCOMInputQueue.securityProfileName"/>
<ConfigurableProperty uri="ey.oct.ifeAircom.EY_OCT_IFE_AIRCOM#AIRCOMInputQueue.componentLevel"/>
<ConfigurableProperty uri="ey.oct.ifeAircom.EY_OCT_IFE_AIRCOM#AIRCOMInputQueue.additionalInstances"/>
<ConfigurableProperty uri="ey.oct.ifeAircom.EY_OCT_IFE_AIRCOM#AIRCOMInputQueue.policyUrl"/>
<ConfigurableProperty override="EY.IFE.FLTSCHREALTIME.TST.REPLY" uri="ey.oct.ifeAircom.EY_OCT_IFE_AIRCOM#AIRCOMOutputQueue.queueName"/>
<ConfigurableProperty uri="ey.oct.ifeAircom.EY_OCT_IFE_AIRCOM#AIRCOMOutputQueue.connection"/>
<ConfigurableProperty uri="ey.oct.ifeAircom.EY_OCT_IFE_AIRCOM#AIRCOMOutputQueue.destinationQueueManagerName"/>
<ConfigurableProperty uri="ey.oct.ifeAircom.EY_OCT_IFE_AIRCOM#AIRCOMOutputQueue.queueManagerHostname"/>
<ConfigurableProperty uri="ey.oct.ifeAircom.EY_OCT_IFE_AIRCOM#AIRCOMOutputQueue.listenerPortNumber"/>
<ConfigurableProperty uri="ey.oct.ifeAircom.EY_OCT_IFE_AIRCOM#AIRCOMOutputQueue.channelName"/>
<ConfigurableProperty uri="ey.oct.ifeAircom.EY_OCT_IFE_AIRCOM#AIRCOMOutputQueue.securityIdentity"/>
<ConfigurableProperty uri="ey.oct.ifeAircom.EY_OCT_IFE_AIRCOM#AIRCOMOutputQueue.useSSL"/>
<ConfigurableProperty uri="ey.oct.ifeAircom.EY_OCT_IFE_AIRCOM#AIRCOMOutputQueue.SSLPeerName"/>
<ConfigurableProperty uri="ey.oct.ifeAircom.EY_OCT_IFE_AIRCOM#AIRCOMOutputQueue.SSLCipherSpec"/>
<ConfigurableProperty uri="ey.oct.ifeAircom.EY_OCT_IFE_AIRCOM#AIRCOMOutputQueue.queueManagerName"/>
<ConfigurableProperty uri="ey.oct.ifeAircom.EY_OCT_IFE_AIRCOM#AIRCOMOutputQueue.replyToQMgr"/>
<ConfigurableProperty uri="ey.oct.ifeAircom.EY_OCT_IFE_AIRCOM#AIRCOMOutputQueue.replyToQ"/>
<ConfigurableProperty override="none" uri="ey.oct.ifeAircom.EY_OCT_IFE_AIRCOM#AIRCOMOutputQueue.validateMaster"/>
<ConfigurableProperty uri="ey.oct.ifeAircom.EY_OCT_IFE_AIRCOM#AIRCOMOutputQueue.securityProfileName"/>
<ConfigurableProperty uri="ey.oct.ifeAircom.EY_OCT_IFE_AIRCOM#AIRCOMOutputQueue.policyUrl"/>
<ConfigurableProperty uri="ey.oct.ifeAircom.EY_OCT_IFE_AIRCOM#AIRCOMOutputQueue.AddRequestToGroup"/>
<ConfigurableProperty uri="ey.oct.ifeAircom.EY_OCT_IFE_AIRCOM#AIRCOMOutputQueue.GroupRequestFolderName"/>
<ConfigurableProperty uri="ey.oct.ifeAircom.EY_OCT_IFE_AIRCOM#AIRCOMOutputQueue.GroupRequestTimeout"/>
<ConfigurableProperty uri="ey.oct.ifeAircom.EY_OCT_IFE_AIRCOM#RESTAPIReqMapping.dataSource"/>
<ConfigurableProperty uri="ey.oct.ifeAircom.EY_OCT_IFE_AIRCOM#RESTAPIReqMapping.connectDatasourceBeforeFlowStarts"/>
<ConfigurableProperty uri="ey.oct.ifeAircom.EY_OCT_IFE_AIRCOM#RESTAPIReqMapping.validateMaster"/>
<ConfigurableProperty uri="ey.oct.ifeAircom.EY_OCT_IFE_AIRCOM# ConstructFixedLengthResp.dataSource"/>
<ConfigurableProperty uri="ey.oct.ifeAircom.EY_OCT_IFE_AIRCOM# ConstructFixedLengthResp.connectDatasourceBeforeFlowStarts"/>
<ConfigurableProperty uri="ey.oct.ifeAircom.EY_OCT_IFE_AIRCOM# ConstructFixedLengthResp.validateMaster"/>
<ConfigurableProperty override="http://localhost:8080/Thales" uri="ey.oct.ifeAircom.EY_OCT_IFE_AIRCOM#InvokeRestAPI.URLSpecifier"/>
<ConfigurableProperty uri="ey.oct.ifeAircom.EY_OCT_IFE_AIRCOM#InvokeRestAPI.timeoutForServer"/>
<ConfigurableProperty uri="ey.oct.ifeAircom.EY_OCT_IFE_AIRCOM#InvokeRestAPI.httpProxyLocation"/>
<ConfigurableProperty override="1.1" uri="ey.oct.ifeAircom.EY_OCT_IFE_AIRCOM#InvokeRestAPI.httpVersion"/>
<ConfigurableProperty uri="ey.oct.ifeAircom.EY_OCT_IFE_AIRCOM#InvokeRestAPI.enableKeepAlive"/>
<ConfigurableProperty uri="ey.oct.ifeAircom.EY_OCT_IFE_AIRCOM#InvokeRestAPI.requestCompressionType"/>
<ConfigurableProperty override="TLSv1.2" uri="ey.oct.ifeAircom.EY_OCT_IFE_AIRCOM#InvokeRestAPI.protocol"/>
<ConfigurableProperty uri="ey.oct.ifeAircom.EY_OCT_IFE_AIRCOM#InvokeRestAPI.allowedCiphers"/>
<ConfigurableProperty uri="ey.oct.ifeAircom.EY_OCT_IFE_AIRCOM#InvokeRestAPI.hostnameChecking"/>
<ConfigurableProperty uri="ey.oct.ifeAircom.EY_OCT_IFE_AIRCOM#InvokeRestAPI.keyAlias"/>
<ConfigurableProperty uri="ey.oct.ifeAircom.EY_OCT_IFE_AIRCOM#InvokeRestAPI.enableCRLCheck"/>
<ConfigurableProperty uri="ey.oct.ifeAircom.EY_OCT_IFE_AIRCOM#InvokeRestAPI.acceptCompressedResponses"/>
<ConfigurableProperty uri="ey.oct.ifeAircom.EY_OCT_IFE_AIRCOM#InvokeRestAPI.validateMaster"/>
<ConfigurableProperty uri="ey.oct.ifeAircom.EY_OCT_IFE_AIRCOM#InvokeRestAPI.securityProfileName"/>
<ConfigurableProperty override="EY_OCT_IFE_AIRCOM" uri="ey.oct.ifeAircom.EY_OCT_IFE_AIRCOM#AuditLogger.InterfaceID"/>
<ConfigurableProperty override="IFE Request Received" uri="ey.oct.ifeAircom.EY_OCT_IFE_AIRCOM#AuditLogger.StatusText"/>
<ConfigurableProperty uri="ey.oct.ifeAircom.EY_OCT_IFE_AIRCOM#AuditLogger.ProcessStep"/>
<ConfigurableProperty uri="ey.oct.ifeAircom.EY_OCT_IFE_AIRCOM#AuditLogger.IsMsgDetailsRequired"/>
<ConfigurableProperty uri="ey.oct.ifeAircom.EY_OCT_IFE_AIRCOM#AuditLogger.IsPayloadRequired"/>
<ConfigurableProperty override="CSV" uri="ey.oct.ifeAircom.EY_OCT_IFE_AIRCOM#AuditLogger.MsgFormat"/>
<ConfigurableProperty override="I" uri="ey.oct.ifeAircom.EY_OCT_IFE_AIRCOM#AuditLogger.DataDirection"/>
<ConfigurableProperty uri="ey.oct.ifeAircom.EY_OCT_IFE_AIRCOM#AuditLogger.CharacterSet"/>
<ConfigurableProperty uri="ey.oct.ifeAircom.EY_OCT_IFE_AIRCOM#AuditLogger.MessageSizeInMB"/>
<ConfigurableProperty uri="ey.oct.ifeAircom.EY_OCT_IFE_AIRCOM#AuditLogger.MsgType"/>
<ConfigurableProperty override="true" uri="ey.oct.ifeAircom.EY_OCT_IFE_AIRCOM#AuditLogger.IsAuditLogRequired"/>
<ConfigurableProperty uri="ey.oct.ifeAircom.EY_OCT_IFE_AIRCOM#AuditLogger.IsParentChildRelationRequired"/>
<ConfigurableProperty uri="ey.oct.ifeAircom.EY_OCT_IFE_AIRCOM#AuditLogger.AuditFileRequired"/>
<ConfigurableProperty override="IFE Fixed Length Response" uri="ey.oct.ifeAircom.EY_OCT_IFE_AIRCOM#CaptureLog.StatusText"/>
<ConfigurableProperty uri="ey.oct.ifeAircom.EY_OCT_IFE_AIRCOM#CaptureLog.IsMsgDetailsRequired"/>
<ConfigurableProperty uri="ey.oct.ifeAircom.EY_OCT_IFE_AIRCOM#CaptureLog.IsPayloadRequired"/>
<ConfigurableProperty override="FixedLength" uri="ey.oct.ifeAircom.EY_OCT_IFE_AIRCOM#CaptureLog.MsgFormat"/>
<ConfigurableProperty override="O" uri="ey.oct.ifeAircom.EY_OCT_IFE_AIRCOM#CaptureLog.DataDirection"/>
<ConfigurableProperty uri="ey.oct.ifeAircom.EY_OCT_IFE_AIRCOM#CaptureLog.CharacterSet"/>
<ConfigurableProperty uri="ey.oct.ifeAircom.EY_OCT_IFE_AIRCOM#CaptureLog.MessageSizeInMB"/>
<ConfigurableProperty override="3b" uri="ey.oct.ifeAircom.EY_OCT_IFE_AIRCOM#CaptureLog.ProcessStep"/>
<ConfigurableProperty uri="ey.oct.ifeAircom.EY_OCT_IFE_AIRCOM#CaptureLog.IsParentChildRelationRequired"/>
<ConfigurableProperty override="contentAndValue" uri="ey.oct.ifeAircom.EY_OCT_IFE_AIRCOM#ValidateRespMessage.validateMaster"/>
<ConfigurableProperty uri="ey.oct.ifeAircom.EY_OCT_IFE_AIRCOM#ConstructErrorResMsg.dataSource"/>
<ConfigurableProperty uri="ey.oct.ifeAircom.EY_OCT_IFE_AIRCOM#ConstructErrorResMsg.connectDatasourceBeforeFlowStarts"/>
<ConfigurableProperty uri="ey.oct.ifeAircom.EY_OCT_IFE_AIRCOM#ConstructErrorResMsg.validateMaster"/>
<ConfigurableProperty uri="ey.oct.ifeAircom.EY_OCT_IFE_AIRCOM#ExportResponseToFile.outputDirectory"/>
<ConfigurableProperty uri="ey.oct.ifeAircom.EY_OCT_IFE_AIRCOM#ExportResponseToFile.outputFilename"/>
<ConfigurableProperty uri="ey.oct.ifeAircom.EY_OCT_IFE_AIRCOM#ExportResponseToFile.requestDirectoryLocation"/>
<ConfigurableProperty uri="ey.oct.ifeAircom.EY_OCT_IFE_AIRCOM#ExportResponseToFile.requestNameLocation"/>
<ConfigurableProperty uri="ey.oct.ifeAircom.EY_OCT_IFE_AIRCOM#ExportResponseToFile.recordDelimiter"/>
<ConfigurableProperty uri="ey.oct.ifeAircom.EY_OCT_IFE_AIRCOM#ExportResponseToFile.customDelimiter"/>
<ConfigurableProperty uri="ey.oct.ifeAircom.EY_OCT_IFE_AIRCOM#ExportResponseToFile.validateMaster"/>
<ConfigurableProperty uri="ey.oct.ifeAircom.EY_OCT_IFE_AIRCOM#ExportResponseToFile.fileFtp"/>
<ConfigurableProperty uri="ey.oct.ifeAircom.EY_OCT_IFE_AIRCOM#ExportResponseToFile.remoteTransferType"/>
<ConfigurableProperty uri="ey.oct.ifeAircom.EY_OCT_IFE_AIRCOM#ExportResponseToFile.fileFtpServer"/>
<ConfigurableProperty uri="ey.oct.ifeAircom.EY_OCT_IFE_AIRCOM#ExportResponseToFile.fileFtpUser"/>
<ConfigurableProperty uri="ey.oct.ifeAircom.EY_OCT_IFE_AIRCOM#ExportResponseToFile.fileFtpDirectory"/>
<ConfigurableProperty uri="ey.oct.ifeAircom.EY_OCT_IFE_AIRCOM#SetFileName.dataSource"/>
<ConfigurableProperty uri="ey.oct.ifeAircom.EY_OCT_IFE_AIRCOM#SetFileName.connectDatasourceBeforeFlowStarts"/>
<ConfigurableProperty uri="ey.oct.ifeAircom.EY_OCT_IFE_AIRCOM#SetFileName.validateMaster"/>
<ConfigurableProperty uri="ey.oct.ifeAircom.EY_OCT_IFE_AIRCOM#File Read.filenamePattern"/>
<ConfigurableProperty uri="ey.oct.ifeAircom.EY_OCT_IFE_AIRCOM#File Read.messageCodedCharSetIdProperty"/>
<ConfigurableProperty uri="ey.oct.ifeAircom.EY_OCT_IFE_AIRCOM#File Read.messageEncodingProperty"/>
<ConfigurableProperty uri="ey.oct.ifeAircom.EY_OCT_IFE_AIRCOM#File Read.recordDelimiter"/>
<ConfigurableProperty uri="ey.oct.ifeAircom.EY_OCT_IFE_AIRCOM#File Read.customDelimiter"/>
<ConfigurableProperty uri="ey.oct.ifeAircom.EY_OCT_IFE_AIRCOM#File Read.validateMaster"/>
<ConfigurableProperty uri="ey.oct.ifeAircom.EY_OCT_IFE_AIRCOM#File Read.fileFtp"/>
<ConfigurableProperty uri="ey.oct.ifeAircom.EY_OCT_IFE_AIRCOM#File Read.deleteRemoteFileOnTransfer"/>
<ConfigurableProperty uri="ey.oct.ifeAircom.EY_OCT_IFE_AIRCOM#File Read.remoteTransferType"/>
<ConfigurableProperty uri="ey.oct.ifeAircom.EY_OCT_IFE_AIRCOM#File Read.fileFtpServer"/>
<ConfigurableProperty uri="ey.oct.ifeAircom.EY_OCT_IFE_AIRCOM#File Read.fileFtpUser"/>
<ConfigurableProperty uri="ey.oct.ifeAircom.EY_OCT_IFE_AIRCOM#File Read.fileFtpDirectory"/>
<ConfigurableProperty uri="ey.oct.ifeAircom.EY_OCT_IFE_AIRCOM#ConstructErrorMessage.dataSource"/>
<ConfigurableProperty uri="ey.oct.ifeAircom.EY_OCT_IFE_AIRCOM#ConstructErrorMessage.connectDatasourceBeforeFlowStarts"/>
<ConfigurableProperty uri="ey.oct.ifeAircom.EY_OCT_IFE_AIRCOM#ConstructErrorMessage.validateMaster"/>
</CompiledMessageFlow>
</Broker>