<?xml version="1.0" encoding="UTF-8"?><Broker>
<CompiledApplication>
<ConfigurableProperty uri="startMode"/>
</CompiledApplication>
<CompiledMessageFlow name="ey.oct.groundplus.EY_OCT_GROUNDPLUS">
<ConfigurableProperty uri="ey.oct.groundplus.EY_OCT_GROUNDPLUS#additionalInstances"/>
<ConfigurableProperty uri="ey.oct.groundplus.EY_OCT_GROUNDPLUS#notificationThresholdMsgsPerSec"/>
<ConfigurableProperty uri="ey.oct.groundplus.EY_OCT_GROUNDPLUS#maximumRateMsgsPerSec"/>
<ConfigurableProperty uri="ey.oct.groundplus.EY_OCT_GROUNDPLUS#processingTimeoutSec"/>
<ConfigurableProperty uri="ey.oct.groundplus.EY_OCT_GROUNDPLUS#processingTimeoutAction"/>
<ConfigurableProperty uri="ey.oct.groundplus.EY_OCT_GROUNDPLUS#wlmPolicy"/>
<ConfigurableProperty uri="ey.oct.groundplus.EY_OCT_GROUNDPLUS#commitCount"/>
<ConfigurableProperty uri="ey.oct.groundplus.EY_OCT_GROUNDPLUS#commitInterval"/>
<ConfigurableProperty uri="ey.oct.groundplus.EY_OCT_GROUNDPLUS#coordinatedTransaction"/>
<ConfigurableProperty uri="ey.oct.groundplus.EY_OCT_GROUNDPLUS#consumerPolicySet"/>
<ConfigurableProperty uri="ey.oct.groundplus.EY_OCT_GROUNDPLUS#providerPolicySet"/>
<ConfigurableProperty uri="ey.oct.groundplus.EY_OCT_GROUNDPLUS#consumerPolicySetBindings"/>
<ConfigurableProperty uri="ey.oct.groundplus.EY_OCT_GROUNDPLUS#providerPolicySetBindings"/>
<ConfigurableProperty uri="ey.oct.groundplus.EY_OCT_GROUNDPLUS#securityProfileName"/>
<ConfigurableProperty uri="ey.oct.groundplus.EY_OCT_GROUNDPLUS#monitoringProfile"/>
<ConfigurableProperty uri="ey.oct.groundplus.EY_OCT_GROUNDPLUS#startMode"/>
<ConfigurableProperty uri="ey.oct.groundplus.EY_OCT_GROUNDPLUS#startInstancesWhenFlowStarts"/>
<ConfigurableProperty override="EY_A_OPSESB_SS_FSUPDATE_ONDEMAND_GRDPLUS_CA" uri="ey.oct.groundplus.EY_OCT_GROUNDPLUS#GroundPlusInputQueue.queueName"/>
<ConfigurableProperty uri="ey.oct.groundplus.EY_OCT_GROUNDPLUS#GroundPlusInputQueue.connection"/>
<ConfigurableProperty uri="ey.oct.groundplus.EY_OCT_GROUNDPLUS#GroundPlusInputQueue.destinationQueueManagerName"/>
<ConfigurableProperty uri="ey.oct.groundplus.EY_OCT_GROUNDPLUS#GroundPlusInputQueue.queueManagerHostname"/>
<ConfigurableProperty uri="ey.oct.groundplus.EY_OCT_GROUNDPLUS#GroundPlusInputQueue.listenerPortNumber"/>
<ConfigurableProperty uri="ey.oct.groundplus.EY_OCT_GROUNDPLUS#GroundPlusInputQueue.channelName"/>
<ConfigurableProperty uri="ey.oct.groundplus.EY_OCT_GROUNDPLUS#GroundPlusInputQueue.securityIdentity"/>
<ConfigurableProperty uri="ey.oct.groundplus.EY_OCT_GROUNDPLUS#GroundPlusInputQueue.useSSL"/>
<ConfigurableProperty uri="ey.oct.groundplus.EY_OCT_GROUNDPLUS#GroundPlusInputQueue.SSLPeerName"/>
<ConfigurableProperty uri="ey.oct.groundplus.EY_OCT_GROUNDPLUS#GroundPlusInputQueue.SSLCipherSpec"/>
<ConfigurableProperty uri="ey.oct.groundplus.EY_OCT_GROUNDPLUS#GroundPlusInputQueue.serializationToken"/>
<ConfigurableProperty uri="ey.oct.groundplus.EY_OCT_GROUNDPLUS#GroundPlusInputQueue.topicProperty"/>
<ConfigurableProperty uri="ey.oct.groundplus.EY_OCT_GROUNDPLUS#GroundPlusInputQueue.resetBrowseTimeout"/>
<ConfigurableProperty uri="ey.oct.groundplus.EY_OCT_GROUNDPLUS#GroundPlusInputQueue.validateMaster"/>
<ConfigurableProperty uri="ey.oct.groundplus.EY_OCT_GROUNDPLUS#GroundPlusInputQueue.securityProfileName"/>
<ConfigurableProperty uri="ey.oct.groundplus.EY_OCT_GROUNDPLUS#GroundPlusInputQueue.componentLevel"/>
<ConfigurableProperty uri="ey.oct.groundplus.EY_OCT_GROUNDPLUS#GroundPlusInputQueue.additionalInstances"/>
<ConfigurableProperty uri="ey.oct.groundplus.EY_OCT_GROUNDPLUS#GroundPlusInputQueue.policyUrl"/>
<ConfigurableProperty override="XML Message Sent To Groundplus Output Queue" uri="ey.oct.groundplus.EY_OCT_GROUNDPLUS#CaptureLog.StatusText"/>
<ConfigurableProperty uri="ey.oct.groundplus.EY_OCT_GROUNDPLUS#CaptureLog.IsMsgDetailsRequired"/>
<ConfigurableProperty uri="ey.oct.groundplus.EY_OCT_GROUNDPLUS#CaptureLog.IsPayloadRequired"/>
<ConfigurableProperty uri="ey.oct.groundplus.EY_OCT_GROUNDPLUS#CaptureLog.MsgFormat"/>
<ConfigurableProperty override="O" uri="ey.oct.groundplus.EY_OCT_GROUNDPLUS#CaptureLog.DataDirection"/>
<ConfigurableProperty uri="ey.oct.groundplus.EY_OCT_GROUNDPLUS#CaptureLog.CharacterSet"/>
<ConfigurableProperty uri="ey.oct.groundplus.EY_OCT_GROUNDPLUS#CaptureLog.MessageSizeInMB"/>
<ConfigurableProperty override="3b" uri="ey.oct.groundplus.EY_OCT_GROUNDPLUS#CaptureLog.ProcessStep"/>
<ConfigurableProperty uri="ey.oct.groundplus.EY_OCT_GROUNDPLUS#CaptureLog.IsParentChildRelationRequired"/>
<ConfigurableProperty override="EY.GRDPLUS.FLTSCHDAILY.TST.OUT" uri="ey.oct.groundplus.EY_OCT_GROUNDPLUS#GroundPlusOutputQueue.queueName"/>
<ConfigurableProperty uri="ey.oct.groundplus.EY_OCT_GROUNDPLUS#GroundPlusOutputQueue.connection"/>
<ConfigurableProperty uri="ey.oct.groundplus.EY_OCT_GROUNDPLUS#GroundPlusOutputQueue.destinationQueueManagerName"/>
<ConfigurableProperty uri="ey.oct.groundplus.EY_OCT_GROUNDPLUS#GroundPlusOutputQueue.queueManagerHostname"/>
<ConfigurableProperty uri="ey.oct.groundplus.EY_OCT_GROUNDPLUS#GroundPlusOutputQueue.listenerPortNumber"/>
<ConfigurableProperty uri="ey.oct.groundplus.EY_OCT_GROUNDPLUS#GroundPlusOutputQueue.channelName"/>
<ConfigurableProperty uri="ey.oct.groundplus.EY_OCT_GROUNDPLUS#GroundPlusOutputQueue.securityIdentity"/>
<ConfigurableProperty uri="ey.oct.groundplus.EY_OCT_GROUNDPLUS#GroundPlusOutputQueue.useSSL"/>
<ConfigurableProperty uri="ey.oct.groundplus.EY_OCT_GROUNDPLUS#GroundPlusOutputQueue.SSLPeerName"/>
<ConfigurableProperty uri="ey.oct.groundplus.EY_OCT_GROUNDPLUS#GroundPlusOutputQueue.SSLCipherSpec"/>
<ConfigurableProperty uri="ey.oct.groundplus.EY_OCT_GROUNDPLUS#GroundPlusOutputQueue.queueManagerName"/>
<ConfigurableProperty uri="ey.oct.groundplus.EY_OCT_GROUNDPLUS#GroundPlusOutputQueue.replyToQMgr"/>
<ConfigurableProperty uri="ey.oct.groundplus.EY_OCT_GROUNDPLUS#GroundPlusOutputQueue.replyToQ"/>
<ConfigurableProperty uri="ey.oct.groundplus.EY_OCT_GROUNDPLUS#GroundPlusOutputQueue.validateMaster"/>
<ConfigurableProperty uri="ey.oct.groundplus.EY_OCT_GROUNDPLUS#GroundPlusOutputQueue.securityProfileName"/>
<ConfigurableProperty uri="ey.oct.groundplus.EY_OCT_GROUNDPLUS#GroundPlusOutputQueue.policyUrl"/>
<ConfigurableProperty uri="ey.oct.groundplus.EY_OCT_GROUNDPLUS#GroundPlusOutputQueue.AddRequestToGroup"/>
<ConfigurableProperty uri="ey.oct.groundplus.EY_OCT_GROUNDPLUS#GroundPlusOutputQueue.GroupRequestFolderName"/>
<ConfigurableProperty uri="ey.oct.groundplus.EY_OCT_GROUNDPLUS#GroundPlusOutputQueue.GroupRequestTimeout"/>
<ConfigurableProperty override="contentAndValue" uri="ey.oct.groundplus.EY_OCT_GROUNDPLUS#ValidateRespMessage.validateMaster"/>
<ConfigurableProperty override="EY_OCT_GROUNDPLUS" uri="ey.oct.groundplus.EY_OCT_GROUNDPLUS#AuditLogger.InterfaceID"/>
<ConfigurableProperty override="Received Message From OnDemand Shared Service" uri="ey.oct.groundplus.EY_OCT_GROUNDPLUS#AuditLogger.StatusText"/>
<ConfigurableProperty uri="ey.oct.groundplus.EY_OCT_GROUNDPLUS#AuditLogger.ProcessStep"/>
<ConfigurableProperty uri="ey.oct.groundplus.EY_OCT_GROUNDPLUS#AuditLogger.IsMsgDetailsRequired"/>
<ConfigurableProperty uri="ey.oct.groundplus.EY_OCT_GROUNDPLUS#AuditLogger.IsPayloadRequired"/>
<ConfigurableProperty uri="ey.oct.groundplus.EY_OCT_GROUNDPLUS#AuditLogger.MsgFormat"/>
<ConfigurableProperty override="I" uri="ey.oct.groundplus.EY_OCT_GROUNDPLUS#AuditLogger.DataDirection"/>
<ConfigurableProperty uri="ey.oct.groundplus.EY_OCT_GROUNDPLUS#AuditLogger.CharacterSet"/>
<ConfigurableProperty uri="ey.oct.groundplus.EY_OCT_GROUNDPLUS#AuditLogger.MessageSizeInMB"/>
<ConfigurableProperty uri="ey.oct.groundplus.EY_OCT_GROUNDPLUS#AuditLogger.MsgType"/>
<ConfigurableProperty override="true" uri="ey.oct.groundplus.EY_OCT_GROUNDPLUS#AuditLogger.IsAuditLogRequired"/>
<ConfigurableProperty uri="ey.oct.groundplus.EY_OCT_GROUNDPLUS#AuditLogger.IsParentChildRelationRequired"/>
<ConfigurableProperty uri="ey.oct.groundplus.EY_OCT_GROUNDPLUS#AuditLogger.AuditFileRequired"/>
<ConfigurableProperty uri="ey.oct.groundplus.EY_OCT_GROUNDPLUS#ConstructResp.dataSource"/>
<ConfigurableProperty uri="ey.oct.groundplus.EY_OCT_GROUNDPLUS#ConstructResp.connectDatasourceBeforeFlowStarts"/>
<ConfigurableProperty override="contentAndValue" uri="ey.oct.groundplus.EY_OCT_GROUNDPLUS#ConstructResp.validateMaster"/>
</CompiledMessageFlow>
</Broker>