<?xml version="1.0" encoding="UTF-8"?><Broker>
<CompiledApplication>
<ConfigurableProperty uri="startMode"/>
</CompiledApplication>
<CompiledMessageFlow name="ey.aodb.opsesb.EY_OPSESB_ODS_AODB_PUBLISHFLIGHTUPDATE">
<ConfigurableProperty uri="ey.aodb.opsesb.EY_OPSESB_ODS_AODB_PUBLISHFLIGHTUPDATE#additionalInstances"/>
<ConfigurableProperty uri="ey.aodb.opsesb.EY_OPSESB_ODS_AODB_PUBLISHFLIGHTUPDATE#notificationThresholdMsgsPerSec"/>
<ConfigurableProperty uri="ey.aodb.opsesb.EY_OPSESB_ODS_AODB_PUBLISHFLIGHTUPDATE#maximumRateMsgsPerSec"/>
<ConfigurableProperty uri="ey.aodb.opsesb.EY_OPSESB_ODS_AODB_PUBLISHFLIGHTUPDATE#processingTimeoutSec"/>
<ConfigurableProperty uri="ey.aodb.opsesb.EY_OPSESB_ODS_AODB_PUBLISHFLIGHTUPDATE#processingTimeoutAction"/>
<ConfigurableProperty uri="ey.aodb.opsesb.EY_OPSESB_ODS_AODB_PUBLISHFLIGHTUPDATE#wlmPolicy"/>
<ConfigurableProperty uri="ey.aodb.opsesb.EY_OPSESB_ODS_AODB_PUBLISHFLIGHTUPDATE#commitCount"/>
<ConfigurableProperty uri="ey.aodb.opsesb.EY_OPSESB_ODS_AODB_PUBLISHFLIGHTUPDATE#commitInterval"/>
<ConfigurableProperty uri="ey.aodb.opsesb.EY_OPSESB_ODS_AODB_PUBLISHFLIGHTUPDATE#coordinatedTransaction"/>
<ConfigurableProperty uri="ey.aodb.opsesb.EY_OPSESB_ODS_AODB_PUBLISHFLIGHTUPDATE#consumerPolicySet"/>
<ConfigurableProperty uri="ey.aodb.opsesb.EY_OPSESB_ODS_AODB_PUBLISHFLIGHTUPDATE#providerPolicySet"/>
<ConfigurableProperty uri="ey.aodb.opsesb.EY_OPSESB_ODS_AODB_PUBLISHFLIGHTUPDATE#consumerPolicySetBindings"/>
<ConfigurableProperty uri="ey.aodb.opsesb.EY_OPSESB_ODS_AODB_PUBLISHFLIGHTUPDATE#providerPolicySetBindings"/>
<ConfigurableProperty uri="ey.aodb.opsesb.EY_OPSESB_ODS_AODB_PUBLISHFLIGHTUPDATE#securityProfileName"/>
<ConfigurableProperty uri="ey.aodb.opsesb.EY_OPSESB_ODS_AODB_PUBLISHFLIGHTUPDATE#monitoringProfile"/>
<ConfigurableProperty uri="ey.aodb.opsesb.EY_OPSESB_ODS_AODB_PUBLISHFLIGHTUPDATE#startMode"/>
<ConfigurableProperty uri="ey.aodb.opsesb.EY_OPSESB_ODS_AODB_PUBLISHFLIGHTUPDATE#startInstancesWhenFlowStarts"/>
<ConfigurableProperty override="24" uri="ey.aodb.opsesb.EY_OPSESB_ODS_AODB_PUBLISHFLIGHTUPDATE#LEFT_TFRAME"/>
<ConfigurableProperty override="72" uri="ey.aodb.opsesb.EY_OPSESB_ODS_AODB_PUBLISHFLIGHTUPDATE#RIGHT_TFRAME"/>
<ConfigurableProperty override="'BLND','DEAF','MEDA','STCR','WCHC','WCHR','WCHS','UMNR'" uri="ey.aodb.opsesb.EY_OPSESB_ODS_AODB_PUBLISHFLIGHTUPDATE#ALLOWED_SSR"/>
<ConfigurableProperty override="OPSESB_TST" uri="ey.aodb.opsesb.EY_OPSESB_ODS_AODB_PUBLISHFLIGHTUPDATE#DB_Name"/>
<ConfigurableProperty override="ops_ods" uri="ey.aodb.opsesb.EY_OPSESB_ODS_AODB_PUBLISHFLIGHTUPDATE#DB_Schema"/>
<ConfigurableProperty override="true" uri="ey.aodb.opsesb.EY_OPSESB_ODS_AODB_PUBLISHFLIGHTUPDATE#LockDownFilter"/>
<ConfigurableProperty override="OPSESB_TST" uri="ey.aodb.opsesb.EY_OPSESB_ODS_AODB_PUBLISHFLIGHTUPDATE#dataSource"/>
<ConfigurableProperty override="EY_A_OPSESB_AODB_FLIGHTDATA_IN_01" uri="ey.aodb.opsesb.EY_OPSESB_ODS_AODB_PUBLISHFLIGHTUPDATE#EY_A_OPSESB_AODB_FLIGHTDATA_IN_01.queueName"/>
<ConfigurableProperty uri="ey.aodb.opsesb.EY_OPSESB_ODS_AODB_PUBLISHFLIGHTUPDATE#EY_A_OPSESB_AODB_FLIGHTDATA_IN_01.connection"/>
<ConfigurableProperty uri="ey.aodb.opsesb.EY_OPSESB_ODS_AODB_PUBLISHFLIGHTUPDATE#EY_A_OPSESB_AODB_FLIGHTDATA_IN_01.destinationQueueManagerName"/>
<ConfigurableProperty uri="ey.aodb.opsesb.EY_OPSESB_ODS_AODB_PUBLISHFLIGHTUPDATE#EY_A_OPSESB_AODB_FLIGHTDATA_IN_01.queueManagerHostname"/>
<ConfigurableProperty uri="ey.aodb.opsesb.EY_OPSESB_ODS_AODB_PUBLISHFLIGHTUPDATE#EY_A_OPSESB_AODB_FLIGHTDATA_IN_01.listenerPortNumber"/>
<ConfigurableProperty uri="ey.aodb.opsesb.EY_OPSESB_ODS_AODB_PUBLISHFLIGHTUPDATE#EY_A_OPSESB_AODB_FLIGHTDATA_IN_01.channelName"/>
<ConfigurableProperty uri="ey.aodb.opsesb.EY_OPSESB_ODS_AODB_PUBLISHFLIGHTUPDATE#EY_A_OPSESB_AODB_FLIGHTDATA_IN_01.securityIdentity"/>
<ConfigurableProperty uri="ey.aodb.opsesb.EY_OPSESB_ODS_AODB_PUBLISHFLIGHTUPDATE#EY_A_OPSESB_AODB_FLIGHTDATA_IN_01.useSSL"/>
<ConfigurableProperty uri="ey.aodb.opsesb.EY_OPSESB_ODS_AODB_PUBLISHFLIGHTUPDATE#EY_A_OPSESB_AODB_FLIGHTDATA_IN_01.SSLPeerName"/>
<ConfigurableProperty uri="ey.aodb.opsesb.EY_OPSESB_ODS_AODB_PUBLISHFLIGHTUPDATE#EY_A_OPSESB_AODB_FLIGHTDATA_IN_01.SSLCipherSpec"/>
<ConfigurableProperty uri="ey.aodb.opsesb.EY_OPSESB_ODS_AODB_PUBLISHFLIGHTUPDATE#EY_A_OPSESB_AODB_FLIGHTDATA_IN_01.serializationToken"/>
<ConfigurableProperty uri="ey.aodb.opsesb.EY_OPSESB_ODS_AODB_PUBLISHFLIGHTUPDATE#EY_A_OPSESB_AODB_FLIGHTDATA_IN_01.topicProperty"/>
<ConfigurableProperty uri="ey.aodb.opsesb.EY_OPSESB_ODS_AODB_PUBLISHFLIGHTUPDATE#EY_A_OPSESB_AODB_FLIGHTDATA_IN_01.resetBrowseTimeout"/>
<ConfigurableProperty uri="ey.aodb.opsesb.EY_OPSESB_ODS_AODB_PUBLISHFLIGHTUPDATE#EY_A_OPSESB_AODB_FLIGHTDATA_IN_01.validateMaster"/>
<ConfigurableProperty uri="ey.aodb.opsesb.EY_OPSESB_ODS_AODB_PUBLISHFLIGHTUPDATE#EY_A_OPSESB_AODB_FLIGHTDATA_IN_01.securityProfileName"/>
<ConfigurableProperty uri="ey.aodb.opsesb.EY_OPSESB_ODS_AODB_PUBLISHFLIGHTUPDATE#EY_A_OPSESB_AODB_FLIGHTDATA_IN_01.componentLevel"/>
<ConfigurableProperty uri="ey.aodb.opsesb.EY_OPSESB_ODS_AODB_PUBLISHFLIGHTUPDATE#EY_A_OPSESB_AODB_FLIGHTDATA_IN_01.additionalInstances"/>
<ConfigurableProperty uri="ey.aodb.opsesb.EY_OPSESB_ODS_AODB_PUBLISHFLIGHTUPDATE#EY_A_OPSESB_AODB_FLIGHTDATA_IN_01.policyUrl"/>
<ConfigurableProperty override="EY_A_OPSESB_AODB_FLIGHTDATA_01" uri="ey.aodb.opsesb.EY_OPSESB_ODS_AODB_PUBLISHFLIGHTUPDATE#EY_A_OPSESB_AODB_FLIGHTDATA_01.queueName"/>
<ConfigurableProperty uri="ey.aodb.opsesb.EY_OPSESB_ODS_AODB_PUBLISHFLIGHTUPDATE#EY_A_OPSESB_AODB_FLIGHTDATA_01.connection"/>
<ConfigurableProperty uri="ey.aodb.opsesb.EY_OPSESB_ODS_AODB_PUBLISHFLIGHTUPDATE#EY_A_OPSESB_AODB_FLIGHTDATA_01.destinationQueueManagerName"/>
<ConfigurableProperty uri="ey.aodb.opsesb.EY_OPSESB_ODS_AODB_PUBLISHFLIGHTUPDATE#EY_A_OPSESB_AODB_FLIGHTDATA_01.queueManagerHostname"/>
<ConfigurableProperty uri="ey.aodb.opsesb.EY_OPSESB_ODS_AODB_PUBLISHFLIGHTUPDATE#EY_A_OPSESB_AODB_FLIGHTDATA_01.listenerPortNumber"/>
<ConfigurableProperty uri="ey.aodb.opsesb.EY_OPSESB_ODS_AODB_PUBLISHFLIGHTUPDATE#EY_A_OPSESB_AODB_FLIGHTDATA_01.channelName"/>
<ConfigurableProperty uri="ey.aodb.opsesb.EY_OPSESB_ODS_AODB_PUBLISHFLIGHTUPDATE#EY_A_OPSESB_AODB_FLIGHTDATA_01.securityIdentity"/>
<ConfigurableProperty uri="ey.aodb.opsesb.EY_OPSESB_ODS_AODB_PUBLISHFLIGHTUPDATE#EY_A_OPSESB_AODB_FLIGHTDATA_01.useSSL"/>
<ConfigurableProperty uri="ey.aodb.opsesb.EY_OPSESB_ODS_AODB_PUBLISHFLIGHTUPDATE#EY_A_OPSESB_AODB_FLIGHTDATA_01.SSLPeerName"/>
<ConfigurableProperty uri="ey.aodb.opsesb.EY_OPSESB_ODS_AODB_PUBLISHFLIGHTUPDATE#EY_A_OPSESB_AODB_FLIGHTDATA_01.SSLCipherSpec"/>
<ConfigurableProperty uri="ey.aodb.opsesb.EY_OPSESB_ODS_AODB_PUBLISHFLIGHTUPDATE#EY_A_OPSESB_AODB_FLIGHTDATA_01.queueManagerName"/>
<ConfigurableProperty uri="ey.aodb.opsesb.EY_OPSESB_ODS_AODB_PUBLISHFLIGHTUPDATE#EY_A_OPSESB_AODB_FLIGHTDATA_01.replyToQMgr"/>
<ConfigurableProperty uri="ey.aodb.opsesb.EY_OPSESB_ODS_AODB_PUBLISHFLIGHTUPDATE#EY_A_OPSESB_AODB_FLIGHTDATA_01.replyToQ"/>
<ConfigurableProperty uri="ey.aodb.opsesb.EY_OPSESB_ODS_AODB_PUBLISHFLIGHTUPDATE#EY_A_OPSESB_AODB_FLIGHTDATA_01.validateMaster"/>
<ConfigurableProperty uri="ey.aodb.opsesb.EY_OPSESB_ODS_AODB_PUBLISHFLIGHTUPDATE#EY_A_OPSESB_AODB_FLIGHTDATA_01.securityProfileName"/>
<ConfigurableProperty uri="ey.aodb.opsesb.EY_OPSESB_ODS_AODB_PUBLISHFLIGHTUPDATE#EY_A_OPSESB_AODB_FLIGHTDATA_01.policyUrl"/>
<ConfigurableProperty uri="ey.aodb.opsesb.EY_OPSESB_ODS_AODB_PUBLISHFLIGHTUPDATE#EY_A_OPSESB_AODB_FLIGHTDATA_01.AddRequestToGroup"/>
<ConfigurableProperty uri="ey.aodb.opsesb.EY_OPSESB_ODS_AODB_PUBLISHFLIGHTUPDATE#EY_A_OPSESB_AODB_FLIGHTDATA_01.GroupRequestFolderName"/>
<ConfigurableProperty uri="ey.aodb.opsesb.EY_OPSESB_ODS_AODB_PUBLISHFLIGHTUPDATE#EY_A_OPSESB_AODB_FLIGHTDATA_01.GroupRequestTimeout"/>
<ConfigurableProperty override="EY_OPSESB_ODS_AODB_PUBLISHFLIGHTUPDATE" uri="ey.aodb.opsesb.EY_OPSESB_ODS_AODB_PUBLISHFLIGHTUPDATE#AuditLogger.InterfaceID"/>
<ConfigurableProperty override="Received Notification from Provider Adapter" uri="ey.aodb.opsesb.EY_OPSESB_ODS_AODB_PUBLISHFLIGHTUPDATE#AuditLogger.StatusText"/>
<ConfigurableProperty override="2a" uri="ey.aodb.opsesb.EY_OPSESB_ODS_AODB_PUBLISHFLIGHTUPDATE#AuditLogger.ProcessStep"/>
<ConfigurableProperty uri="ey.aodb.opsesb.EY_OPSESB_ODS_AODB_PUBLISHFLIGHTUPDATE#AuditLogger.IsMsgDetailsRequired"/>
<ConfigurableProperty uri="ey.aodb.opsesb.EY_OPSESB_ODS_AODB_PUBLISHFLIGHTUPDATE#AuditLogger.IsPayloadRequired"/>
<ConfigurableProperty uri="ey.aodb.opsesb.EY_OPSESB_ODS_AODB_PUBLISHFLIGHTUPDATE#AuditLogger.MsgFormat"/>
<ConfigurableProperty override="I" uri="ey.aodb.opsesb.EY_OPSESB_ODS_AODB_PUBLISHFLIGHTUPDATE#AuditLogger.DataDirection"/>
<ConfigurableProperty uri="ey.aodb.opsesb.EY_OPSESB_ODS_AODB_PUBLISHFLIGHTUPDATE#AuditLogger.CharacterSet"/>
<ConfigurableProperty uri="ey.aodb.opsesb.EY_OPSESB_ODS_AODB_PUBLISHFLIGHTUPDATE#AuditLogger.MessageSizeInMB"/>
<ConfigurableProperty uri="ey.aodb.opsesb.EY_OPSESB_ODS_AODB_PUBLISHFLIGHTUPDATE#AuditLogger.MsgType"/>
<ConfigurableProperty override="true" uri="ey.aodb.opsesb.EY_OPSESB_ODS_AODB_PUBLISHFLIGHTUPDATE#AuditLogger.IsAuditLogRequired"/>
<ConfigurableProperty uri="ey.aodb.opsesb.EY_OPSESB_ODS_AODB_PUBLISHFLIGHTUPDATE#AuditLogger.IsParentChildRelationRequired"/>
<ConfigurableProperty uri="ey.aodb.opsesb.EY_OPSESB_ODS_AODB_PUBLISHFLIGHTUPDATE#AuditLogger.AuditFileRequired"/>
<ConfigurableProperty override="EY_A_OPSESB_AODB_FLIGHTDATALOAD_IN_01" uri="ey.aodb.opsesb.EY_OPSESB_ODS_AODB_PUBLISHFLIGHTUPDATE#EY_A_OPSESB_AODB_FLIGHTDATALOAD_IN_01.queueName"/>
<ConfigurableProperty uri="ey.aodb.opsesb.EY_OPSESB_ODS_AODB_PUBLISHFLIGHTUPDATE#EY_A_OPSESB_AODB_FLIGHTDATALOAD_IN_01.connection"/>
<ConfigurableProperty uri="ey.aodb.opsesb.EY_OPSESB_ODS_AODB_PUBLISHFLIGHTUPDATE#EY_A_OPSESB_AODB_FLIGHTDATALOAD_IN_01.destinationQueueManagerName"/>
<ConfigurableProperty uri="ey.aodb.opsesb.EY_OPSESB_ODS_AODB_PUBLISHFLIGHTUPDATE#EY_A_OPSESB_AODB_FLIGHTDATALOAD_IN_01.queueManagerHostname"/>
<ConfigurableProperty uri="ey.aodb.opsesb.EY_OPSESB_ODS_AODB_PUBLISHFLIGHTUPDATE#EY_A_OPSESB_AODB_FLIGHTDATALOAD_IN_01.listenerPortNumber"/>
<ConfigurableProperty uri="ey.aodb.opsesb.EY_OPSESB_ODS_AODB_PUBLISHFLIGHTUPDATE#EY_A_OPSESB_AODB_FLIGHTDATALOAD_IN_01.channelName"/>
<ConfigurableProperty uri="ey.aodb.opsesb.EY_OPSESB_ODS_AODB_PUBLISHFLIGHTUPDATE#EY_A_OPSESB_AODB_FLIGHTDATALOAD_IN_01.securityIdentity"/>
<ConfigurableProperty uri="ey.aodb.opsesb.EY_OPSESB_ODS_AODB_PUBLISHFLIGHTUPDATE#EY_A_OPSESB_AODB_FLIGHTDATALOAD_IN_01.useSSL"/>
<ConfigurableProperty uri="ey.aodb.opsesb.EY_OPSESB_ODS_AODB_PUBLISHFLIGHTUPDATE#EY_A_OPSESB_AODB_FLIGHTDATALOAD_IN_01.SSLPeerName"/>
<ConfigurableProperty uri="ey.aodb.opsesb.EY_OPSESB_ODS_AODB_PUBLISHFLIGHTUPDATE#EY_A_OPSESB_AODB_FLIGHTDATALOAD_IN_01.SSLCipherSpec"/>
<ConfigurableProperty uri="ey.aodb.opsesb.EY_OPSESB_ODS_AODB_PUBLISHFLIGHTUPDATE#EY_A_OPSESB_AODB_FLIGHTDATALOAD_IN_01.serializationToken"/>
<ConfigurableProperty uri="ey.aodb.opsesb.EY_OPSESB_ODS_AODB_PUBLISHFLIGHTUPDATE#EY_A_OPSESB_AODB_FLIGHTDATALOAD_IN_01.topicProperty"/>
<ConfigurableProperty uri="ey.aodb.opsesb.EY_OPSESB_ODS_AODB_PUBLISHFLIGHTUPDATE#EY_A_OPSESB_AODB_FLIGHTDATALOAD_IN_01.resetBrowseTimeout"/>
<ConfigurableProperty uri="ey.aodb.opsesb.EY_OPSESB_ODS_AODB_PUBLISHFLIGHTUPDATE#EY_A_OPSESB_AODB_FLIGHTDATALOAD_IN_01.validateMaster"/>
<ConfigurableProperty uri="ey.aodb.opsesb.EY_OPSESB_ODS_AODB_PUBLISHFLIGHTUPDATE#EY_A_OPSESB_AODB_FLIGHTDATALOAD_IN_01.securityProfileName"/>
<ConfigurableProperty uri="ey.aodb.opsesb.EY_OPSESB_ODS_AODB_PUBLISHFLIGHTUPDATE#EY_A_OPSESB_AODB_FLIGHTDATALOAD_IN_01.componentLevel"/>
<ConfigurableProperty uri="ey.aodb.opsesb.EY_OPSESB_ODS_AODB_PUBLISHFLIGHTUPDATE#EY_A_OPSESB_AODB_FLIGHTDATALOAD_IN_01.additionalInstances"/>
<ConfigurableProperty uri="ey.aodb.opsesb.EY_OPSESB_ODS_AODB_PUBLISHFLIGHTUPDATE#EY_A_OPSESB_AODB_FLIGHTDATALOAD_IN_01.policyUrl"/>
<ConfigurableProperty override="Message Placed in AODB Consumer Queue" uri="ey.aodb.opsesb.EY_OPSESB_ODS_AODB_PUBLISHFLIGHTUPDATE#CaptureLog.StatusText"/>
<ConfigurableProperty uri="ey.aodb.opsesb.EY_OPSESB_ODS_AODB_PUBLISHFLIGHTUPDATE#CaptureLog.IsMsgDetailsRequired"/>
<ConfigurableProperty uri="ey.aodb.opsesb.EY_OPSESB_ODS_AODB_PUBLISHFLIGHTUPDATE#CaptureLog.IsPayloadRequired"/>
<ConfigurableProperty uri="ey.aodb.opsesb.EY_OPSESB_ODS_AODB_PUBLISHFLIGHTUPDATE#CaptureLog.MsgFormat"/>
<ConfigurableProperty override="O" uri="ey.aodb.opsesb.EY_OPSESB_ODS_AODB_PUBLISHFLIGHTUPDATE#CaptureLog.DataDirection"/>
<ConfigurableProperty uri="ey.aodb.opsesb.EY_OPSESB_ODS_AODB_PUBLISHFLIGHTUPDATE#CaptureLog.CharacterSet"/>
<ConfigurableProperty uri="ey.aodb.opsesb.EY_OPSESB_ODS_AODB_PUBLISHFLIGHTUPDATE#CaptureLog.MessageSizeInMB"/>
<ConfigurableProperty override="2c" uri="ey.aodb.opsesb.EY_OPSESB_ODS_AODB_PUBLISHFLIGHTUPDATE#CaptureLog.ProcessStep"/>
<ConfigurableProperty uri="ey.aodb.opsesb.EY_OPSESB_ODS_AODB_PUBLISHFLIGHTUPDATE#CaptureLog.IsParentChildRelationRequired"/>
<ConfigurableProperty override="Message created for AODB Consumer" uri="ey.aodb.opsesb.EY_OPSESB_ODS_AODB_PUBLISHFLIGHTUPDATE#CaptureLog1.StatusText"/>
<ConfigurableProperty uri="ey.aodb.opsesb.EY_OPSESB_ODS_AODB_PUBLISHFLIGHTUPDATE#CaptureLog1.IsMsgDetailsRequired"/>
<ConfigurableProperty uri="ey.aodb.opsesb.EY_OPSESB_ODS_AODB_PUBLISHFLIGHTUPDATE#CaptureLog1.IsPayloadRequired"/>
<ConfigurableProperty uri="ey.aodb.opsesb.EY_OPSESB_ODS_AODB_PUBLISHFLIGHTUPDATE#CaptureLog1.MsgFormat"/>
<ConfigurableProperty override="O" uri="ey.aodb.opsesb.EY_OPSESB_ODS_AODB_PUBLISHFLIGHTUPDATE#CaptureLog1.DataDirection"/>
<ConfigurableProperty uri="ey.aodb.opsesb.EY_OPSESB_ODS_AODB_PUBLISHFLIGHTUPDATE#CaptureLog1.CharacterSet"/>
<ConfigurableProperty uri="ey.aodb.opsesb.EY_OPSESB_ODS_AODB_PUBLISHFLIGHTUPDATE#CaptureLog1.MessageSizeInMB"/>
<ConfigurableProperty override="2b" uri="ey.aodb.opsesb.EY_OPSESB_ODS_AODB_PUBLISHFLIGHTUPDATE#CaptureLog1.ProcessStep"/>
<ConfigurableProperty uri="ey.aodb.opsesb.EY_OPSESB_ODS_AODB_PUBLISHFLIGHTUPDATE#CaptureLog1.IsParentChildRelationRequired"/>
<ConfigurableProperty uri="ey.aodb.opsesb.EY_OPSESB_ODS_AODB_PUBLISHFLIGHTUPDATE#CheckRetry.RetryIntervalInSec"/>
<ConfigurableProperty uri="ey.aodb.opsesb.EY_OPSESB_ODS_AODB_PUBLISHFLIGHTUPDATE#CheckRetry.MaxRetryCount"/>
<ConfigurableProperty override="1205,deadlock on lock resources with another process,53,Could not open a connection to SQL Server,08001,Connection refused" uri="ey.aodb.opsesb.EY_OPSESB_ODS_AODB_PUBLISHFLIGHTUPDATE#CheckRetry.ErrorCodes"/>
<ConfigurableProperty uri="ey.aodb.opsesb.EY_OPSESB_ODS_AODB_PUBLISHFLIGHTUPDATE#EY_OPSESB_ODS_AODB_PUBLISHFLIGHTUPDATE.connectDatasourceBeforeFlowStarts"/>
<ConfigurableProperty uri="ey.aodb.opsesb.EY_OPSESB_ODS_AODB_PUBLISHFLIGHTUPDATE#EY_OPSESB_ODS_AODB_PUBLISHFLIGHTUPDATE.validateMaster"/>
<ConfigurableProperty override="contentAndValue" uri="ey.aodb.opsesb.EY_OPSESB_ODS_AODB_PUBLISHFLIGHTUPDATE#Validate.validateMaster"/>
</CompiledMessageFlow>
</Broker>